Country,State,Year,Emission_Type,Emission
United States,Alabama,1990,Fossil_CO2,25871.992959019
United States,Florida,1990,Fossil_CO2,24669.096218698
United States,Georgia,1990,Fossil_CO2,32070.683542318
United States,Hawaii,1990,Fossil_CO2,2731.9802802373
United States,Idaho,1990,Fossil_CO2,2634.3108746092
United States,Illinois,1990,Fossil_CO2,47741.405187958
United States,Indiana,1990,Fossil_CO2,67185.491109145
United States,Iowa,1990,Fossil_CO2,24889.276140453
United States,Kansas,1990,Fossil_CO2,13532.449855268
United States,Kentucky,1990,Fossil_CO2,13434.281873917
United States,Louisiana,1990,Fossil_CO2,75407.412817002
United States,Alaska,1990,Fossil_CO2,10459.716145156
United States,Maine,1990,Fossil_CO2,2848.6760004411
United States,Maryland,1990,Fossil_CO2,8441.7499954403
United States,Massachusetts,1990,Fossil_CO2,6768.3012787775
United States,Michigan,1990,Fossil_CO2,31934.987520592
United States,Minnesota,1990,Fossil_CO2,13803.949453713
United States,Mississippi,1990,Fossil_CO2,48831.853095532
United States,Missouri,1990,Fossil_CO2,13263.61746426
United States,Montana,1990,Fossil_CO2,4890.4285919498
United States,Nebraska,1990,Fossil_CO2,5759.0800252531
United States,Nevada,1990,Fossil_CO2,2839.4316418626
United States,Arizona,1990,Fossil_CO2,8036.2114663138
United States,New Hampshire,1990,Fossil_CO2,1392.5092229983
United States,New Jersey,1990,Fossil_CO2,17724.983115471
United States,New Mexico,1990,Fossil_CO2,4644.9650012042
United States,New York,1990,Fossil_CO2,18790.592317951
United States,North Carolina,1990,Fossil_CO2,13231.287933807
United States,North Dakota,1990,Fossil_CO2,26834.86920216
United States,Ohio,1990,Fossil_CO2,46192.912140308
United States,Oklahoma,1990,Fossil_CO2,29988.201733534
United States,Oregon,1990,Fossil_CO2,9473.091110198
United States,Pennsylvania,1990,Fossil_CO2,35382.996867517
United States,Arkansas,1990,Fossil_CO2,17793.601898768
United States,Rhode Island,1990,Fossil_CO2,1770.9755800882
United States,South Carolina,1990,Fossil_CO2,11400.796881478
United States,South Dakota,1990,Fossil_CO2,1477.6972888862
United States,Tennessee,1990,Fossil_CO2,14905.479767791
United States,Texas,1990,Fossil_CO2,106011.91193545
United States,Utah,1990,Fossil_CO2,6712.5906745964
United States,Vermont,1990,Fossil_CO2,739.19965678366
United States,Virginia,1990,Fossil_CO2,15648.001029393
United States,Washington,1990,Fossil_CO2,22050.887949549
United States,West Virginia,1990,Fossil_CO2,6875.2980010996
United States,California,1990,Fossil_CO2,100087.49696556
United States,Wisconsin,1990,Fossil_CO2,15389.298805523
United States,Wyoming,1990,Fossil_CO2,3498.7648461576
United States,Colorado,1990,Fossil_CO2,13028.288650851
United States,Connecticut,1990,Fossil_CO2,3410.2069672924
United States,Delaware,1990,Fossil_CO2,7191.1334017301
United States,District of Columbia,1990,Fossil_CO2,317.39901211153
United States,Alabama,1991,Fossil_CO2,24661.539718548
United States,Florida,1991,Fossil_CO2,22825.186978175
United States,Georgia,1991,Fossil_CO2,30568.907375775
United States,Hawaii,1991,Fossil_CO2,2623.5132157585
United States,Idaho,1991,Fossil_CO2,2464.7137962853
United States,Illinois,1991,Fossil_CO2,44834.80886365
United States,Indiana,1991,Fossil_CO2,62247.510004169
United States,Iowa,1991,Fossil_CO2,24051.171902301
United States,Kansas,1991,Fossil_CO2,12758.36906938
United States,Kentucky,1991,Fossil_CO2,12748.220202833
United States,Louisiana,1991,Fossil_CO2,73780.315776241
United States,Alaska,1991,Fossil_CO2,10259.698781645
United States,Maine,1991,Fossil_CO2,2704.1055458582
United States,Maryland,1991,Fossil_CO2,7763.3835456702
United States,Massachusetts,1991,Fossil_CO2,6234.2124005838
United States,Michigan,1991,Fossil_CO2,29496.253357649
United States,Minnesota,1991,Fossil_CO2,13027.973262496
United States,Mississippi,1991,Fossil_CO2,46943.544478916
United States,Missouri,1991,Fossil_CO2,12308.984195489
United States,Montana,1991,Fossil_CO2,4652.0825166487
United States,Nebraska,1991,Fossil_CO2,5343.8936295572
United States,Nevada,1991,Fossil_CO2,2621.1402978686
United States,Arizona,1991,Fossil_CO2,7403.6147373992
United States,New Hampshire,1991,Fossil_CO2,1284.2048772311
United States,New Jersey,1991,Fossil_CO2,16703.715243819
United States,New Mexico,1991,Fossil_CO2,4399.2288217353
United States,New York,1991,Fossil_CO2,17454.164216312
United States,North Carolina,1991,Fossil_CO2,12350.145640024
United States,North Dakota,1991,Fossil_CO2,26553.164826106
United States,Ohio,1991,Fossil_CO2,42849.345485989
United States,Oklahoma,1991,Fossil_CO2,29049.785101784
United States,Oregon,1991,Fossil_CO2,8862.3110753775
United States,Pennsylvania,1991,Fossil_CO2,33485.030020555
United States,Arkansas,1991,Fossil_CO2,16948.398292081
United States,Rhode Island,1991,Fossil_CO2,1628.2318782616
United States,South Carolina,1991,Fossil_CO2,10684.90605554
United States,South Dakota,1991,Fossil_CO2,1359.7679261746
United States,Tennessee,1991,Fossil_CO2,14030.361460242
United States,Texas,1991,Fossil_CO2,101681.48158754
United States,Utah,1991,Fossil_CO2,6289.6676712711
United States,Vermont,1991,Fossil_CO2,683.54498417734
United States,Virginia,1991,Fossil_CO2,14674.887948003
United States,Washington,1991,Fossil_CO2,21099.585449065
United States,West Virginia,1991,Fossil_CO2,6382.317791809
United States,California,1991,Fossil_CO2,94220.571007678
United States,Wisconsin,1991,Fossil_CO2,14802.711070521
United States,Wyoming,1991,Fossil_CO2,3352.7854103673
United States,Colorado,1991,Fossil_CO2,12204.384148106
United States,Connecticut,1991,Fossil_CO2,3138.741748194
United States,Delaware,1991,Fossil_CO2,7002.5498739984
United States,District of Columbia,1991,Fossil_CO2,292.43904654117
United States,Alabama,1992,Fossil_CO2,22147.333367615
United States,Florida,1992,Fossil_CO2,22013.579737805
United States,Georgia,1992,Fossil_CO2,27856.625842532
United States,Hawaii,1992,Fossil_CO2,2668.2047668053
United States,Idaho,1992,Fossil_CO2,2361.6751333216
United States,Illinois,1992,Fossil_CO2,43525.357954081
United States,Indiana,1992,Fossil_CO2,55112.35994074
United States,Iowa,1992,Fossil_CO2,22806.923479412
United States,Kansas,1992,Fossil_CO2,12836.866718307
United States,Kentucky,1992,Fossil_CO2,12157.961242254
United States,Louisiana,1992,Fossil_CO2,70830.031715629
United States,Alaska,1992,Fossil_CO2,10013.15814951
United States,Maine,1992,Fossil_CO2,2051.5102591136
United States,Maryland,1992,Fossil_CO2,7704.8235156782
United States,Massachusetts,1992,Fossil_CO2,6214.5197767142
United States,Michigan,1992,Fossil_CO2,27282.728580611
United States,Minnesota,1992,Fossil_CO2,12464.997791956
United States,Mississippi,1992,Fossil_CO2,45215.330386571
United States,Missouri,1992,Fossil_CO2,12314.799733468
United States,Montana,1992,Fossil_CO2,4697.4404805541
United States,Nebraska,1992,Fossil_CO2,5109.8948493607
United States,Nevada,1992,Fossil_CO2,2630.8709874814
United States,Arizona,1992,Fossil_CO2,7419.6620020727
United States,New Hampshire,1992,Fossil_CO2,1267.1362559275
United States,New Jersey,1992,Fossil_CO2,16853.892234896
United States,New Mexico,1992,Fossil_CO2,4447.475027058
United States,New York,1992,Fossil_CO2,17445.454838824
United States,North Carolina,1992,Fossil_CO2,11683.202313414
United States,North Dakota,1992,Fossil_CO2,24972.624809064
United States,Ohio,1992,Fossil_CO2,39452.810736603
United States,Oklahoma,1992,Fossil_CO2,27879.364368617
United States,Oregon,1992,Fossil_CO2,8349.5888644034
United States,Pennsylvania,1992,Fossil_CO2,31777.33908946
United States,Arkansas,1992,Fossil_CO2,16707.387278709
United States,Rhode Island,1992,Fossil_CO2,1638.6183087138
United States,South Carolina,1992,Fossil_CO2,9924.6846784605
United States,South Dakota,1992,Fossil_CO2,1370.05281789
United States,Tennessee,1992,Fossil_CO2,13717.967208805
United States,Texas,1992,Fossil_CO2,102024.40958479
United States,Utah,1992,Fossil_CO2,6173.2578717039
United States,Vermont,1992,Fossil_CO2,660.54469891052
United States,Virginia,1992,Fossil_CO2,13369.858383784
United States,Washington,1992,Fossil_CO2,20469.908279526
United States,West Virginia,1992,Fossil_CO2,5850.037788028
United States,California,1992,Fossil_CO2,94898.921219512
United States,Wisconsin,1992,Fossil_CO2,13534.5940746
United States,Wyoming,1992,Fossil_CO2,3394.2002911556
United States,Colorado,1992,Fossil_CO2,11940.744830227
United States,Connecticut,1992,Fossil_CO2,3148.8451665379
United States,Delaware,1992,Fossil_CO2,7142.1889152377
United States,District of Columbia,1992,Fossil_CO2,294.7550430395
United States,Alabama,1993,Fossil_CO2,22609.10297072
United States,Florida,1993,Fossil_CO2,22889.650956592
United States,Georgia,1993,Fossil_CO2,29032.958076739
United States,Hawaii,1993,Fossil_CO2,2625.8985942545
United States,Idaho,1993,Fossil_CO2,2538.8553806895
United States,Illinois,1993,Fossil_CO2,44051.838034653
United States,Indiana,1993,Fossil_CO2,55492.48894498
United States,Iowa,1993,Fossil_CO2,22989.238519168
United States,Kansas,1993,Fossil_CO2,13091.209521262
United States,Kentucky,1993,Fossil_CO2,12400.068721796
United States,Louisiana,1993,Fossil_CO2,70989.348877727
United States,Alaska,1993,Fossil_CO2,10002.743313166
United States,Maine,1993,Fossil_CO2,2149.33824828
United States,Maryland,1993,Fossil_CO2,7965.7499957658
United States,Massachusetts,1993,Fossil_CO2,6205.3686878687
United States,Michigan,1993,Fossil_CO2,27776.223986696
United States,Minnesota,1993,Fossil_CO2,12915.616812333
United States,Mississippi,1993,Fossil_CO2,46118.282268993
United States,Missouri,1993,Fossil_CO2,12598.446045834
United States,Montana,1993,Fossil_CO2,4744.5894332078
United States,Nebraska,1993,Fossil_CO2,5236.8939001357
United States,Nevada,1993,Fossil_CO2,3042.8165617774
United States,Arizona,1993,Fossil_CO2,7905.3329059043
United States,New Hampshire,1993,Fossil_CO2,1298.2886619065
United States,New Jersey,1993,Fossil_CO2,16991.670339634
United States,New Mexico,1993,Fossil_CO2,4622.4147863854
United States,New York,1993,Fossil_CO2,17432.584138725
United States,North Carolina,1993,Fossil_CO2,12575.777855877
United States,North Dakota,1993,Fossil_CO2,25659.135476286
United States,Ohio,1993,Fossil_CO2,40100.782227572
United States,Oklahoma,1993,Fossil_CO2,27968.646319366
United States,Oregon,1993,Fossil_CO2,8544.2896869193
United States,Pennsylvania,1993,Fossil_CO2,32183.907783093
United States,Arkansas,1993,Fossil_CO2,17087.019634573
United States,Rhode Island,1993,Fossil_CO2,1612.4294622944
United States,South Carolina,1993,Fossil_CO2,10304.573955662
United States,South Dakota,1993,Fossil_CO2,1480.5018391358
United States,Tennessee,1993,Fossil_CO2,14278.194206868
United States,Texas,1993,Fossil_CO2,104248.37457694
United States,Utah,1993,Fossil_CO2,6442.9054883792
United States,Vermont,1993,Fossil_CO2,686.58354302221
United States,Virginia,1993,Fossil_CO2,13911.496182249
United States,Washington,1993,Fossil_CO2,20577.508748903
United States,West Virginia,1993,Fossil_CO2,5846.3372722826
United States,California,1993,Fossil_CO2,96519.203926427
United States,Wisconsin,1993,Fossil_CO2,14443.067124375
United States,Wyoming,1993,Fossil_CO2,3408.2193722166
United States,Colorado,1993,Fossil_CO2,12221.076753613
United States,Connecticut,1993,Fossil_CO2,3163.3254176521
United States,Delaware,1993,Fossil_CO2,7223.3059195985
United States,District of Columbia,1993,Fossil_CO2,287.98689878347
United States,Alabama,1994,Fossil_CO2,23139.477645466
United States,Florida,1994,Fossil_CO2,22931.946947239
United States,Georgia,1994,Fossil_CO2,29015.477653224
United States,Hawaii,1994,Fossil_CO2,2638.2030762664
United States,Idaho,1994,Fossil_CO2,2541.543440011
United States,Illinois,1994,Fossil_CO2,44531.664262505
United States,Indiana,1994,Fossil_CO2,56782.411481966
United States,Iowa,1994,Fossil_CO2,23120.687421842
United States,Kansas,1994,Fossil_CO2,13345.122154933
United States,Kentucky,1994,Fossil_CO2,12311.185407209
United States,Louisiana,1994,Fossil_CO2,71139.280281617
United States,Alaska,1994,Fossil_CO2,10047.172870915
United States,Maine,1994,Fossil_CO2,2081.4571879647
United States,Maryland,1994,Fossil_CO2,8170.2150134689
United States,Massachusetts,1994,Fossil_CO2,6237.6525888711
United States,Michigan,1994,Fossil_CO2,28365.821206902
United States,Minnesota,1994,Fossil_CO2,13231.335824926
United States,Mississippi,1994,Fossil_CO2,47122.516195079
United States,Missouri,1994,Fossil_CO2,12757.847638173
United States,Montana,1994,Fossil_CO2,4733.2905971211
United States,Nebraska,1994,Fossil_CO2,5293.1172463509
United States,Nevada,1994,Fossil_CO2,3062.0596291959
United States,Arizona,1994,Fossil_CO2,7951.8944559208
United States,New Hampshire,1994,Fossil_CO2,1303.561949411
United States,New Jersey,1994,Fossil_CO2,17515.1159376
United States,New Mexico,1994,Fossil_CO2,4646.7684643224
United States,New York,1994,Fossil_CO2,17584.418798933
United States,North Carolina,1994,Fossil_CO2,12510.045543233
United States,North Dakota,1994,Fossil_CO2,25812.956365037
United States,Ohio,1994,Fossil_CO2,40798.091554388
United States,Oklahoma,1994,Fossil_CO2,28094.712645319
United States,Oregon,1994,Fossil_CO2,8489.5070772497
United States,Pennsylvania,1994,Fossil_CO2,33008.974979406
United States,Arkansas,1994,Fossil_CO2,17178.196613719
United States,Rhode Island,1994,Fossil_CO2,1622.5755856105
United States,South Carolina,1994,Fossil_CO2,10250.157003692
United States,South Dakota,1994,Fossil_CO2,1491.533064024
United States,Tennessee,1994,Fossil_CO2,14285.573452746
United States,Texas,1994,Fossil_CO2,104830.26451227
United States,Utah,1994,Fossil_CO2,6479.2721991963
United States,Vermont,1994,Fossil_CO2,687.60985862909
United States,Virginia,1994,Fossil_CO2,13872.644635795
United States,Washington,1994,Fossil_CO2,20449.035287338
United States,West Virginia,1994,Fossil_CO2,5906.3514050495
United States,California,1994,Fossil_CO2,97674.558081177
United States,Wisconsin,1994,Fossil_CO2,14393.267943415
United States,Wyoming,1994,Fossil_CO2,3476.780961166
United States,Colorado,1994,Fossil_CO2,12313.380816337
United States,Connecticut,1994,Fossil_CO2,3182.496495644
United States,Delaware,1994,Fossil_CO2,7252.914386368
United States,District of Columbia,1994,Fossil_CO2,289.94626189348
United States,Alabama,1995,Fossil_CO2,26303.509180774
United States,Florida,1995,Fossil_CO2,16610.838517227
United States,Georgia,1995,Fossil_CO2,28503.845033631
United States,Hawaii,1995,Fossil_CO2,2230.6293663418
United States,Idaho,1995,Fossil_CO2,2205.3095483232
United States,Illinois,1995,Fossil_CO2,37878.591555988
United States,Indiana,1995,Fossil_CO2,66348.282599181
United States,Iowa,1995,Fossil_CO2,22612.569087151
United States,Kansas,1995,Fossil_CO2,13012.072422016
United States,Kentucky,1995,Fossil_CO2,15459.963506827
United States,Louisiana,1995,Fossil_CO2,74601.993479622
United States,Alaska,1995,Fossil_CO2,10410.822945591
United States,Maine,1995,Fossil_CO2,3210.0126799293
United States,Maryland,1995,Fossil_CO2,5539.1335469117
United States,Massachusetts,1995,Fossil_CO2,3897.1245813134
United States,Michigan,1995,Fossil_CO2,27564.489276371
United States,Minnesota,1995,Fossil_CO2,11673.591997933
United States,Mississippi,1995,Fossil_CO2,58370.405799752
United States,Missouri,1995,Fossil_CO2,10922.23621374
United States,Montana,1995,Fossil_CO2,4647.03277222
United States,Nebraska,1995,Fossil_CO2,4360.7173739275
United States,Nevada,1995,Fossil_CO2,2144.5474141381
United States,Arizona,1995,Fossil_CO2,5095.9139376655
United States,New Hampshire,1995,Fossil_CO2,851.6450115472
United States,New Jersey,1995,Fossil_CO2,13424.146670628
United States,New Mexico,1995,Fossil_CO2,3598.2935572719
United States,New York,1995,Fossil_CO2,13782.41725925
United States,North Carolina,1995,Fossil_CO2,10763.339141201
United States,North Dakota,1995,Fossil_CO2,26826.216254387
United States,Ohio,1995,Fossil_CO2,39149.591259524
United States,Oklahoma,1995,Fossil_CO2,27352.231593287
United States,Oregon,1995,Fossil_CO2,8574.8014883955
United States,Pennsylvania,1995,Fossil_CO2,30675.550259259
United States,Arkansas,1995,Fossil_CO2,21492.621084853
United States,Rhode Island,1995,Fossil_CO2,957.13066172663
United States,South Carolina,1995,Fossil_CO2,11523.569960108
United States,South Dakota,1995,Fossil_CO2,911.19141301433
United States,Tennessee,1995,Fossil_CO2,12203.186781553
United States,Texas,1995,Fossil_CO2,91244.009984425
United States,Utah,1995,Fossil_CO2,5595.5223075048
United States,Vermont,1995,Fossil_CO2,494.87556317875
United States,Virginia,1995,Fossil_CO2,13118.844608246
United States,Washington,1995,Fossil_CO2,21630.549490051
United States,West Virginia,1995,Fossil_CO2,8421.3356953486
United States,California,1995,Fossil_CO2,83559.012774436
United States,Wisconsin,1995,Fossil_CO2,13260.091407845
United States,Wyoming,1995,Fossil_CO2,3270.7963647866
United States,Colorado,1995,Fossil_CO2,10421.291861737
United States,Connecticut,1995,Fossil_CO2,1918.4922464416
United States,Delaware,1995,Fossil_CO2,6646.1690534575
United States,District of Columbia,1995,Fossil_CO2,172.48545669347
United States,Alabama,1996,Fossil_CO2,26224.193193413
United States,Florida,1996,Fossil_CO2,16835.799018999
United States,Georgia,1996,Fossil_CO2,28732.686027561
United States,Hawaii,1996,Fossil_CO2,2283.5009701162
United States,Idaho,1996,Fossil_CO2,2222.0960220724
United States,Illinois,1996,Fossil_CO2,37494.484397778
United States,Indiana,1996,Fossil_CO2,64131.404867246
United States,Iowa,1996,Fossil_CO2,22848.563917015
United States,Kansas,1996,Fossil_CO2,13230.848099171
United States,Kentucky,1996,Fossil_CO2,15197.128297347
United States,Louisiana,1996,Fossil_CO2,75930.618256788
United States,Alaska,1996,Fossil_CO2,10575.721801584
United States,Maine,1996,Fossil_CO2,3247.3737329077
United States,Maryland,1996,Fossil_CO2,5487.5211819362
United States,Massachusetts,1996,Fossil_CO2,3948.1765322627
United States,Michigan,1996,Fossil_CO2,26288.217829106
United States,Minnesota,1996,Fossil_CO2,11809.476115797
United States,Mississippi,1996,Fossil_CO2,59236.393105559
United States,Missouri,1996,Fossil_CO2,11034.660815425
United States,Montana,1996,Fossil_CO2,4667.3230473924
United States,Nebraska,1996,Fossil_CO2,4272.9763199868
United States,Nevada,1996,Fossil_CO2,2162.7093397206
United States,Arizona,1996,Fossil_CO2,5155.4020292072
United States,New Hampshire,1996,Fossil_CO2,862.99626111597
United States,New Jersey,1996,Fossil_CO2,13600.762989341
United States,New Mexico,1996,Fossil_CO2,3630.0935194755
United States,New York,1996,Fossil_CO2,13948.709267606
United States,North Carolina,1996,Fossil_CO2,10877.371728935
United States,North Dakota,1996,Fossil_CO2,26938.533389897
United States,Ohio,1996,Fossil_CO2,38670.318483601
United States,Oklahoma,1996,Fossil_CO2,27768.941116755
United States,Oregon,1996,Fossil_CO2,8515.8295780271
United States,Pennsylvania,1996,Fossil_CO2,29501.900592484
United States,Arkansas,1996,Fossil_CO2,21025.714303878
United States,Rhode Island,1996,Fossil_CO2,970.73195149933
United States,South Carolina,1996,Fossil_CO2,13746.829227579
United States,South Dakota,1996,Fossil_CO2,924.39018430643
United States,Tennessee,1996,Fossil_CO2,12353.739794954
United States,Texas,1996,Fossil_CO2,92548.447622406
United States,Utah,1996,Fossil_CO2,5886.1904147131
United States,Vermont,1996,Fossil_CO2,501.14489585234
United States,Virginia,1996,Fossil_CO2,13184.715126009
United States,Washington,1996,Fossil_CO2,21772.160660499
United States,West Virginia,1996,Fossil_CO2,8235.3212761205
United States,California,1996,Fossil_CO2,85001.976187292
United States,Wisconsin,1996,Fossil_CO2,13355.584730683
United States,Wyoming,1996,Fossil_CO2,3309.971950165
United States,Colorado,1996,Fossil_CO2,10524.958684896
United States,Connecticut,1996,Fossil_CO2,1944.3036649344
United States,Delaware,1996,Fossil_CO2,6817.3602277003
United States,District of Columbia,1996,Fossil_CO2,174.41963953787
United States,Alabama,1997,Fossil_CO2,26964.295119275
United States,Florida,1997,Fossil_CO2,18883.434155289
United States,Georgia,1997,Fossil_CO2,27378.827438807
United States,Hawaii,1997,Fossil_CO2,2402.629498107
United States,Idaho,1997,Fossil_CO2,2352.1078015505
United States,Illinois,1997,Fossil_CO2,39149.468389958
United States,Indiana,1997,Fossil_CO2,66400.221349544
United States,Iowa,1997,Fossil_CO2,21103.433716183
United States,Kansas,1997,Fossil_CO2,14114.221967208
United States,Kentucky,1997,Fossil_CO2,15936.752150307
United States,Louisiana,1997,Fossil_CO2,70488.653892256
United States,Alaska,1997,Fossil_CO2,9700.9132328404
United States,Maine,1997,Fossil_CO2,3268.7700208323
United States,Maryland,1997,Fossil_CO2,6178.6191937963
United States,Massachusetts,1997,Fossil_CO2,4583.163165673
United States,Michigan,1997,Fossil_CO2,27855.037293291
United States,Minnesota,1997,Fossil_CO2,12598.508558251
United States,Mississippi,1997,Fossil_CO2,58355.357025986
United States,Missouri,1997,Fossil_CO2,12117.910879547
United States,Montana,1997,Fossil_CO2,4863.6510924858
United States,Nebraska,1997,Fossil_CO2,4602.5924508925
United States,Nevada,1997,Fossil_CO2,2467.3744604635
United States,Arizona,1997,Fossil_CO2,5961.6464780448
United States,New Hampshire,1997,Fossil_CO2,991.6699926112
United States,New Jersey,1997,Fossil_CO2,14812.504016511
United States,New Mexico,1997,Fossil_CO2,3949.7078704654
United States,New York,1997,Fossil_CO2,15566.427098104
United States,North Carolina,1997,Fossil_CO2,11912.864647695
United States,North Dakota,1997,Fossil_CO2,23041.288579887
United States,Ohio,1997,Fossil_CO2,40618.066870261
United States,Oklahoma,1997,Fossil_CO2,25586.848151617
United States,Oregon,1997,Fossil_CO2,9122.7750697946
United States,Pennsylvania,1997,Fossil_CO2,31060.813088446
United States,Arkansas,1997,Fossil_CO2,20675.003456469
United States,Rhode Island,1997,Fossil_CO2,1141.2108496435
United States,South Carolina,1997,Fossil_CO2,14281.674846865
United States,South Dakota,1997,Fossil_CO2,1079.1489840711
United States,Tennessee,1997,Fossil_CO2,13077.756839837
United States,Texas,1997,Fossil_CO2,97016.272662261
United States,Utah,1997,Fossil_CO2,6325.5233801153
United States,Vermont,1997,Fossil_CO2,564.98910775045
United States,Virginia,1997,Fossil_CO2,13619.431091308
United States,Washington,1997,Fossil_CO2,22681.859684823
United States,West Virginia,1997,Fossil_CO2,8450.8577281324
United States,California,1997,Fossil_CO2,91830.342651469
United States,Wisconsin,1997,Fossil_CO2,14398.687182323
United States,Wyoming,1997,Fossil_CO2,3444.7976239599
United States,Colorado,1997,Fossil_CO2,11002.415314935
United States,Connecticut,1997,Fossil_CO2,2273.4811288287
United States,Delaware,1997,Fossil_CO2,7025.2879429375
United States,District of Columbia,1997,Fossil_CO2,204.43945361105
United States,Alabama,1998,Fossil_CO2,26927.413095514
United States,Florida,1998,Fossil_CO2,18825.687538776
United States,Georgia,1998,Fossil_CO2,27345.791030455
United States,Hawaii,1998,Fossil_CO2,2385.3138738703
United States,Idaho,1998,Fossil_CO2,2393.2870116326
United States,Illinois,1998,Fossil_CO2,40353.468942144
United States,Indiana,1998,Fossil_CO2,69839.446931788
United States,Iowa,1998,Fossil_CO2,20758.346820165
United States,Kansas,1998,Fossil_CO2,14001.288389221
United States,Kentucky,1998,Fossil_CO2,16187.500320022
United States,Louisiana,1998,Fossil_CO2,70001.485032721
United States,Alaska,1998,Fossil_CO2,9626.4374032188
United States,Maine,1998,Fossil_CO2,3153.2781373642
United States,Maryland,1998,Fossil_CO2,6334.0059549324
United States,Massachusetts,1998,Fossil_CO2,4423.5717601228
United States,Michigan,1998,Fossil_CO2,28750.071994528
United States,Minnesota,1998,Fossil_CO2,12676.995261229
United States,Mississippi,1998,Fossil_CO2,57496.67960516
United States,Missouri,1998,Fossil_CO2,11959.407139065
United States,Montana,1998,Fossil_CO2,4862.4806843737
United States,Nebraska,1998,Fossil_CO2,4677.832122656
United States,Nevada,1998,Fossil_CO2,2694.9953416022
United States,Arizona,1998,Fossil_CO2,6122.3905002542
United States,New Hampshire,1998,Fossil_CO2,979.48083345725
United States,New Jersey,1998,Fossil_CO2,14804.864928141
United States,New Mexico,1998,Fossil_CO2,3962.1971480744
United States,New York,1998,Fossil_CO2,15127.41265106
United States,North Carolina,1998,Fossil_CO2,12183.547589726
United States,North Dakota,1998,Fossil_CO2,22336.021278021
United States,Ohio,1998,Fossil_CO2,42479.88230809
United States,Oklahoma,1998,Fossil_CO2,25204.074468028
United States,Oregon,1998,Fossil_CO2,9102.4944924798
United States,Pennsylvania,1998,Fossil_CO2,31914.080713246
United States,Arkansas,1998,Fossil_CO2,20891.200172422
United States,Rhode Island,1998,Fossil_CO2,1085.9842232059
United States,South Carolina,1998,Fossil_CO2,14624.629676152
United States,South Dakota,1998,Fossil_CO2,1123.4774589797
United States,Tennessee,1998,Fossil_CO2,13236.241862792
United States,Texas,1998,Fossil_CO2,98142.772243447
United States,Utah,1998,Fossil_CO2,6569.3546887314
United States,Vermont,1998,Fossil_CO2,562.87162845703
United States,Virginia,1998,Fossil_CO2,14424.522248275
United States,Washington,1998,Fossil_CO2,22659.511114639
United States,West Virginia,1998,Fossil_CO2,8419.9274174791
United States,California,1998,Fossil_CO2,91377.611716293
United States,Wisconsin,1998,Fossil_CO2,14488.030907475
United States,Wyoming,1998,Fossil_CO2,3469.4314210875
United States,Colorado,1998,Fossil_CO2,11065.95595264
United States,Connecticut,1998,Fossil_CO2,2208.4864591488
United States,Delaware,1998,Fossil_CO2,7166.4482841513
United States,District of Columbia,1998,Fossil_CO2,192.95054084102
United States,Alabama,1999,Fossil_CO2,26497.547128079
United States,Florida,1999,Fossil_CO2,17781.932057056
United States,Georgia,1999,Fossil_CO2,27543.769783058
United States,Hawaii,1999,Fossil_CO2,2292.1299157928
United States,Idaho,1999,Fossil_CO2,2383.2226380883
United States,Illinois,1999,Fossil_CO2,38261.05914281
United States,Indiana,1999,Fossil_CO2,62620.218028238
United States,Iowa,1999,Fossil_CO2,21898.512617139
United States,Kansas,1999,Fossil_CO2,13902.283608205
United States,Kentucky,1999,Fossil_CO2,15916.605722663
United States,Louisiana,1999,Fossil_CO2,71445.630170959
United States,Alaska,1999,Fossil_CO2,9973.3373790034
United States,Maine,1999,Fossil_CO2,3019.2675868288
United States,Maryland,1999,Fossil_CO2,6102.2623615361
United States,Massachusetts,1999,Fossil_CO2,4153.5180714104
United States,Michigan,1999,Fossil_CO2,26460.934277532
United States,Minnesota,1999,Fossil_CO2,12030.474380563
United States,Mississippi,1999,Fossil_CO2,59201.727425364
United States,Missouri,1999,Fossil_CO2,11904.31707883
United States,Montana,1999,Fossil_CO2,4787.8385789314
United States,Nebraska,1999,Fossil_CO2,4382.8554699143
United States,Nevada,1999,Fossil_CO2,2618.7655330309
United States,Arizona,1999,Fossil_CO2,5833.7531453102
United States,New Hampshire,1999,Fossil_CO2,920.40068758007
United States,New Jersey,1999,Fossil_CO2,14033.168923366
United States,New Mexico,1999,Fossil_CO2,3769.6043857001
United States,New York,1999,Fossil_CO2,14791.715596388
United States,North Carolina,1999,Fossil_CO2,11845.555152324
United States,North Dakota,1999,Fossil_CO2,23858.16876544
United States,Ohio,1999,Fossil_CO2,38811.476209284
United States,Oklahoma,1999,Fossil_CO2,26051.491741627
United States,Oregon,1999,Fossil_CO2,9064.1450278168
United States,Pennsylvania,1999,Fossil_CO2,29766.775279591
United States,Arkansas,1999,Fossil_CO2,20141.275821375
United States,Rhode Island,1999,Fossil_CO2,1015.7760624399
United States,South Carolina,1999,Fossil_CO2,13416.87681851
United States,South Dakota,1999,Fossil_CO2,1057.110946595
United States,Tennessee,1999,Fossil_CO2,13121.480222522
United States,Texas,1999,Fossil_CO2,94532.599850852
United States,Utah,1999,Fossil_CO2,6183.2223236685
United States,Vermont,1999,Fossil_CO2,531.5458503198
United States,Virginia,1999,Fossil_CO2,13745.867534298
United States,Washington,1999,Fossil_CO2,22757.501380226
United States,West Virginia,1999,Fossil_CO2,9321.4308811543
United States,California,1999,Fossil_CO2,89164.299951866
United States,Wisconsin,1999,Fossil_CO2,13758.766588522
United States,Wyoming,1999,Fossil_CO2,3354.920618191
United States,Colorado,1999,Fossil_CO2,10867.296392436
United States,Connecticut,1999,Fossil_CO2,2068.0010228807
United States,Delaware,1999,Fossil_CO2,6916.7260971093
United States,District of Columbia,1999,Fossil_CO2,180.6882447833
United States,Alabama,2000,Fossil_CO2,31815.193476486
United States,Florida,2000,Fossil_CO2,17629.367152496
United States,Georgia,2000,Fossil_CO2,34273.305211923
United States,Hawaii,2000,Fossil_CO2,2269.7624736229
United States,Idaho,2000,Fossil_CO2,2531.2258754188
United States,Illinois,2000,Fossil_CO2,39939.220813642
United States,Indiana,2000,Fossil_CO2,65660.863903646
United States,Iowa,2000,Fossil_CO2,29682.994405936
United States,Kansas,2000,Fossil_CO2,13792.883565311
United States,Kentucky,2000,Fossil_CO2,16181.489414655
United States,Louisiana,2000,Fossil_CO2,87694.654904945
United States,Alaska,2000,Fossil_CO2,12399.625408707
United States,Maine,2000,Fossil_CO2,3519.229136834
United States,Maryland,2000,Fossil_CO2,5665.7838850958
United States,Massachusetts,2000,Fossil_CO2,3915.5416951018
United States,Michigan,2000,Fossil_CO2,26748.623336849
United States,Minnesota,2000,Fossil_CO2,12317.44823296
United States,Mississippi,2000,Fossil_CO2,66248.663575368
United States,Missouri,2000,Fossil_CO2,11718.469076898
United States,Montana,2000,Fossil_CO2,4693.4435417447
United States,Nebraska,2000,Fossil_CO2,4478.0518374214
United States,Nevada,2000,Fossil_CO2,2489.7991671528
United States,Arizona,2000,Fossil_CO2,5496.9293528173
United States,New Hampshire,2000,Fossil_CO2,880.67223790144
United States,New Jersey,2000,Fossil_CO2,13690.935072029
United States,New Mexico,2000,Fossil_CO2,3623.4238200169
United States,New York,2000,Fossil_CO2,14251.039902185
United States,North Carolina,2000,Fossil_CO2,13142.365174029
United States,North Dakota,2000,Fossil_CO2,33499.847417407
United States,Ohio,2000,Fossil_CO2,39624.163716095
United States,Oklahoma,2000,Fossil_CO2,32990.215487777
United States,Oregon,2000,Fossil_CO2,9269.3820666007
United States,Pennsylvania,2000,Fossil_CO2,29557.232795788
United States,Arkansas,2000,Fossil_CO2,23200.407702403
United States,Rhode Island,2000,Fossil_CO2,941.05102929308
United States,South Carolina,2000,Fossil_CO2,14376.190702466
United States,South Dakota,2000,Fossil_CO2,983.01748187634
United States,Tennessee,2000,Fossil_CO2,14132.181946522
United States,Texas,2000,Fossil_CO2,95000.010578777
United States,Utah,2000,Fossil_CO2,6094.8072852723
United States,Vermont,2000,Fossil_CO2,522.5895063474
United States,Virginia,2000,Fossil_CO2,15117.196827077
United States,Washington,2000,Fossil_CO2,23309.422968373
United States,West Virginia,2000,Fossil_CO2,9417.9396982513
United States,California,2000,Fossil_CO2,87610.442426837
United States,Wisconsin,2000,Fossil_CO2,14350.813019103
United States,Wyoming,2000,Fossil_CO2,3313.3547905368
United States,Colorado,2000,Fossil_CO2,11415.516751319
United States,Connecticut,2000,Fossil_CO2,1927.7656691416
United States,Delaware,2000,Fossil_CO2,6924.1486083724
United States,District of Columbia,2000,Fossil_CO2,167.17272387425
United States,Alabama,2001,Fossil_CO2,30202.878717317
United States,Florida,2001,Fossil_CO2,17427.134925331
United States,Georgia,2001,Fossil_CO2,32028.266958117
United States,Hawaii,2001,Fossil_CO2,2222.8362122385
United States,Idaho,2001,Fossil_CO2,2379.3918458489
United States,Illinois,2001,Fossil_CO2,37731.87555469
United States,Indiana,2001,Fossil_CO2,58813.300106846
United States,Iowa,2001,Fossil_CO2,26805.719705415
United States,Kansas,2001,Fossil_CO2,13547.364339228
United States,Kentucky,2001,Fossil_CO2,14873.088502795
United States,Louisiana,2001,Fossil_CO2,81465.004916674
United States,Alaska,2001,Fossil_CO2,11373.21315682
United States,Maine,2001,Fossil_CO2,3376.2716518845
United States,Maryland,2001,Fossil_CO2,5480.8727734428
United States,Massachusetts,2001,Fossil_CO2,3900.9909871298
United States,Michigan,2001,Fossil_CO2,24834.007443203
United States,Minnesota,2001,Fossil_CO2,11978.37145717
United States,Mississippi,2001,Fossil_CO2,63239.41941575
United States,Missouri,2001,Fossil_CO2,11350.425678463
United States,Montana,2001,Fossil_CO2,4411.9361510584
United States,Nebraska,2001,Fossil_CO2,4286.4879973994
United States,Nevada,2001,Fossil_CO2,2414.001157475
United States,Arizona,2001,Fossil_CO2,5414.0968111903
United States,New Hampshire,2001,Fossil_CO2,875.24196648603
United States,New Jersey,2001,Fossil_CO2,13414.621479892
United States,New Mexico,2001,Fossil_CO2,3550.92069655
United States,New York,2001,Fossil_CO2,13852.678044052
United States,North Carolina,2001,Fossil_CO2,12357.775028866
United States,North Dakota,2001,Fossil_CO2,30352.805601309
United States,Ohio,2001,Fossil_CO2,36279.668929876
United States,Oklahoma,2001,Fossil_CO2,30514.759814637
United States,Oregon,2001,Fossil_CO2,8393.1586832258
United States,Pennsylvania,2001,Fossil_CO2,27870.189861366
United States,Arkansas,2001,Fossil_CO2,21387.045106117
United States,Rhode Island,2001,Fossil_CO2,942.37119658476
United States,South Carolina,2001,Fossil_CO2,13186.214376549
United States,South Dakota,2001,Fossil_CO2,982.53508787109
United States,Tennessee,2001,Fossil_CO2,13246.595558922
United States,Texas,2001,Fossil_CO2,92117.00728947
United States,Utah,2001,Fossil_CO2,5822.554083388
United States,Vermont,2001,Fossil_CO2,515.33511313536
United States,Virginia,2001,Fossil_CO2,14538.705343523
United States,Washington,2001,Fossil_CO2,21296.590907229
United States,West Virginia,2001,Fossil_CO2,8478.7520553649
United States,California,2001,Fossil_CO2,85963.822711292
United States,Wisconsin,2001,Fossil_CO2,13933.957935815
United States,Wyoming,2001,Fossil_CO2,3245.2077610994
United States,Colorado,2001,Fossil_CO2,10812.907295106
United States,Connecticut,2001,Fossil_CO2,1928.4901933557
United States,Delaware,2001,Fossil_CO2,6755.9643501605
United States,District of Columbia,2001,Fossil_CO2,167.69432169342
United States,Alabama,2002,Fossil_CO2,27098.165511475
United States,Florida,2002,Fossil_CO2,20423.980326476
United States,Georgia,2002,Fossil_CO2,29465.320802104
United States,Hawaii,2002,Fossil_CO2,2265.7221092467
United States,Idaho,2002,Fossil_CO2,2447.0624780408
United States,Illinois,2002,Fossil_CO2,38688.50380892
United States,Indiana,2002,Fossil_CO2,63227.924842631
United States,Iowa,2002,Fossil_CO2,21269.326744085
United States,Kansas,2002,Fossil_CO2,13992.47350598
United States,Kentucky,2002,Fossil_CO2,13615.474503896
United States,Louisiana,2002,Fossil_CO2,69781.988228748
United States,Alaska,2002,Fossil_CO2,9378.4934096666
United States,Maine,2002,Fossil_CO2,3615.61408924
United States,Maryland,2002,Fossil_CO2,6396.87057828
United States,Massachusetts,2002,Fossil_CO2,4724.0532736086
United States,Michigan,2002,Fossil_CO2,27402.331648231
United States,Minnesota,2002,Fossil_CO2,12906.921744547
United States,Mississippi,2002,Fossil_CO2,58391.164710419
United States,Missouri,2002,Fossil_CO2,11890.995436793
United States,Montana,2002,Fossil_CO2,4520.4404941763
United States,Nebraska,2002,Fossil_CO2,4399.9952883314
United States,Nevada,2002,Fossil_CO2,2755.4709608164
United States,Arizona,2002,Fossil_CO2,6402.7475832049
United States,New Hampshire,2002,Fossil_CO2,1053.2596303447
United States,New Jersey,2002,Fossil_CO2,14482.261062653
United States,New Mexico,2002,Fossil_CO2,3840.145669206
United States,New York,2002,Fossil_CO2,15243.282402292
United States,North Carolina,2002,Fossil_CO2,13134.717699969
United States,North Dakota,2002,Fossil_CO2,23229.436411644
United States,Ohio,2002,Fossil_CO2,38054.758565812
United States,Oklahoma,2002,Fossil_CO2,25903.747450039
United States,Oregon,2002,Fossil_CO2,8185.8388602107
United States,Pennsylvania,2002,Fossil_CO2,29778.867572061
United States,Arkansas,2002,Fossil_CO2,19258.414601473
United States,Rhode Island,2002,Fossil_CO2,1160.4800761515
United States,South Carolina,2002,Fossil_CO2,12787.42145188
United States,South Dakota,2002,Fossil_CO2,1201.9738673675
United States,Tennessee,2002,Fossil_CO2,13706.138949529
United States,Texas,2002,Fossil_CO2,92855.037868015
United States,Utah,2002,Fossil_CO2,6012.4330053774
United States,Vermont,2002,Fossil_CO2,610.51148567999
United States,Virginia,2002,Fossil_CO2,14926.887061892
United States,Washington,2002,Fossil_CO2,19938.767048832
United States,West Virginia,2002,Fossil_CO2,7802.1230061809
United States,California,2002,Fossil_CO2,91132.446025397
United States,Wisconsin,2002,Fossil_CO2,15476.589078292
United States,Wyoming,2002,Fossil_CO2,5623.300630673
United States,Colorado,2002,Fossil_CO2,10834.244923061
United States,Connecticut,2002,Fossil_CO2,2362.0393680367
United States,Delaware,2002,Fossil_CO2,6669.8577914808
United States,District of Columbia,2002,Fossil_CO2,204.58137467085
United States,Alabama,2003,Fossil_CO2,27024.368425267
United States,Florida,2003,Fossil_CO2,20119.056157663
United States,Georgia,2003,Fossil_CO2,29252.227370893
United States,Hawaii,2003,Fossil_CO2,2260.0493646507
United States,Idaho,2003,Fossil_CO2,2399.8353382788
United States,Illinois,2003,Fossil_CO2,39595.720257718
United States,Indiana,2003,Fossil_CO2,62727.645505464
United States,Iowa,2003,Fossil_CO2,21135.057397801
United States,Kansas,2003,Fossil_CO2,13945.790791472
United States,Kentucky,2003,Fossil_CO2,13604.314905703
United States,Louisiana,2003,Fossil_CO2,69810.626538467
United States,Alaska,2003,Fossil_CO2,9363.3095911756
United States,Maine,2003,Fossil_CO2,3556.1174802076
United States,Maryland,2003,Fossil_CO2,6328.5814963359
United States,Massachusetts,2003,Fossil_CO2,4524.6977743228
United States,Michigan,2003,Fossil_CO2,26969.769683083
United States,Minnesota,2003,Fossil_CO2,12806.196391967
United States,Mississippi,2003,Fossil_CO2,58362.254663112
United States,Missouri,2003,Fossil_CO2,11709.199228192
United States,Montana,2003,Fossil_CO2,4463.4500401876
United States,Nebraska,2003,Fossil_CO2,4379.1711665284
United States,Nevada,2003,Fossil_CO2,2851.2021907266
United States,Arizona,2003,Fossil_CO2,6437.6923494517
United States,New Hampshire,2003,Fossil_CO2,1030.2857041288
United States,New Jersey,2003,Fossil_CO2,14332.07402631
United States,New Mexico,2003,Fossil_CO2,3786.8472540298
United States,New York,2003,Fossil_CO2,14785.096981099
United States,North Carolina,2003,Fossil_CO2,13028.069953477
United States,North Dakota,2003,Fossil_CO2,22956.152301325
United States,Ohio,2003,Fossil_CO2,37914.22757863
United States,Oklahoma,2003,Fossil_CO2,25819.209930356
United States,Oregon,2003,Fossil_CO2,7991.5556930053
United States,Pennsylvania,2003,Fossil_CO2,29515.373030195
United States,Arkansas,2003,Fossil_CO2,19289.412467381
United States,Rhode Island,2003,Fossil_CO2,1106.3299516088
United States,South Carolina,2003,Fossil_CO2,12863.723684936
United States,South Dakota,2003,Fossil_CO2,1212.5330154534
United States,Tennessee,2003,Fossil_CO2,13608.978939292
United States,Texas,2003,Fossil_CO2,93471.426007905
United States,Utah,2003,Fossil_CO2,5976.6850861146
United States,Vermont,2003,Fossil_CO2,594.26001626356
United States,Virginia,2003,Fossil_CO2,14774.196307791
United States,Washington,2003,Fossil_CO2,19628.912617419
United States,West Virginia,2003,Fossil_CO2,8142.9315544683
United States,California,2003,Fossil_CO2,90394.841959062
United States,Wisconsin,2003,Fossil_CO2,15327.735464342
United States,Wyoming,2003,Fossil_CO2,5562.4277165748
United States,Colorado,2003,Fossil_CO2,10747.384171454
United States,Connecticut,2003,Fossil_CO2,2265.4195067548
United States,Delaware,2003,Fossil_CO2,6740.8689132873
United States,District of Columbia,2003,Fossil_CO2,194.051006645
United States,Alabama,2004,Fossil_CO2,28465.598961052
United States,Florida,2004,Fossil_CO2,20201.907791415
United States,Georgia,2004,Fossil_CO2,30446.468518293
United States,Hawaii,2004,Fossil_CO2,2217.9263957633
United States,Idaho,2004,Fossil_CO2,2455.3623171767
United States,Illinois,2004,Fossil_CO2,40472.138628936
United States,Indiana,2004,Fossil_CO2,68213.790809666
United States,Iowa,2004,Fossil_CO2,22495.548561083
United States,Kansas,2004,Fossil_CO2,14678.629451644
United States,Kentucky,2004,Fossil_CO2,13973.169216595
United States,Louisiana,2004,Fossil_CO2,71700.272970721
United States,Alaska,2004,Fossil_CO2,9671.667459117
United States,Maine,2004,Fossil_CO2,3688.5925551121
United States,Maryland,2004,Fossil_CO2,6212.6334516895
United States,Massachusetts,2004,Fossil_CO2,4493.5492933895
United States,Michigan,2004,Fossil_CO2,28351.884884766
United States,Minnesota,2004,Fossil_CO2,12847.729888801
United States,Mississippi,2004,Fossil_CO2,63265.765858925
United States,Missouri,2004,Fossil_CO2,12137.830447288
United States,Montana,2004,Fossil_CO2,4426.4318595002
United States,Nebraska,2004,Fossil_CO2,4549.6105485488
United States,Nevada,2004,Fossil_CO2,2876.3577224134
United States,Arizona,2004,Fossil_CO2,6419.3715273173
United States,New Hampshire,2004,Fossil_CO2,1027.0710646391
United States,New Jersey,2004,Fossil_CO2,14224.559159118
United States,New Mexico,2004,Fossil_CO2,3737.3263470909
United States,New York,2004,Fossil_CO2,15125.629908955
United States,North Carolina,2004,Fossil_CO2,13217.8675121
United States,North Dakota,2004,Fossil_CO2,24298.175867912
United States,Ohio,2004,Fossil_CO2,39476.503436792
United States,Oklahoma,2004,Fossil_CO2,26805.174478484
United States,Oregon,2004,Fossil_CO2,8149.7103506243
United States,Pennsylvania,2004,Fossil_CO2,30189.568350752
United States,Arkansas,2004,Fossil_CO2,20722.252075458
United States,Rhode Island,2004,Fossil_CO2,1094.6972366895
United States,South Carolina,2004,Fossil_CO2,13579.560326483
United States,South Dakota,2004,Fossil_CO2,1211.3725938759
United States,Tennessee,2004,Fossil_CO2,13805.98433277
United States,Texas,2004,Fossil_CO2,92979.586114829
United States,Utah,2004,Fossil_CO2,6039.9617574865
United States,Vermont,2004,Fossil_CO2,597.58827213944
United States,Virginia,2004,Fossil_CO2,15168.571614502
United States,Washington,2004,Fossil_CO2,19722.849587765
United States,West Virginia,2004,Fossil_CO2,8488.6884019949
United States,California,2004,Fossil_CO2,92631.17646118
United States,Wisconsin,2004,Fossil_CO2,15639.125645094
United States,Wyoming,2004,Fossil_CO2,5555.7962251986
United States,Colorado,2004,Fossil_CO2,11011.889692238
United States,Connecticut,2004,Fossil_CO2,2246.6288193066
United States,Delaware,2004,Fossil_CO2,6605.6388629459
United States,District of Columbia,2004,Fossil_CO2,191.9277877381
United States,Alabama,2005,Fossil_CO2,26456.297556358
United States,Florida,2005,Fossil_CO2,19167.97507879
United States,Georgia,2005,Fossil_CO2,28935.169633299
United States,Hawaii,2005,Fossil_CO2,2157.2194254764
United States,Idaho,2005,Fossil_CO2,2318.9607930343
United States,Illinois,2005,Fossil_CO2,38408.382762456
United States,Indiana,2005,Fossil_CO2,59024.99204778
United States,Iowa,2005,Fossil_CO2,21517.06685072
United States,Kansas,2005,Fossil_CO2,14480.068583815
United States,Kentucky,2005,Fossil_CO2,13043.165471901
United States,Louisiana,2005,Fossil_CO2,69485.421417873
United States,Alaska,2005,Fossil_CO2,9380.9268716195
United States,Maine,2005,Fossil_CO2,3477.4166619878
United States,Maryland,2005,Fossil_CO2,5784.2667712145
United States,Massachusetts,2005,Fossil_CO2,4259.5953438243
United States,Michigan,2005,Fossil_CO2,25500.072442303
United States,Minnesota,2005,Fossil_CO2,12215.650161639
United States,Mississippi,2005,Fossil_CO2,62648.589781906
United States,Missouri,2005,Fossil_CO2,11763.265833238
United States,Montana,2005,Fossil_CO2,4221.4033206143
United States,Nebraska,2005,Fossil_CO2,4240.4545556727
United States,Nevada,2005,Fossil_CO2,2713.8356026453
United States,Arizona,2005,Fossil_CO2,6076.0371279207
United States,New Hampshire,2005,Fossil_CO2,972.30065120328
United States,New Jersey,2005,Fossil_CO2,13618.229923366
United States,New Mexico,2005,Fossil_CO2,3597.5439863487
United States,New York,2005,Fossil_CO2,14610.038170924
United States,North Carolina,2005,Fossil_CO2,12342.067057671
United States,North Dakota,2005,Fossil_CO2,23648.683623146
United States,Ohio,2005,Fossil_CO2,34727.395297805
United States,Oklahoma,2005,Fossil_CO2,25891.213103516
United States,Oregon,2005,Fossil_CO2,7630.4049324631
United States,Pennsylvania,2005,Fossil_CO2,27458.165231585
United States,Arkansas,2005,Fossil_CO2,19350.835335055
United States,Rhode Island,2005,Fossil_CO2,1038.0089439927
United States,South Carolina,2005,Fossil_CO2,12264.486580184
United States,South Dakota,2005,Fossil_CO2,1149.0891216708
United States,Tennessee,2005,Fossil_CO2,13021.698830095
United States,Texas,2005,Fossil_CO2,90032.428294715
United States,Utah,2005,Fossil_CO2,5631.7305882941
United States,Vermont,2005,Fossil_CO2,563.7845576506
United States,Virginia,2005,Fossil_CO2,14216.226038298
United States,Washington,2005,Fossil_CO2,18886.709515347
United States,West Virginia,2005,Fossil_CO2,7911.4600261333
United States,California,2005,Fossil_CO2,90315.572440692
United States,Wisconsin,2005,Fossil_CO2,14777.587077173
United States,Wyoming,2005,Fossil_CO2,5148.7178087147
United States,Colorado,2005,Fossil_CO2,10391.735302966
United States,Connecticut,2005,Fossil_CO2,2128.9694864251
United States,Delaware,2005,Fossil_CO2,6452.6843014587
United States,District of Columbia,2005,Fossil_CO2,182.27680079311
United States,Alabama,2006,Fossil_CO2,26404.325916741
United States,Florida,2006,Fossil_CO2,20511.193451849
United States,Georgia,2006,Fossil_CO2,28444.588354294
United States,Hawaii,2006,Fossil_CO2,2273.2657045264
United States,Idaho,2006,Fossil_CO2,2378.0809087904
United States,Illinois,2006,Fossil_CO2,40113.346881472
United States,Indiana,2006,Fossil_CO2,62132.152316247
United States,Iowa,2006,Fossil_CO2,20178.226153095
United States,Kansas,2006,Fossil_CO2,15157.41346217
United States,Kentucky,2006,Fossil_CO2,13457.783885465
United States,Louisiana,2006,Fossil_CO2,68097.093515425
United States,Alaska,2006,Fossil_CO2,9085.620235211
United States,Maine,2006,Fossil_CO2,3555.6879785429
United States,Maryland,2006,Fossil_CO2,6088.8444381108
United States,Massachusetts,2006,Fossil_CO2,4540.874966222
United States,Michigan,2006,Fossil_CO2,26835.361279323
United States,Minnesota,2006,Fossil_CO2,12812.960553628
United States,Mississippi,2006,Fossil_CO2,63377.015600379
United States,Missouri,2006,Fossil_CO2,12284.600707329
United States,Montana,2006,Fossil_CO2,4706.4204633289
United States,Nebraska,2006,Fossil_CO2,4451.326715966
United States,Nevada,2006,Fossil_CO2,2878.6083060709
United States,Arizona,2006,Fossil_CO2,6464.6786706168
United States,New Hampshire,2006,Fossil_CO2,1034.3177462332
United States,New Jersey,2006,Fossil_CO2,14427.526744521
United States,New Mexico,2006,Fossil_CO2,3893.351250858
United States,New York,2006,Fossil_CO2,15349.519194795
United States,North Carolina,2006,Fossil_CO2,12865.614538338
United States,North Dakota,2006,Fossil_CO2,21917.719820088
United States,Ohio,2006,Fossil_CO2,36987.741064809
United States,Oklahoma,2006,Fossil_CO2,25048.365850574
United States,Oregon,2006,Fossil_CO2,7784.4139034799
United States,Pennsylvania,2006,Fossil_CO2,29098.739463915
United States,Arkansas,2006,Fossil_CO2,19602.435722774
United States,Rhode Island,2006,Fossil_CO2,1111.2561024113
United States,South Carolina,2006,Fossil_CO2,12792.233457111
United States,South Dakota,2006,Fossil_CO2,1230.702166776
United States,Tennessee,2006,Fossil_CO2,13377.993156329
United States,Texas,2006,Fossil_CO2,94332.253451792
United States,Utah,2006,Fossil_CO2,6030.4195771416
United States,Vermont,2006,Fossil_CO2,597.15743296992
United States,Virginia,2006,Fossil_CO2,14680.809104517
United States,Washington,2006,Fossil_CO2,19237.79213974
United States,West Virginia,2006,Fossil_CO2,8406.8036918036
United States,California,2006,Fossil_CO2,94991.273715796
United States,Wisconsin,2006,Fossil_CO2,15451.389552456
United States,Wyoming,2006,Fossil_CO2,8503.6974369562
United States,Colorado,2006,Fossil_CO2,10844.903907106
United States,Connecticut,2006,Fossil_CO2,2276.5388462652
United States,Delaware,2006,Fossil_CO2,6782.0701883633
United States,District of Columbia,2006,Fossil_CO2,194.88558567716
United States,Alabama,2007,Fossil_CO2,26321.139709305
United States,Florida,2007,Fossil_CO2,20291.058160533
United States,Georgia,2007,Fossil_CO2,28246.163329374
United States,Hawaii,2007,Fossil_CO2,2234.1609509197
United States,Idaho,2007,Fossil_CO2,2383.591674685
United States,Illinois,2007,Fossil_CO2,39476.119296764
United States,Indiana,2007,Fossil_CO2,60017.925851381
United States,Iowa,2007,Fossil_CO2,20352.016840503
United States,Kansas,2007,Fossil_CO2,14957.209760793
United States,Kentucky,2007,Fossil_CO2,13375.033767715
United States,Louisiana,2007,Fossil_CO2,67474.980285088
United States,Alaska,2007,Fossil_CO2,9076.817502214
United States,Maine,2007,Fossil_CO2,3421.5424817895
United States,Maryland,2007,Fossil_CO2,6120.891602857
United States,Massachusetts,2007,Fossil_CO2,4529.2377333127
United States,Michigan,2007,Fossil_CO2,26253.699621181
United States,Minnesota,2007,Fossil_CO2,12573.646224384
United States,Mississippi,2007,Fossil_CO2,63951.367635686
United States,Missouri,2007,Fossil_CO2,12268.36915252
United States,Montana,2007,Fossil_CO2,4679.8013468619
United States,Nebraska,2007,Fossil_CO2,4400.1030890424
United States,Nevada,2007,Fossil_CO2,2902.4123077717
United States,Arizona,2007,Fossil_CO2,6480.8410812626
United States,New Hampshire,2007,Fossil_CO2,1030.0122492069
United States,New Jersey,2007,Fossil_CO2,14250.438674242
United States,New Mexico,2007,Fossil_CO2,3871.4334920391
United States,New York,2007,Fossil_CO2,15299.521764551
United States,North Carolina,2007,Fossil_CO2,12745.849902341
United States,North Dakota,2007,Fossil_CO2,22258.351170144
United States,Ohio,2007,Fossil_CO2,36037.528355783
United States,Oklahoma,2007,Fossil_CO2,25029.5744971
United States,Oregon,2007,Fossil_CO2,7807.0746859789
United States,Pennsylvania,2007,Fossil_CO2,28577.156831526
United States,Arkansas,2007,Fossil_CO2,19160.027433047
United States,Rhode Island,2007,Fossil_CO2,1110.8637014662
United States,South Carolina,2007,Fossil_CO2,12423.975885813
United States,South Dakota,2007,Fossil_CO2,1231.7402540047
United States,Tennessee,2007,Fossil_CO2,13320.776862735
United States,Texas,2007,Fossil_CO2,93106.094990028
United States,Utah,2007,Fossil_CO2,5943.8484573518
United States,Vermont,2007,Fossil_CO2,593.20665731457
United States,Virginia,2007,Fossil_CO2,14393.137753207
United States,Washington,2007,Fossil_CO2,19182.872355042
United States,West Virginia,2007,Fossil_CO2,8770.8079429293
United States,California,2007,Fossil_CO2,93947.825689183
United States,Wisconsin,2007,Fossil_CO2,15182.884491082
United States,Wyoming,2007,Fossil_CO2,8151.3338524375
United States,Colorado,2007,Fossil_CO2,10769.12653088
United States,Connecticut,2007,Fossil_CO2,2275.0871417271
United States,Delaware,2007,Fossil_CO2,6644.17380107
United States,District of Columbia,2007,Fossil_CO2,194.85544161022
United States,Alabama,2008,Fossil_CO2,25735.668340628
United States,Florida,2008,Fossil_CO2,19640.403240099
United States,Georgia,2008,Fossil_CO2,27949.600579543
United States,Hawaii,2008,Fossil_CO2,2164.8524943017
United States,Idaho,2008,Fossil_CO2,2316.1309931052
United States,Illinois,2008,Fossil_CO2,38635.732290399
United States,Indiana,2008,Fossil_CO2,58373.605881157
United States,Iowa,2008,Fossil_CO2,20562.559541884
United States,Kansas,2008,Fossil_CO2,14126.93470605
United States,Kentucky,2008,Fossil_CO2,12956.805020947
United States,Louisiana,2008,Fossil_CO2,66820.708911786
United States,Alaska,2008,Fossil_CO2,9051.8471152086
United States,Maine,2008,Fossil_CO2,3201.4453275904
United States,Maryland,2008,Fossil_CO2,5958.0669325272
United States,Massachusetts,2008,Fossil_CO2,4293.0623686487
United States,Michigan,2008,Fossil_CO2,25266.98707768
United States,Minnesota,2008,Fossil_CO2,12131.702478499
United States,Mississippi,2008,Fossil_CO2,60602.930031316
United States,Missouri,2008,Fossil_CO2,11694.084452562
United States,Montana,2008,Fossil_CO2,4554.9594509239
United States,Nebraska,2008,Fossil_CO2,4275.8379576079
United States,Nevada,2008,Fossil_CO2,2961.4897852984
United States,Arizona,2008,Fossil_CO2,6469.7992805361
United States,New Hampshire,2008,Fossil_CO2,994.72974026071
United States,New Jersey,2008,Fossil_CO2,13779.026162833
United States,New Mexico,2008,Fossil_CO2,3827.3629959791
United States,New York,2008,Fossil_CO2,14438.815797988
United States,North Carolina,2008,Fossil_CO2,12375.884845392
United States,North Dakota,2008,Fossil_CO2,23198.58438087
United States,Ohio,2008,Fossil_CO2,35284.705378279
United States,Oklahoma,2008,Fossil_CO2,24995.738802836
United States,Oregon,2008,Fossil_CO2,7469.6345690342
United States,Pennsylvania,2008,Fossil_CO2,27856.174416521
United States,Arkansas,2008,Fossil_CO2,18453.077722681
United States,Rhode Island,2008,Fossil_CO2,1049.9812754837
United States,South Carolina,2008,Fossil_CO2,11993.16736275
United States,South Dakota,2008,Fossil_CO2,1230.0082874892
United States,Tennessee,2008,Fossil_CO2,13027.469348686
United States,Texas,2008,Fossil_CO2,92211.416441019
United States,Utah,2008,Fossil_CO2,5826.7647088875
United States,Vermont,2008,Fossil_CO2,568.44049709079
United States,Virginia,2008,Fossil_CO2,13969.140769243
United States,Washington,2008,Fossil_CO2,18531.478823048
United States,West Virginia,2008,Fossil_CO2,8437.6707460152
United States,California,2008,Fossil_CO2,89679.247238696
United States,Wisconsin,2008,Fossil_CO2,14591.412175133
United States,Wyoming,2008,Fossil_CO2,7739.1436382521
United States,Colorado,2008,Fossil_CO2,10626.434063271
United States,Connecticut,2008,Fossil_CO2,2163.6338919324
United States,Delaware,2008,Fossil_CO2,6493.5006064147
United States,District of Columbia,2008,Fossil_CO2,183.71990437552
United States,Alabama,2009,Fossil_CO2,22727.517418167
United States,Florida,2009,Fossil_CO2,18110.263734025
United States,Georgia,2009,Fossil_CO2,26005.497129312
United States,Hawaii,2009,Fossil_CO2,2066.7321014732
United States,Idaho,2009,Fossil_CO2,2142.9796085168
United States,Illinois,2009,Fossil_CO2,34369.084934101
United States,Indiana,2009,Fossil_CO2,42530.118930798
United States,Iowa,2009,Fossil_CO2,19176.444135053
United States,Kansas,2009,Fossil_CO2,12065.277556694
United States,Kentucky,2009,Fossil_CO2,11818.824368192
United States,Louisiana,2009,Fossil_CO2,63557.839147612
United States,Alaska,2009,Fossil_CO2,8628.2494538126
United States,Maine,2009,Fossil_CO2,2929.1746527936
United States,Maryland,2009,Fossil_CO2,5307.5940216052
United States,Massachusetts,2009,Fossil_CO2,4002.5637320544
United States,Michigan,2009,Fossil_CO2,20073.340622197
United States,Minnesota,2009,Fossil_CO2,11306.231600173
United States,Mississippi,2009,Fossil_CO2,50686.341001044
United States,Missouri,2009,Fossil_CO2,10250.218886229
United States,Montana,2009,Fossil_CO2,4094.5867149578
United States,Nebraska,2009,Fossil_CO2,3722.6919163979
United States,Nevada,2009,Fossil_CO2,2731.9639079749
United States,Arizona,2009,Fossil_CO2,6105.9509894832
United States,New Hampshire,2009,Fossil_CO2,926.39478484828
United States,New Jersey,2009,Fossil_CO2,12883.234998744
United States,New Mexico,2009,Fossil_CO2,3608.9269129109
United States,New York,2009,Fossil_CO2,12776.92759084
United States,North Carolina,2009,Fossil_CO2,11153.427552875
United States,North Dakota,2009,Fossil_CO2,22169.953209462
United States,Ohio,2009,Fossil_CO2,28555.619534837
United States,Oklahoma,2009,Fossil_CO2,23619.403403739
United States,Oregon,2009,Fossil_CO2,6609.864826749
United States,Pennsylvania,2009,Fossil_CO2,23265.598450697
United States,Arkansas,2009,Fossil_CO2,15707.843946501
United States,Rhode Island,2009,Fossil_CO2,980.0558468855
United States,South Carolina,2009,Fossil_CO2,10142.595813249
United States,South Dakota,2009,Fossil_CO2,1137.7784291313
United States,Tennessee,2009,Fossil_CO2,11875.065211879
United States,Texas,2009,Fossil_CO2,86258.100240061
United States,Utah,2009,Fossil_CO2,5278.9423258396
United States,Vermont,2009,Fossil_CO2,527.93331129678
United States,Virginia,2009,Fossil_CO2,12707.848284129
United States,Washington,2009,Fossil_CO2,16865.038054693
United States,West Virginia,2009,Fossil_CO2,7146.0252087804
United States,California,2009,Fossil_CO2,80033.757118833
United States,Wisconsin,2009,Fossil_CO2,13323.380925065
United States,Wyoming,2009,Fossil_CO2,6389.9157509703
United States,Colorado,2009,Fossil_CO2,9599.0853558125
United States,Connecticut,2009,Fossil_CO2,2019.3263426325
United States,Delaware,2009,Fossil_CO2,6221.2889533249
United States,District of Columbia,2009,Fossil_CO2,171.85951048281
United States,Alabama,2010,Fossil_CO2,26463.119345051
United States,Florida,2010,Fossil_CO2,18476.042676847
United States,Georgia,2010,Fossil_CO2,30072.378578206
United States,Hawaii,2010,Fossil_CO2,2089.7367244945
United States,Idaho,2010,Fossil_CO2,2281.4750655665
United States,Illinois,2010,Fossil_CO2,37429.346855834
United States,Indiana,2010,Fossil_CO2,51242.909812858
United States,Iowa,2010,Fossil_CO2,24161.317229187
United States,Kansas,2010,Fossil_CO2,12472.662690574
United States,Kentucky,2010,Fossil_CO2,12347.59829865
United States,Louisiana,2010,Fossil_CO2,73198.638866737
United States,Alaska,2010,Fossil_CO2,10167.720592866
United States,Maine,2010,Fossil_CO2,3041.1753712383
United States,Maryland,2010,Fossil_CO2,5526.5166531192
United States,Massachusetts,2010,Fossil_CO2,4025.3224966394
United States,Michigan,2010,Fossil_CO2,22537.751687527
United States,Minnesota,2010,Fossil_CO2,11570.879284451
United States,Mississippi,2010,Fossil_CO2,56531.726244154
United States,Missouri,2010,Fossil_CO2,10578.423963349
United States,Montana,2010,Fossil_CO2,4014.2967374242
United States,Nebraska,2010,Fossil_CO2,4030.9016390473
United States,Nevada,2010,Fossil_CO2,2767.7916075927
United States,Arizona,2010,Fossil_CO2,6212.5515134319
United States,New Hampshire,2010,Fossil_CO2,933.57282773684
United States,New Jersey,2010,Fossil_CO2,13092.4258441
United States,New Mexico,2010,Fossil_CO2,3717.4944972166
United States,New York,2010,Fossil_CO2,13042.028953475
United States,North Carolina,2010,Fossil_CO2,11588.374339927
United States,North Dakota,2010,Fossil_CO2,29123.848541643
United States,Ohio,2010,Fossil_CO2,32456.20423292
United States,Oklahoma,2010,Fossil_CO2,27978.5306321
United States,Oregon,2010,Fossil_CO2,7004.6763071842
United States,Pennsylvania,2010,Fossil_CO2,25272.882581906
United States,Arkansas,2010,Fossil_CO2,18006.792049975
United States,Rhode Island,2010,Fossil_CO2,982.96544595829
United States,South Carolina,2010,Fossil_CO2,11149.857824954
United States,South Dakota,2010,Fossil_CO2,1143.2375825277
United States,Tennessee,2010,Fossil_CO2,12718.957368942
United States,Texas,2010,Fossil_CO2,89772.558699544
United States,Utah,2010,Fossil_CO2,5405.9830906923
United States,Vermont,2010,Fossil_CO2,533.97968108575
United States,Virginia,2010,Fossil_CO2,13739.99505396
United States,Washington,2010,Fossil_CO2,17648.946727766
United States,West Virginia,2010,Fossil_CO2,7385.4436298819
United States,California,2010,Fossil_CO2,81894.835951745
United States,Wisconsin,2010,Fossil_CO2,13662.134799419
United States,Wyoming,2010,Fossil_CO2,5157.9863950703
United States,Colorado,2010,Fossil_CO2,10296.677948138
United States,Connecticut,2010,Fossil_CO2,2027.1242609241
United States,Delaware,2010,Fossil_CO2,6299.1344154052
United States,District of Columbia,2010,Fossil_CO2,172.27004571003
United States,Alabama,2011,Fossil_CO2,24549.172503743
United States,Florida,2011,Fossil_CO2,18443.379807739
United States,Georgia,2011,Fossil_CO2,28011.946643987
United States,Hawaii,2011,Fossil_CO2,1715.7276643337
United States,Idaho,2011,Fossil_CO2,2533.6831059852
United States,Illinois,2011,Fossil_CO2,36241.283039605
United States,Indiana,2011,Fossil_CO2,51469.053498363
United States,Iowa,2011,Fossil_CO2,22288.535963561
United States,Kansas,2011,Fossil_CO2,11792.126233824
United States,Kentucky,2011,Fossil_CO2,12385.843175095
United States,Louisiana,2011,Fossil_CO2,61277.714247176
United States,Alaska,2011,Fossil_CO2,8934.7815989913
United States,Maine,2011,Fossil_CO2,2763.6716990026
United States,Maryland,2011,Fossil_CO2,5722.5743847732
United States,Massachusetts,2011,Fossil_CO2,4144.9343857142
United States,Michigan,2011,Fossil_CO2,22769.969266354
United States,Minnesota,2011,Fossil_CO2,10603.937417019
United States,Mississippi,2011,Fossil_CO2,52290.701480404
United States,Missouri,2011,Fossil_CO2,10917.134295976
United States,Montana,2011,Fossil_CO2,4399.1362416631
United States,Nebraska,2011,Fossil_CO2,4036.3633485417
United States,Nevada,2011,Fossil_CO2,3265.8836507358
United States,Arizona,2011,Fossil_CO2,6748.0380758242
United States,New Hampshire,2011,Fossil_CO2,965.8775062534
United States,New Jersey,2011,Fossil_CO2,11941.30237392
United States,New Mexico,2011,Fossil_CO2,3938.1533549764
United States,New York,2011,Fossil_CO2,13316.80215412
United States,North Carolina,2011,Fossil_CO2,11821.412367185
United States,North Dakota,2011,Fossil_CO2,28759.277005716
United States,Ohio,2011,Fossil_CO2,31786.524296015
United States,Oklahoma,2011,Fossil_CO2,24731.093397574
United States,Oregon,2011,Fossil_CO2,7580.8125056618
United States,Pennsylvania,2011,Fossil_CO2,25111.001760367
United States,Arkansas,2011,Fossil_CO2,16856.905179048
United States,Rhode Island,2011,Fossil_CO2,1017.576646669
United States,South Carolina,2011,Fossil_CO2,10964.580619599
United States,South Dakota,2011,Fossil_CO2,1237.5406807388
United States,Tennessee,2011,Fossil_CO2,12435.504291121
United States,Texas,2011,Fossil_CO2,80267.510702339
United States,Utah,2011,Fossil_CO2,5625.2714235633
United States,Vermont,2011,Fossil_CO2,570.14600572163
United States,Virginia,2011,Fossil_CO2,13205.09319101
United States,Washington,2011,Fossil_CO2,16777.636882119
United States,West Virginia,2011,Fossil_CO2,8227.2700155368
United States,California,2011,Fossil_CO2,77649.73442691
United States,Wisconsin,2011,Fossil_CO2,13272.355461482
United States,Wyoming,2011,Fossil_CO2,8588.0740957866
United States,Colorado,2011,Fossil_CO2,10596.206986016
United States,Connecticut,2011,Fossil_CO2,2118.4896508673
United States,Delaware,2011,Fossil_CO2,4946.6144527174
United States,District of Columbia,2011,Fossil_CO2,178.03865540872
United States,Alabama,2012,Fossil_CO2,24042.290668498
United States,Florida,2012,Fossil_CO2,18213.319753369
United States,Georgia,2012,Fossil_CO2,27539.744067293
United States,Hawaii,2012,Fossil_CO2,1733.0501794249
United States,Idaho,2012,Fossil_CO2,2568.2259971628
United States,Illinois,2012,Fossil_CO2,36640.103167904
United States,Indiana,2012,Fossil_CO2,51476.384051006
United States,Iowa,2012,Fossil_CO2,22250.112512919
United States,Kansas,2012,Fossil_CO2,12095.394182118
United States,Kentucky,2012,Fossil_CO2,12601.262162713
United States,Louisiana,2012,Fossil_CO2,61140.859421621
United States,Alaska,2012,Fossil_CO2,9071.137847282
United States,Maine,2012,Fossil_CO2,2593.9317827296
United States,Maryland,2012,Fossil_CO2,5687.5183776749
United States,Massachusetts,2012,Fossil_CO2,4135.3752783778
United States,Michigan,2012,Fossil_CO2,22763.894797437
United States,Minnesota,2012,Fossil_CO2,10465.281375353
United States,Mississippi,2012,Fossil_CO2,53293.614808621
United States,Missouri,2012,Fossil_CO2,11204.824733743
United States,Montana,2012,Fossil_CO2,4590.2310224726
United States,Nebraska,2012,Fossil_CO2,4050.7284277272
United States,Nevada,2012,Fossil_CO2,3344.5052168258
United States,Arizona,2012,Fossil_CO2,6810.2606547297
United States,New Hampshire,2012,Fossil_CO2,961.79168440611
United States,New Jersey,2012,Fossil_CO2,11996.702726704
United States,New Mexico,2012,Fossil_CO2,4193.8971745185
United States,New York,2012,Fossil_CO2,13542.553867005
United States,North Carolina,2012,Fossil_CO2,11768.544023639
United States,North Dakota,2012,Fossil_CO2,30755.092892869
United States,Ohio,2012,Fossil_CO2,31516.128990012
United States,Oklahoma,2012,Fossil_CO2,24727.712953015
United States,Oregon,2012,Fossil_CO2,7734.9733059447
United States,Pennsylvania,2012,Fossil_CO2,24976.461812754
United States,Arkansas,2012,Fossil_CO2,16710.104205463
United States,Rhode Island,2012,Fossil_CO2,1017.8778979164
United States,South Carolina,2012,Fossil_CO2,10730.672144764
United States,South Dakota,2012,Fossil_CO2,1247.1033144688
United States,Tennessee,2012,Fossil_CO2,12514.064663572
United States,Texas,2012,Fossil_CO2,82855.824444699
United States,Utah,2012,Fossil_CO2,5691.9667694372
United States,Vermont,2012,Fossil_CO2,567.62712801159
United States,Virginia,2012,Fossil_CO2,12912.84090042
United States,Washington,2012,Fossil_CO2,17193.083693851
United States,West Virginia,2012,Fossil_CO2,8934.4170923643
United States,California,2012,Fossil_CO2,79069.261260471
United States,Wisconsin,2012,Fossil_CO2,13002.769226033
United States,Wyoming,2012,Fossil_CO2,9185.2391347248
United States,Colorado,2012,Fossil_CO2,10746.292822481
United States,Connecticut,2012,Fossil_CO2,2119.5703936534
United States,Delaware,2012,Fossil_CO2,5006.6497841156
United States,District of Columbia,2012,Fossil_CO2,178.13896030804
United States,Alabama,2013,Fossil_CO2,23665.293762518
United States,Florida,2013,Fossil_CO2,18682.273158387
United States,Georgia,2013,Fossil_CO2,27333.546529018
United States,Hawaii,2013,Fossil_CO2,1790.9143340712
United States,Idaho,2013,Fossil_CO2,2575.7172673022
United States,Illinois,2013,Fossil_CO2,37096.880824708
United States,Indiana,2013,Fossil_CO2,51593.467029283
United States,Iowa,2013,Fossil_CO2,21797.769947718
United States,Kansas,2013,Fossil_CO2,12341.472557323
United States,Kentucky,2013,Fossil_CO2,12395.437310391
United States,Louisiana,2013,Fossil_CO2,61200.330470208
United States,Alaska,2013,Fossil_CO2,8861.3988964197
United States,Maine,2013,Fossil_CO2,2508.1130368147
United States,Maryland,2013,Fossil_CO2,5962.3280469666
United States,Massachusetts,2013,Fossil_CO2,4180.0365966952
United States,Michigan,2013,Fossil_CO2,22943.190841497
United States,Minnesota,2013,Fossil_CO2,10620.240184193
United States,Mississippi,2013,Fossil_CO2,53133.356503099
United States,Missouri,2013,Fossil_CO2,11292.709157605
United States,Montana,2013,Fossil_CO2,4439.588684749
United States,Nebraska,2013,Fossil_CO2,4145.8893956243
United States,Nevada,2013,Fossil_CO2,3500.9854274637
United States,Arizona,2013,Fossil_CO2,7146.8563929483
United States,New Hampshire,2013,Fossil_CO2,985.81315224527
United States,New Jersey,2013,Fossil_CO2,12273.995213973
United States,New Mexico,2013,Fossil_CO2,4802.4916991143
United States,New York,2013,Fossil_CO2,13615.2413817
United States,North Carolina,2013,Fossil_CO2,11901.101967384
United States,North Dakota,2013,Fossil_CO2,28270.443091293
United States,Ohio,2013,Fossil_CO2,32015.117698526
United States,Oklahoma,2013,Fossil_CO2,24546.448654289
United States,Oregon,2013,Fossil_CO2,7544.2684890373
United States,Pennsylvania,2013,Fossil_CO2,25283.626924585
United States,Arkansas,2013,Fossil_CO2,16495.299643943
United States,Rhode Island,2013,Fossil_CO2,1028.2554025083
United States,South Carolina,2013,Fossil_CO2,10766.527833525
United States,South Dakota,2013,Fossil_CO2,1321.7467639529
United States,Tennessee,2013,Fossil_CO2,12588.48204339
United States,Texas,2013,Fossil_CO2,86149.520113662
United States,Utah,2013,Fossil_CO2,5786.3675219508
United States,Vermont,2013,Fossil_CO2,571.91044636883
United States,Virginia,2013,Fossil_CO2,12947.869293866
United States,Washington,2013,Fossil_CO2,16925.27894474
United States,West Virginia,2013,Fossil_CO2,8691.8643989791
United States,California,2013,Fossil_CO2,80587.980147491
United States,Wisconsin,2013,Fossil_CO2,13139.401118238
United States,Wyoming,2013,Fossil_CO2,9059.2178702456
United States,Colorado,2013,Fossil_CO2,10936.475556653
United States,Connecticut,2013,Fossil_CO2,2146.7794561595
United States,Delaware,2013,Fossil_CO2,5141.897605505
United States,District of Columbia,2013,Fossil_CO2,179.49742877989
United States,Alabama,2014,Fossil_CO2,23910.739734419
United States,Florida,2014,Fossil_CO2,18784.802575895
United States,Georgia,2014,Fossil_CO2,27739.417602012
United States,Hawaii,2014,Fossil_CO2,1799.6058964856
United States,Idaho,2014,Fossil_CO2,2528.2208401357
United States,Illinois,2014,Fossil_CO2,37499.55915011
United States,Indiana,2014,Fossil_CO2,52312.684692457
United States,Iowa,2014,Fossil_CO2,22274.069294763
United States,Kansas,2014,Fossil_CO2,12777.025565624
United States,Kentucky,2014,Fossil_CO2,12164.417448511
United States,Louisiana,2014,Fossil_CO2,62284.899293396
United States,Alaska,2014,Fossil_CO2,9037.2434934207
United States,Maine,2014,Fossil_CO2,2514.6411654664
United States,Maryland,2014,Fossil_CO2,5992.4591749421
United States,Massachusetts,2014,Fossil_CO2,4191.6796177011
United States,Michigan,2014,Fossil_CO2,23190.231807287
United States,Minnesota,2014,Fossil_CO2,10648.685809377
United States,Mississippi,2014,Fossil_CO2,55508.933061081
United States,Missouri,2014,Fossil_CO2,11409.89071155
United States,Montana,2014,Fossil_CO2,4245.7050657598
United States,Nebraska,2014,Fossil_CO2,4200.344021955
United States,Nevada,2014,Fossil_CO2,3421.8089132788
United States,Arizona,2014,Fossil_CO2,7093.3135732362
United States,New Hampshire,2014,Fossil_CO2,986.07511381906
United States,New Jersey,2014,Fossil_CO2,12331.634032168
United States,New Mexico,2014,Fossil_CO2,5139.6630455513
United States,New York,2014,Fossil_CO2,13793.013912003
United States,North Carolina,2014,Fossil_CO2,11825.82994259
United States,North Dakota,2014,Fossil_CO2,30274.163910074
United States,Ohio,2014,Fossil_CO2,31994.938996882
United States,Oklahoma,2014,Fossil_CO2,24951.597767973
United States,Oregon,2014,Fossil_CO2,7378.6377952647
United States,Pennsylvania,2014,Fossil_CO2,25686.175063666
United States,Arkansas,2014,Fossil_CO2,18079.261977329
United States,Rhode Island,2014,Fossil_CO2,1032.107316128
United States,South Carolina,2014,Fossil_CO2,10761.31618351
United States,South Dakota,2014,Fossil_CO2,1317.58980139
United States,Tennessee,2014,Fossil_CO2,12567.869394886
United States,Texas,2014,Fossil_CO2,88913.445587126
United States,Utah,2014,Fossil_CO2,5719.7369070754
United States,Vermont,2014,Fossil_CO2,566.52994986306
United States,Virginia,2014,Fossil_CO2,12960.097112325
United States,Washington,2014,Fossil_CO2,16693.312326291
United States,West Virginia,2014,Fossil_CO2,8272.8198225378
United States,California,2014,Fossil_CO2,82040.083556708
United States,Wisconsin,2014,Fossil_CO2,13177.229682326
United States,Wyoming,2014,Fossil_CO2,8493.7412244439
United States,Colorado,2014,Fossil_CO2,10836.068550608
United States,Connecticut,2014,Fossil_CO2,2148.9294607599
United States,Delaware,2014,Fossil_CO2,5167.9451633681
United States,District of Columbia,2014,Fossil_CO2,180.22963854404
United States,Alabama,2015,Fossil_CO2,24739.486077893
United States,Florida,2015,Fossil_CO2,18490.113445917
United States,Georgia,2015,Fossil_CO2,29244.88206515
United States,Hawaii,2015,Fossil_CO2,1763.8688492886
United States,Idaho,2015,Fossil_CO2,2565.4859155231
United States,Illinois,2015,Fossil_CO2,37365.914799392
United States,Indiana,2015,Fossil_CO2,48883.659419994
United States,Iowa,2015,Fossil_CO2,24477.98140467
United States,Kansas,2015,Fossil_CO2,12363.296889877
United States,Kentucky,2015,Fossil_CO2,11807.698308292
United States,Louisiana,2015,Fossil_CO2,65908.045899578
United States,Alaska,2015,Fossil_CO2,9695.7547968891
United States,Maine,2015,Fossil_CO2,2463.0428810808
United States,Maryland,2015,Fossil_CO2,6160.3066891121
United States,Massachusetts,2015,Fossil_CO2,4130.8198710938
United States,Michigan,2015,Fossil_CO2,22316.480107457
United States,Minnesota,2015,Fossil_CO2,10450.992811938
United States,Mississippi,2015,Fossil_CO2,55354.484848561
United States,Missouri,2015,Fossil_CO2,11167.644509743
United States,Montana,2015,Fossil_CO2,4232.6690912533
United States,Nebraska,2015,Fossil_CO2,4133.3733658874
United States,Nevada,2015,Fossil_CO2,3411.1942267851
United States,Arizona,2015,Fossil_CO2,7013.7999601684
United States,New Hampshire,2015,Fossil_CO2,972.61130383017
United States,New Jersey,2015,Fossil_CO2,12087.134426502
United States,New Mexico,2015,Fossil_CO2,5663.1079659796
United States,New York,2015,Fossil_CO2,13448.303907114
United States,North Carolina,2015,Fossil_CO2,11558.437523965
United States,North Dakota,2015,Fossil_CO2,32543.936032671
United States,Ohio,2015,Fossil_CO2,30867.414242009
United States,Oklahoma,2015,Fossil_CO2,26754.833815909
United States,Oregon,2015,Fossil_CO2,7254.6724871193
United States,Pennsylvania,2015,Fossil_CO2,25479.678541479
United States,Arkansas,2015,Fossil_CO2,17921.292607686
United States,Rhode Island,2015,Fossil_CO2,1017.4263880054
United States,South Carolina,2015,Fossil_CO2,10331.846427621
United States,South Dakota,2015,Fossil_CO2,1303.0276190505
United States,Tennessee,2015,Fossil_CO2,12537.76134468
United States,Texas,2015,Fossil_CO2,89026.598867708
United States,Utah,2015,Fossil_CO2,5546.8535981873
United States,Vermont,2015,Fossil_CO2,561.01029518594
United States,Virginia,2015,Fossil_CO2,12960.584976163
United States,Washington,2015,Fossil_CO2,16370.819650681
United States,West Virginia,2015,Fossil_CO2,8410.8956013054
United States,California,2015,Fossil_CO2,80054.827331865
United States,Wisconsin,2015,Fossil_CO2,12912.548068938
United States,Wyoming,2015,Fossil_CO2,8793.5799546914
United States,Colorado,2015,Fossil_CO2,10889.639393516
United States,Connecticut,2015,Fossil_CO2,2120.9223343753
United States,Delaware,2015,Fossil_CO2,5058.699498364
United States,District of Columbia,2015,Fossil_CO2,177.73077879094
United States,Alabama,2016,Fossil_CO2,24839.793796605
United States,Florida,2016,Fossil_CO2,18763.967249042
United States,Georgia,2016,Fossil_CO2,29630.466792427
United States,Hawaii,2016,Fossil_CO2,1829.9476624906
United States,Idaho,2016,Fossil_CO2,2554.1588104461
United States,Illinois,2016,Fossil_CO2,37751.357731515
United States,Indiana,2016,Fossil_CO2,47465.147217884
United States,Iowa,2016,Fossil_CO2,24925.897762019
United States,Kansas,2016,Fossil_CO2,12092.415596631
United States,Kentucky,2016,Fossil_CO2,11563.743399201
United States,Louisiana,2016,Fossil_CO2,67720.283568591
United States,Alaska,2016,Fossil_CO2,9927.5049232349
United States,Maine,2016,Fossil_CO2,2402.8004851604
United States,Maryland,2016,Fossil_CO2,6018.9124729404
United States,Massachusetts,2016,Fossil_CO2,4218.672769764
United States,Michigan,2016,Fossil_CO2,21780.029109955
United States,Minnesota,2016,Fossil_CO2,10639.59762126
United States,Mississippi,2016,Fossil_CO2,53750.605881518
United States,Missouri,2016,Fossil_CO2,11023.9692552
United States,Montana,2016,Fossil_CO2,4096.1157778783
United States,Nebraska,2016,Fossil_CO2,4185.764758835
United States,Nevada,2016,Fossil_CO2,3409.4804964336
United States,Arizona,2016,Fossil_CO2,7116.2665074765
United States,New Hampshire,2016,Fossil_CO2,989.96894741474
United States,New Jersey,2016,Fossil_CO2,12435.142437031
United States,New Mexico,2016,Fossil_CO2,4913.7022499119
United States,New York,2016,Fossil_CO2,13335.787659705
United States,North Carolina,2016,Fossil_CO2,11559.064708721
United States,North Dakota,2016,Fossil_CO2,30112.363545277
United States,Ohio,2016,Fossil_CO2,30671.342460626
United States,Oklahoma,2016,Fossil_CO2,27254.125792164
United States,Oregon,2016,Fossil_CO2,7079.917848829
United States,Pennsylvania,2016,Fossil_CO2,24827.174484051
United States,Arkansas,2016,Fossil_CO2,17874.357876752
United States,Rhode Island,2016,Fossil_CO2,1042.5486576926
United States,South Carolina,2016,Fossil_CO2,10309.106440958
United States,South Dakota,2016,Fossil_CO2,1321.9786577309
United States,Tennessee,2016,Fossil_CO2,12652.127632402
United States,Texas,2016,Fossil_CO2,87132.480468638
United States,Utah,2016,Fossil_CO2,5652.0217772569
United States,Vermont,2016,Fossil_CO2,564.74483678425
United States,Virginia,2016,Fossil_CO2,13061.682194432
United States,Washington,2016,Fossil_CO2,16192.361866992
United States,West Virginia,2016,Fossil_CO2,7819.7519158086
United States,California,2016,Fossil_CO2,79937.371987035
United States,Wisconsin,2016,Fossil_CO2,12943.261799383
United States,Wyoming,2016,Fossil_CO2,8758.3877981372
United States,Colorado,2016,Fossil_CO2,10766.633875684
United States,Connecticut,2016,Fossil_CO2,2167.2332001715
United States,Delaware,2016,Fossil_CO2,5262.7574522157
United States,District of Columbia,2016,Fossil_CO2,182.08622607656
United States,Alabama,2017,Fossil_CO2,24493.31114712
United States,Florida,2017,Fossil_CO2,18141.424182636
United States,Georgia,2017,Fossil_CO2,28994.230514752
United States,Hawaii,2017,Fossil_CO2,1802.3576272157
United States,Idaho,2017,Fossil_CO2,2366.4089483273
United States,Illinois,2017,Fossil_CO2,37053.3279205
United States,Indiana,2017,Fossil_CO2,47343.627493158
United States,Iowa,2017,Fossil_CO2,24637.780101617
United States,Kansas,2017,Fossil_CO2,12075.027853033
United States,Kentucky,2017,Fossil_CO2,11137.417366942
United States,Louisiana,2017,Fossil_CO2,67063.676769423
United States,Alaska,2017,Fossil_CO2,9714.1888404123
United States,Maine,2017,Fossil_CO2,2297.9172199849
United States,Maryland,2017,Fossil_CO2,5811.5631728083
United States,Massachusetts,2017,Fossil_CO2,4063.7959215044
United States,Michigan,2017,Fossil_CO2,21474.803602281
United States,Minnesota,2017,Fossil_CO2,10323.073829135
United States,Mississippi,2017,Fossil_CO2,54192.15746524
United States,Missouri,2017,Fossil_CO2,10690.295322285
United States,Montana,2017,Fossil_CO2,3834.9066774148
United States,Nebraska,2017,Fossil_CO2,4110.6689168303
United States,Nevada,2017,Fossil_CO2,3136.2401278561
United States,Arizona,2017,Fossil_CO2,6743.4595268982
United States,New Hampshire,2017,Fossil_CO2,949.61260518761
United States,New Jersey,2017,Fossil_CO2,12146.150444063
United States,New Mexico,2017,Fossil_CO2,4597.8538850353
United States,New York,2017,Fossil_CO2,12983.392425593
United States,North Carolina,2017,Fossil_CO2,11051.975661827
United States,North Dakota,2017,Fossil_CO2,32263.411676271
United States,Ohio,2017,Fossil_CO2,29860.214452477
United States,Oklahoma,2017,Fossil_CO2,27074.964760108
United States,Oregon,2017,Fossil_CO2,6606.8385899768
United States,Pennsylvania,2017,Fossil_CO2,24422.163753539
United States,Arkansas,2017,Fossil_CO2,17784.903123295
United States,Rhode Island,2017,Fossil_CO2,1005.7140049497
United States,South Carolina,2017,Fossil_CO2,10056.643009821
United States,South Dakota,2017,Fossil_CO2,1258.0173628606
United States,Tennessee,2017,Fossil_CO2,12225.995735797
United States,Texas,2017,Fossil_CO2,88062.28855586
United States,Utah,2017,Fossil_CO2,5386.6985154853
United States,Vermont,2017,Fossil_CO2,531.99446386755
United States,Virginia,2017,Fossil_CO2,12670.683759723
United States,Washington,2017,Fossil_CO2,15431.376281227
United States,West Virginia,2017,Fossil_CO2,7494.1210797666
United States,California,2017,Fossil_CO2,78534.209555954
United States,Wisconsin,2017,Fossil_CO2,12490.96078982
United States,Wyoming,2017,Fossil_CO2,8244.6304455171
United States,Colorado,2017,Fossil_CO2,10426.930360757
United States,Connecticut,2017,Fossil_CO2,2081.6749272922
United States,Delaware,2017,Fossil_CO2,5205.2103128141
United States,District of Columbia,2017,Fossil_CO2,175.94959364736
United States,Alabama,2018,Fossil_CO2,25385.720102373
United States,Florida,2018,Fossil_CO2,18912.903297386
United States,Georgia,2018,Fossil_CO2,30457.641487481
United States,Hawaii,2018,Fossil_CO2,1951.1018206541
United States,Idaho,2018,Fossil_CO2,2637.6716887255
United States,Illinois,2018,Fossil_CO2,38417.258669173
United States,Indiana,2018,Fossil_CO2,49383.200459585
United States,Iowa,2018,Fossil_CO2,26261.288469582
United States,Kansas,2018,Fossil_CO2,12450.573849687
United States,Kentucky,2018,Fossil_CO2,11779.918893471
United States,Louisiana,2018,Fossil_CO2,69819.113166529
United States,Alaska,2018,Fossil_CO2,10133.521485229
United States,Maine,2018,Fossil_CO2,2264.6008844547
United States,Maryland,2018,Fossil_CO2,6068.4082536482
United States,Massachusetts,2018,Fossil_CO2,4229.9861841377
United States,Michigan,2018,Fossil_CO2,22292.226842349
United States,Minnesota,2018,Fossil_CO2,10662.562143138
United States,Mississippi,2018,Fossil_CO2,55600.828066193
United States,Missouri,2018,Fossil_CO2,11234.986343599
United States,Montana,2018,Fossil_CO2,3950.3709896144
United States,Nebraska,2018,Fossil_CO2,4345.3722545004
United States,Nevada,2018,Fossil_CO2,3444.7281274311
United States,Arizona,2018,Fossil_CO2,7349.5892556904
United States,New Hampshire,2018,Fossil_CO2,999.35415541306
United States,New Jersey,2018,Fossil_CO2,12577.571421155
United States,New Mexico,2018,Fossil_CO2,5712.2359509022
United States,New York,2018,Fossil_CO2,13403.812070102
United States,North Carolina,2018,Fossil_CO2,11595.720992944
United States,North Dakota,2018,Fossil_CO2,37964.611245227
United States,Ohio,2018,Fossil_CO2,31957.901179495
United States,Oklahoma,2018,Fossil_CO2,28606.631636791
United States,Oregon,2018,Fossil_CO2,6976.605353836
United States,Pennsylvania,2018,Fossil_CO2,25016.471935564
United States,Arkansas,2018,Fossil_CO2,18465.971661747
United States,Rhode Island,2018,Fossil_CO2,1043.4988234887
United States,South Carolina,2018,Fossil_CO2,10512.616085928
United States,South Dakota,2018,Fossil_CO2,1371.6990813859
United States,Tennessee,2018,Fossil_CO2,12855.349602093
United States,Texas,2018,Fossil_CO2,94871.68750173
United States,Utah,2018,Fossil_CO2,5757.2254252258
United States,Vermont,2018,Fossil_CO2,552.30565152432
United States,Virginia,2018,Fossil_CO2,13054.912779455
United States,Washington,2018,Fossil_CO2,16106.415811227
United States,West Virginia,2018,Fossil_CO2,7368.0748535573
United States,California,2018,Fossil_CO2,81134.579542712
United States,Wisconsin,2018,Fossil_CO2,12995.933340396
United States,Wyoming,2018,Fossil_CO2,7302.3648301874
United States,Colorado,2018,Fossil_CO2,11129.100839528
United States,Connecticut,2018,Fossil_CO2,2159.8400165968
United States,Delaware,2018,Fossil_CO2,5305.7181812133
United States,District of Columbia,2018,Fossil_CO2,182.20326821108
United States,Alabama,2019,Fossil_CO2,24896.929134846
United States,Florida,2019,Fossil_CO2,18806.902326646
United States,Georgia,2019,Fossil_CO2,29900.957413214
United States,Hawaii,2019,Fossil_CO2,1939.3404971124
United States,Idaho,2019,Fossil_CO2,2682.7314658242
United States,Illinois,2019,Fossil_CO2,38421.445806591
United States,Indiana,2019,Fossil_CO2,49086.577728755
United States,Iowa,2019,Fossil_CO2,25831.819032016
United States,Kansas,2019,Fossil_CO2,12651.614021489
United States,Kentucky,2019,Fossil_CO2,11914.903064606
United States,Louisiana,2019,Fossil_CO2,68506.650691854
United States,Alaska,2019,Fossil_CO2,10221.556265604
United States,Maine,2019,Fossil_CO2,2188.2027104048
United States,Maryland,2019,Fossil_CO2,6195.6441442457
United States,Massachusetts,2019,Fossil_CO2,4226.5282371955
United States,Michigan,2019,Fossil_CO2,22316.51256521
United States,Minnesota,2019,Fossil_CO2,10539.155173256
United States,Mississippi,2019,Fossil_CO2,56160.903679473
United States,Missouri,2019,Fossil_CO2,11374.839831066
United States,Montana,2019,Fossil_CO2,4274.4105193053
United States,Nebraska,2019,Fossil_CO2,4329.3318031045
United States,Nevada,2019,Fossil_CO2,3546.7823076579
United States,Arizona,2019,Fossil_CO2,7428.4680004381
United States,New Hampshire,2019,Fossil_CO2,1000.4401783209
United States,New Jersey,2019,Fossil_CO2,12528.769522953
United States,New Mexico,2019,Fossil_CO2,6174.1165282226
United States,New York,2019,Fossil_CO2,13530.230786407
United States,North Carolina,2019,Fossil_CO2,11502.2957548
United States,North Dakota,2019,Fossil_CO2,39086.769466272
United States,Ohio,2019,Fossil_CO2,31598.378813577
United States,Oklahoma,2019,Fossil_CO2,28093.011783338
United States,Oregon,2019,Fossil_CO2,7006.6903454324
United States,Pennsylvania,2019,Fossil_CO2,25510.62862571
United States,Arkansas,2019,Fossil_CO2,18168.10047645
United States,Rhode Island,2019,Fossil_CO2,1043.8962332831
United States,South Carolina,2019,Fossil_CO2,10307.558616112
United States,South Dakota,2019,Fossil_CO2,1388.9803906807
United States,Tennessee,2019,Fossil_CO2,12757.415996466
United States,Texas,2019,Fossil_CO2,99357.770603107
United States,Utah,2019,Fossil_CO2,6101.5251925893
United States,Vermont,2019,Fossil_CO2,558.05315680222
United States,Virginia,2019,Fossil_CO2,12952.076951857
United States,Washington,2019,Fossil_CO2,16020.541704183
United States,West Virginia,2019,Fossil_CO2,8003.6428731647
United States,California,2019,Fossil_CO2,82013.20910943
United States,Wisconsin,2019,Fossil_CO2,12843.975046637
United States,Wyoming,2019,Fossil_CO2,9400.0894596045
United States,Colorado,2019,Fossil_CO2,11170.684553272
United States,Connecticut,2019,Fossil_CO2,2166.7828921642
United States,Delaware,2019,Fossil_CO2,5264.2047002024
United States,District of Columbia,2019,Fossil_CO2,182.21464117562
United States,Alabama,2020,Fossil_CO2,25814.138497663
United States,Florida,2020,Fossil_CO2,18900.925866854
United States,Georgia,2020,Fossil_CO2,30938.773760508
United States,Hawaii,2020,Fossil_CO2,1843.579104362
United States,Idaho,2020,Fossil_CO2,2569.8593983757
United States,Illinois,2020,Fossil_CO2,36682.539386396
United States,Indiana,2020,Fossil_CO2,44321.359936842
United States,Iowa,2020,Fossil_CO2,26227.227684754
United States,Kansas,2020,Fossil_CO2,11972.894590817
United States,Kentucky,2020,Fossil_CO2,11397.638897395
United States,Louisiana,2020,Fossil_CO2,68749.023978582
United States,Alaska,2020,Fossil_CO2,10033.26683519
United States,Maine,2020,Fossil_CO2,2523.5386258492
United States,Maryland,2020,Fossil_CO2,5911.3323961776
United States,Massachusetts,2020,Fossil_CO2,4163.0878842831
United States,Michigan,2020,Fossil_CO2,20841.796778936
United States,Minnesota,2020,Fossil_CO2,10568.918134166
United States,Mississippi,2020,Fossil_CO2,54349.5075466
United States,Missouri,2020,Fossil_CO2,10791.395698039
United States,Montana,2020,Fossil_CO2,3862.6260101842
United States,Nebraska,2020,Fossil_CO2,4169.6982331614
United States,Nevada,2020,Fossil_CO2,3267.1615505472
United States,Arizona,2020,Fossil_CO2,7093.9936115438
United States,New Hampshire,2020,Fossil_CO2,985.14660562526
United States,New Jersey,2020,Fossil_CO2,12046.255950794
United States,New Mexico,2020,Fossil_CO2,5331.5364593557
United States,New York,2020,Fossil_CO2,13090.480095465
United States,North Carolina,2020,Fossil_CO2,11551.08957089
United States,North Dakota,2020,Fossil_CO2,35292.682401264
United States,Ohio,2020,Fossil_CO2,29891.183556451
United States,Oklahoma,2020,Fossil_CO2,28240.173386625
United States,Oregon,2020,Fossil_CO2,6854.8036128424
United States,Pennsylvania,2020,Fossil_CO2,23654.54881591
United States,Arkansas,2020,Fossil_CO2,17946.685878863
United States,Rhode Island,2020,Fossil_CO2,1020.6789457
United States,South Carolina,2020,Fossil_CO2,10344.366218236
United States,South Dakota,2020,Fossil_CO2,1325.350155016
United States,Tennessee,2020,Fossil_CO2,12581.929450903
United States,Texas,2020,Fossil_CO2,90632.318749525
United States,Utah,2020,Fossil_CO2,5594.7395494341
United States,Vermont,2020,Fossil_CO2,544.35485594456
United States,Virginia,2020,Fossil_CO2,13206.567750807
United States,Washington,2020,Fossil_CO2,15686.722032609
United States,West Virginia,2020,Fossil_CO2,8347.8278746396
United States,California,2020,Fossil_CO2,77967.071289105
United States,Wisconsin,2020,Fossil_CO2,13150.367601976
United States,Wyoming,2020,Fossil_CO2,8673.379634933
United States,Colorado,2020,Fossil_CO2,10647.346978683
United States,Connecticut,2020,Fossil_CO2,2110.6932208754
United States,Delaware,2020,Fossil_CO2,4961.2963362745
United States,District of Columbia,2020,Fossil_CO2,178.50432654957
United States,Alabama,2021,Fossil_CO2,26318.36378111
United States,Florida,2021,Fossil_CO2,20461.786314888
United States,Georgia,2021,Fossil_CO2,31509.781772228
United States,Hawaii,2021,Fossil_CO2,1927.8171953467
United States,Idaho,2021,Fossil_CO2,2728.007058525
United States,Illinois,2021,Fossil_CO2,37704.48529227
United States,Indiana,2021,Fossil_CO2,46094.673762501
United States,Iowa,2021,Fossil_CO2,25327.126443409
United States,Kansas,2021,Fossil_CO2,12604.004320911
United States,Kentucky,2021,Fossil_CO2,11792.978648844
United States,Louisiana,2021,Fossil_CO2,67734.78447689
United States,Alaska,2021,Fossil_CO2,9734.2860644867
United States,Maine,2021,Fossil_CO2,2880.807827008
United States,Maryland,2021,Fossil_CO2,6433.8373742484
United States,Massachusetts,2021,Fossil_CO2,4485.5637986978
United States,Michigan,2021,Fossil_CO2,19812.569810302
United States,Minnesota,2021,Fossil_CO2,11236.776467889
United States,Mississippi,2021,Fossil_CO2,55379.592699487
United States,Missouri,2021,Fossil_CO2,11459.167304811
United States,Montana,2021,Fossil_CO2,3717.61849328
United States,Nebraska,2021,Fossil_CO2,4360.3395041551
United States,Nevada,2021,Fossil_CO2,3509.9208120317
United States,Arizona,2021,Fossil_CO2,7607.711247386
United States,New Hampshire,2021,Fossil_CO2,1064.5250216932
United States,New Jersey,2021,Fossil_CO2,12739.773410724
United States,New Mexico,2021,Fossil_CO2,5134.3448557261
United States,New York,2021,Fossil_CO2,13970.827830201
United States,North Carolina,2021,Fossil_CO2,12506.672172249
United States,North Dakota,2021,Fossil_CO2,31962.995353313
United States,Ohio,2021,Fossil_CO2,31443.631190731
United States,Oklahoma,2021,Fossil_CO2,27668.100961814
United States,Oregon,2021,Fossil_CO2,7338.0164413043
United States,Pennsylvania,2021,Fossil_CO2,24865.994629767
United States,Arkansas,2021,Fossil_CO2,18384.169142232
United States,Rhode Island,2021,Fossil_CO2,1096.9086307866
United States,South Carolina,2021,Fossil_CO2,10817.77163029
United States,South Dakota,2021,Fossil_CO2,1424.258421152
United States,Tennessee,2021,Fossil_CO2,13172.835802221
United States,Texas,2021,Fossil_CO2,90166.543042766
United States,Utah,2021,Fossil_CO2,5716.2055889033
United States,Vermont,2021,Fossil_CO2,592.36760913179
United States,Virginia,2021,Fossil_CO2,13995.85352966
United States,Washington,2021,Fossil_CO2,16571.996906116
United States,West Virginia,2021,Fossil_CO2,8261.1004126594
United States,California,2021,Fossil_CO2,82347.743942329
United States,Wisconsin,2021,Fossil_CO2,14398.855577077
United States,Wyoming,2021,Fossil_CO2,6818.0739033267
United States,Colorado,2021,Fossil_CO2,10913.133569036
United States,Connecticut,2021,Fossil_CO2,2269.2247239757
United States,Delaware,2021,Fossil_CO2,5148.1633052378
United States,District of Columbia,2021,Fossil_CO2,190.91887701264
United States,Alabama,2022,Fossil_CO2,27215.717553048
United States,Florida,2022,Fossil_CO2,20399.668525435
United States,Georgia,2022,Fossil_CO2,32760.663637501
United States,Hawaii,2022,Fossil_CO2,1951.8093597317
United States,Idaho,2022,Fossil_CO2,2763.7135957591
United States,Illinois,2022,Fossil_CO2,38039.209865707
United States,Indiana,2022,Fossil_CO2,45094.848424159
United States,Iowa,2022,Fossil_CO2,26941.176954961
United States,Kansas,2022,Fossil_CO2,12701.971635005
United States,Kentucky,2022,Fossil_CO2,11742.882664571
United States,Louisiana,2022,Fossil_CO2,71498.774156043
United States,Alaska,2022,Fossil_CO2,10406.736351871
United States,Maine,2022,Fossil_CO2,2923.2716427907
United States,Maryland,2022,Fossil_CO2,6638.5600885596
United States,Massachusetts,2022,Fossil_CO2,4458.7425259697
United States,Michigan,2022,Fossil_CO2,20041.000570832
United States,Minnesota,2022,Fossil_CO2,11304.682042107
United States,Mississippi,2022,Fossil_CO2,57050.682745686
United States,Missouri,2022,Fossil_CO2,11497.55634864
United States,Montana,2022,Fossil_CO2,3803.3355135606
United States,Nebraska,2022,Fossil_CO2,4333.7805733299
United States,Nevada,2022,Fossil_CO2,3498.7724210812
United States,Arizona,2022,Fossil_CO2,7552.8357152913
United States,New Hampshire,2022,Fossil_CO2,1059.5095324657
United States,New Jersey,2022,Fossil_CO2,12762.128241524
United States,New Mexico,2022,Fossil_CO2,4954.2920367287
United States,New York,2022,Fossil_CO2,13957.873716241
United States,North Carolina,2022,Fossil_CO2,12434.849986983
United States,North Dakota,2022,Fossil_CO2,31688.221120336
United States,Ohio,2022,Fossil_CO2,30783.933815662
United States,Oklahoma,2022,Fossil_CO2,29244.223742
United States,Oregon,2022,Fossil_CO2,7338.2166554484
United States,Pennsylvania,2022,Fossil_CO2,25414.643514348
United States,Arkansas,2022,Fossil_CO2,18545.497093563
United States,Rhode Island,2022,Fossil_CO2,1088.1609710433
United States,South Carolina,2022,Fossil_CO2,10674.226717252
United States,South Dakota,2022,Fossil_CO2,1415.8851252845
United States,Tennessee,2022,Fossil_CO2,13285.718212602
United States,Texas,2022,Fossil_CO2,92663.886858787
United States,Utah,2022,Fossil_CO2,5776.6455244102
United States,Vermont,2022,Fossil_CO2,591.29224899863
United States,Virginia,2022,Fossil_CO2,14133.95797658
United States,Washington,2022,Fossil_CO2,16744.63359953
United States,West Virginia,2022,Fossil_CO2,8536.2703996904
United States,California,2022,Fossil_CO2,82824.977475867
United States,Wisconsin,2022,Fossil_CO2,14417.069786462
United States,Wyoming,2022,Fossil_CO2,6902.3141782546
United States,Colorado,2022,Fossil_CO2,11041.3858185
United States,Connecticut,2022,Fossil_CO2,2254.2621069439
United States,Delaware,2022,Fossil_CO2,5243.6248397758
United States,District of Columbia,2022,Fossil_CO2,189.88807957734
United States,Alabama,2023,Fossil_CO2,27096.384322295
United States,Florida,2023,Fossil_CO2,20392.894363584
United States,Georgia,2023,Fossil_CO2,32951.340568654
United States,Hawaii,2023,Fossil_CO2,1924.3075541314
United States,Idaho,2023,Fossil_CO2,2776.3275852314
United States,Illinois,2023,Fossil_CO2,37730.03398452
United States,Indiana,2023,Fossil_CO2,43726.521832278
United States,Iowa,2023,Fossil_CO2,26997.827217813
United States,Kansas,2023,Fossil_CO2,12485.242319185
United States,Kentucky,2023,Fossil_CO2,11674.034814257
United States,Louisiana,2023,Fossil_CO2,71598.325495843
United States,Alaska,2023,Fossil_CO2,10335.749649562
United States,Maine,2023,Fossil_CO2,2898.6818095593
United States,Maryland,2023,Fossil_CO2,6714.322762843
United States,Massachusetts,2023,Fossil_CO2,4361.9010428791
United States,Michigan,2023,Fossil_CO2,19807.742853524
United States,Minnesota,2023,Fossil_CO2,11280.83433391
United States,Mississippi,2023,Fossil_CO2,56088.774336126
United States,Missouri,2023,Fossil_CO2,11338.649043622
United States,Montana,2023,Fossil_CO2,3761.5728484072
United States,Nebraska,2023,Fossil_CO2,4284.6735925154
United States,Nevada,2023,Fossil_CO2,3519.3503102202
United States,Arizona,2023,Fossil_CO2,7643.4336281993
United States,New Hampshire,2023,Fossil_CO2,1053.3357793622
United States,New Jersey,2023,Fossil_CO2,12697.203021808
United States,New Mexico,2023,Fossil_CO2,5280.2983169945
United States,New York,2023,Fossil_CO2,13648.174098567
United States,North Carolina,2023,Fossil_CO2,12494.700703118
United States,North Dakota,2023,Fossil_CO2,31765.28418421
United States,Ohio,2023,Fossil_CO2,30331.147896133
United States,Oklahoma,2023,Fossil_CO2,29285.965408941
United States,Oregon,2023,Fossil_CO2,7249.3589374405
United States,Pennsylvania,2023,Fossil_CO2,25348.561056299
United States,Arkansas,2023,Fossil_CO2,18237.273941538
United States,Rhode Island,2023,Fossil_CO2,1060.0417366917
United States,South Carolina,2023,Fossil_CO2,10601.33179413
United States,South Dakota,2023,Fossil_CO2,1430.4229677954
United States,Tennessee,2023,Fossil_CO2,13285.472220318
United States,Texas,2023,Fossil_CO2,95408.996416835
United States,Utah,2023,Fossil_CO2,5824.1535349631
United States,Vermont,2023,Fossil_CO2,587.09869959762
United States,Virginia,2023,Fossil_CO2,14090.672183378
United States,Washington,2023,Fossil_CO2,16654.064637059
United States,West Virginia,2023,Fossil_CO2,8603.6919880593
United States,California,2023,Fossil_CO2,81548.2584627
United States,Wisconsin,2023,Fossil_CO2,14392.734493027
United States,Wyoming,2023,Fossil_CO2,6996.9064665194
United States,Colorado,2023,Fossil_CO2,11012.027811953
United States,Connecticut,2023,Fossil_CO2,2214.630008825
United States,Delaware,2023,Fossil_CO2,5261.5502240878
United States,District of Columbia,2023,Fossil_CO2,182.88041884268
United States,Alabama,1990,CH4_AR5,13086.892166507
United States,Florida,1990,CH4_AR5,1165.3161247804
United States,Georgia,1990,CH4_AR5,1028.7868814593
United States,Hawaii,1990,CH4_AR5,47.620448481821
United States,Idaho,1990,CH4_AR5,562.05983397442
United States,Illinois,1990,CH4_AR5,6837.9313786241
United States,Indiana,1990,CH4_AR5,1324.8372853123
United States,Iowa,1990,CH4_AR5,1414.1581093842
United States,Kansas,1990,CH4_AR5,2413.7585410202
United States,Kentucky,1990,CH4_AR5,4930.8555309383
United States,Louisiana,1990,CH4_AR5,5934.8361143781
United States,Alaska,1990,CH4_AR5,2378.8407988963
United States,Maine,1990,CH4_AR5,262.73683385419
United States,Maryland,1990,CH4_AR5,382.22178358507
United States,Massachusetts,1990,CH4_AR5,283.77708902946
United States,Michigan,1990,CH4_AR5,2104.8561823944
United States,Minnesota,1990,CH4_AR5,1383.7177837906
United States,Mississippi,1990,CH4_AR5,2121.1004098904
United States,Missouri,1990,CH4_AR5,1208.9332917933
United States,Montana,1990,CH4_AR5,16139.945003748
United States,Nebraska,1990,CH4_AR5,1231.7417000748
United States,Nevada,1990,CH4_AR5,426.67165908172
United States,Arizona,1990,CH4_AR5,1090.5895195699
United States,New Hampshire,1990,CH4_AR5,131.3485728659
United States,New Jersey,1990,CH4_AR5,364.84992380774
United States,New Mexico,1990,CH4_AR5,11519.606045458
United States,New York,1990,CH4_AR5,1234.5054514201
United States,North Carolina,1990,CH4_AR5,729.58630333489
United States,North Dakota,1990,CH4_AR5,77049.192268236
United States,Ohio,1990,CH4_AR5,4951.9486972339
United States,Oklahoma,1990,CH4_AR5,5218.0107076928
United States,Oregon,1990,CH4_AR5,860.45036902195
United States,Pennsylvania,1990,CH4_AR5,35473.240761142
United States,Arkansas,1990,CH4_AR5,1842.6805091948
United States,Rhode Island,1990,CH4_AR5,57.741034925307
United States,South Carolina,1990,CH4_AR5,660.81016147205
United States,South Dakota,1990,CH4_AR5,557.88847082088
United States,Tennessee,1990,CH4_AR5,808.89963604627
United States,Texas,1990,CH4_AR5,78503.701736349
United States,Utah,1990,CH4_AR5,6550.1823296589
United States,Vermont,1990,CH4_AR5,86.4102323051
United States,Virginia,1990,CH4_AR5,9076.1184985102
United States,Washington,1990,CH4_AR5,764.52133384588
United States,West Virginia,1990,CH4_AR5,25988.783863335
United States,California,1990,CH4_AR5,3274.9259297072
United States,Wisconsin,1990,CH4_AR5,1030.9807670998
United States,Wyoming,1990,CH4_AR5,28881.450453985
United States,Colorado,1990,CH4_AR5,11911.632437676
United States,Connecticut,1990,CH4_AR5,204.26381892388
United States,Delaware,1990,CH4_AR5,84.570784364371
United States,District of Columbia,1990,CH4_AR5,3.6647067522235
United States,Alabama,1991,CH4_AR5,11186.306721009
United States,Florida,1991,CH4_AR5,1181.2016645065
United States,Georgia,1991,CH4_AR5,1045.3342403319
United States,Hawaii,1991,CH4_AR5,48.091574965172
United States,Idaho,1991,CH4_AR5,573.18870755036
United States,Illinois,1991,CH4_AR5,6041.0290606144
United States,Indiana,1991,CH4_AR5,1302.7942710513
United States,Iowa,1991,CH4_AR5,1438.3260666582
United States,Kansas,1991,CH4_AR5,2452.1854733465
United States,Kentucky,1991,CH4_AR5,4275.492376855
United States,Louisiana,1991,CH4_AR5,6006.9402207885
United States,Alaska,1991,CH4_AR5,2403.1591640311
United States,Maine,1991,CH4_AR5,267.37593893701
United States,Maryland,1991,CH4_AR5,376.55478320345
United States,Massachusetts,1991,CH4_AR5,287.51816425538
United States,Michigan,1991,CH4_AR5,2117.72420945
United States,Minnesota,1991,CH4_AR5,1405.5987620101
United States,Mississippi,1991,CH4_AR5,2150.4303302442
United States,Missouri,1991,CH4_AR5,1228.4026719774
United States,Montana,1991,CH4_AR5,14090.727298236
United States,Nebraska,1991,CH4_AR5,1252.4174490128
United States,Nevada,1991,CH4_AR5,433.75759419499
United States,Arizona,1991,CH4_AR5,1108.2909417744
United States,New Hampshire,1991,CH4_AR5,133.57137265975
United States,New Jersey,1991,CH4_AR5,367.94263061563
United States,New Mexico,1991,CH4_AR5,11185.423718699
United States,New York,1991,CH4_AR5,1252.5780444371
United States,North Carolina,1991,CH4_AR5,741.35736976781
United States,North Dakota,1991,CH4_AR5,77761.467863358
United States,Ohio,1991,CH4_AR5,4622.4458646366
United States,Oklahoma,1991,CH4_AR5,5292.6237728991
United States,Oregon,1991,CH4_AR5,876.28276385013
United States,Pennsylvania,1991,CH4_AR5,39564.038664895
United States,Arkansas,1991,CH4_AR5,1869.9459230971
United States,Rhode Island,1991,CH4_AR5,58.373800560993
United States,South Carolina,1991,CH4_AR5,671.2839653809
United States,South Dakota,1991,CH4_AR5,568.32364593249
United States,Tennessee,1991,CH4_AR5,820.70519204544
United States,Texas,1991,CH4_AR5,79298.986177389
United States,Utah,1991,CH4_AR5,5607.6357290996
United States,Vermont,1991,CH4_AR5,88.006585492852
United States,Virginia,1991,CH4_AR5,7650.7258857299
United States,Washington,1991,CH4_AR5,776.21336644657
United States,West Virginia,1991,CH4_AR5,22015.864648278
United States,California,1991,CH4_AR5,3311.1852599885
United States,Wisconsin,1991,CH4_AR5,1046.8721865547
United States,Wyoming,1991,CH4_AR5,27001.748997328
United States,Colorado,1991,CH4_AR5,10572.296945329
United States,Connecticut,1991,CH4_AR5,207.22691053509
United States,Delaware,1991,CH4_AR5,85.03102413441
United States,District of Columbia,1991,CH4_AR5,3.6595866514988
United States,Alabama,1992,CH4_AR5,11019.687011925
United States,Florida,1992,CH4_AR5,1181.2390397765
United States,Georgia,1992,CH4_AR5,1037.697355846
United States,Hawaii,1992,CH4_AR5,48.486834888274
United States,Idaho,1992,CH4_AR5,569.98547659882
United States,Illinois,1992,CH4_AR5,5977.2772612205
United States,Indiana,1992,CH4_AR5,1296.2833364742
United States,Iowa,1992,CH4_AR5,1431.6628540475
United States,Kansas,1992,CH4_AR5,2449.5315397558
United States,Kentucky,1992,CH4_AR5,4221.4225444951
United States,Louisiana,1992,CH4_AR5,5986.7641674986
United States,Alaska,1992,CH4_AR5,2387.5111971341
United States,Maine,1992,CH4_AR5,265.01080251052
United States,Maryland,1992,CH4_AR5,375.96722105217
United States,Massachusetts,1992,CH4_AR5,288.22612201558
United States,Michigan,1992,CH4_AR5,2110.7435481668
United States,Minnesota,1992,CH4_AR5,1403.5516988454
United States,Mississippi,1992,CH4_AR5,2139.2784307762
United States,Missouri,1992,CH4_AR5,1226.7479910039
United States,Montana,1992,CH4_AR5,13913.977295343
United States,Nebraska,1992,CH4_AR5,1250.2565043006
United States,Nevada,1992,CH4_AR5,433.20076882362
United States,Arizona,1992,CH4_AR5,1107.3376229776
United States,New Hampshire,1992,CH4_AR5,133.29557767319
United States,New Jersey,1992,CH4_AR5,371.25615162508
United States,New Mexico,1992,CH4_AR5,11099.271389187
United States,New York,1992,CH4_AR5,1253.4714309822
United States,North Carolina,1992,CH4_AR5,739.09045140687
United States,North Dakota,1992,CH4_AR5,77321.872792845
United States,Ohio,1992,CH4_AR5,4587.014553964
United States,Oklahoma,1992,CH4_AR5,5277.6228694378
United States,Oregon,1992,CH4_AR5,872.27602136885
United States,Pennsylvania,1992,CH4_AR5,38982.207812615
United States,Arkansas,1992,CH4_AR5,1863.9532725156
United States,Rhode Island,1992,CH4_AR5,58.702876598594
United States,South Carolina,1992,CH4_AR5,668.96579935807
United States,South Dakota,1992,CH4_AR5,566.18256185944
United States,Tennessee,1992,CH4_AR5,819.79894217057
United States,Texas,1992,CH4_AR5,78908.124858825
United States,Utah,1992,CH4_AR5,5528.6395466465
United States,Vermont,1992,CH4_AR5,87.630919664177
United States,Virginia,1992,CH4_AR5,7534.3204076172
United States,Washington,1992,CH4_AR5,775.01133504494
United States,West Virginia,1992,CH4_AR5,21685.035848075
United States,California,1992,CH4_AR5,3319.1831345934
United States,Wisconsin,1992,CH4_AR5,1044.3638017455
United States,Wyoming,1992,CH4_AR5,26883.438925739
United States,Colorado,1992,CH4_AR5,10446.229151684
United States,Connecticut,1992,CH4_AR5,207.47250837482
United States,Delaware,1992,CH4_AR5,86.355914345645
United States,District of Columbia,1992,CH4_AR5,3.7389422431132
United States,Alabama,1993,CH4_AR5,10579.939152179
United States,Florida,1993,CH4_AR5,1229.4712700701
United States,Georgia,1993,CH4_AR5,1087.3420702111
United States,Hawaii,1993,CH4_AR5,50.671863705362
United States,Idaho,1993,CH4_AR5,598.94753369044
United States,Illinois,1993,CH4_AR5,5819.7360393987
United States,Indiana,1993,CH4_AR5,1323.7475474015
United States,Iowa,1993,CH4_AR5,1468.6431339565
United States,Kansas,1993,CH4_AR5,2508.0706857169
United States,Kentucky,1993,CH4_AR5,4078.2962584688
United States,Louisiana,1993,CH4_AR5,6081.7183964269
United States,Alaska,1993,CH4_AR5,2417.427179974
United States,Maine,1993,CH4_AR5,281.28150762114
United States,Maryland,1993,CH4_AR5,385.52712746563
United States,Massachusetts,1993,CH4_AR5,299.56580830334
United States,Michigan,1993,CH4_AR5,2162.651362881
United States,Minnesota,1993,CH4_AR5,1450.9753347692
United States,Mississippi,1993,CH4_AR5,2188.2598861737
United States,Missouri,1993,CH4_AR5,1270.5147404194
United States,Montana,1993,CH4_AR5,13374.007321766
United States,Nebraska,1993,CH4_AR5,1286.1066212745
United States,Nevada,1993,CH4_AR5,448.73459127882
United States,Arizona,1993,CH4_AR5,1143.0368512501
United States,New Hampshire,1993,CH4_AR5,139.38616764965
United States,New Jersey,1993,CH4_AR5,383.73676226865
United States,New Mexico,1993,CH4_AR5,11116.406990216
United States,New York,1993,CH4_AR5,1291.9271320532
United States,North Carolina,1993,CH4_AR5,779.9267169438
United States,North Dakota,1993,CH4_AR5,78159.35417789
United States,Ohio,1993,CH4_AR5,4553.6902427692
United States,Oklahoma,1993,CH4_AR5,5368.423796037
United States,Oregon,1993,CH4_AR5,915.56593957726
United States,Pennsylvania,1993,CH4_AR5,37288.217004405
United States,Arkansas,1993,CH4_AR5,1910.9363176306
United States,Rhode Island,1993,CH4_AR5,60.606737473423
United States,South Carolina,1993,CH4_AR5,699.59579977641
United States,South Dakota,1993,CH4_AR5,590.47146346324
United States,Tennessee,1993,CH4_AR5,852.22605935034
United States,Texas,1993,CH4_AR5,79857.628309857
United States,Utah,1993,CH4_AR5,5310.1470898726
United States,Vermont,1993,CH4_AR5,92.547562911655
United States,Virginia,1993,CH4_AR5,7203.0303357087
United States,Washington,1993,CH4_AR5,811.19657529098
United States,West Virginia,1993,CH4_AR5,20699.183227369
United States,California,1993,CH4_AR5,3411.7600777705
United States,Wisconsin,1993,CH4_AR5,1088.6499774686
United States,Wyoming,1993,CH4_AR5,25352.669736151
United States,Colorado,1993,CH4_AR5,10150.833842584
United States,Connecticut,1993,CH4_AR5,215.3634050318
United States,Delaware,1993,CH4_AR5,89.108313317897
United States,District of Columbia,1993,CH4_AR5,3.8176970524997
United States,Alabama,1994,CH4_AR5,10278.112030551
United States,Florida,1994,CH4_AR5,1241.8933515433
United States,Georgia,1994,CH4_AR5,1096.1867078167
United States,Hawaii,1994,CH4_AR5,49.955070446006
United States,Idaho,1994,CH4_AR5,600.37351567681
United States,Illinois,1994,CH4_AR5,5713.9799120571
United States,Indiana,1994,CH4_AR5,1338.3827434404
United States,Iowa,1994,CH4_AR5,1497.3308991943
United States,Kansas,1994,CH4_AR5,2561.9606970324
United States,Kentucky,1994,CH4_AR5,3985.5903011235
United States,Louisiana,1994,CH4_AR5,6210.2566224944
United States,Alaska,1994,CH4_AR5,2466.6996380004
United States,Maine,1994,CH4_AR5,282.19509718558
United States,Maryland,1994,CH4_AR5,392.99881484372
United States,Massachusetts,1994,CH4_AR5,302.14278236262
United States,Michigan,1994,CH4_AR5,2197.4006684888
United States,Minnesota,1994,CH4_AR5,1473.2171710374
United States,Mississippi,1994,CH4_AR5,2233.719832713
United States,Missouri,1994,CH4_AR5,1286.6621065984
United States,Montana,1994,CH4_AR5,13181.168969252
United States,Nebraska,1994,CH4_AR5,1310.0854369485
United States,Nevada,1994,CH4_AR5,455.60773770741
United States,Arizona,1994,CH4_AR5,1161.3540951228
United States,New Hampshire,1994,CH4_AR5,140.39906273138
United States,New Jersey,1994,CH4_AR5,385.73144377133
United States,New Mexico,1994,CH4_AR5,11235.574267286
United States,New York,1994,CH4_AR5,1312.8001288398
United States,North Carolina,1994,CH4_AR5,782.3675354826
United States,North Dakota,1994,CH4_AR5,79825.954198807
United States,Ohio,1994,CH4_AR5,4552.7790995288
United States,Oklahoma,1994,CH4_AR5,5496.9174260519
United States,Oregon,1994,CH4_AR5,918.60333500656
United States,Pennsylvania,1994,CH4_AR5,36200.272438778
United States,Arkansas,1994,CH4_AR5,1950.96124682
United States,Rhode Island,1994,CH4_AR5,61.207760594101
United States,South Carolina,1994,CH4_AR5,707.01889255276
United States,South Dakota,1994,CH4_AR5,595.85258186361
United States,Tennessee,1994,CH4_AR5,860.93997350661
United States,Texas,1994,CH4_AR5,81608.334302579
United States,Utah,1994,CH4_AR5,5160.5450814444
United States,Vermont,1994,CH4_AR5,92.682013245724
United States,Virginia,1994,CH4_AR5,6959.7870613182
United States,Washington,1994,CH4_AR5,812.50572283811
United States,West Virginia,1994,CH4_AR5,20070.680976762
United States,California,1994,CH4_AR5,3452.3746902435
United States,Wisconsin,1994,CH4_AR5,1102.2185774569
United States,Wyoming,1994,CH4_AR5,26908.181848059
United States,Colorado,1994,CH4_AR5,10131.560906328
United States,Connecticut,1994,CH4_AR5,217.75367686227
United States,Delaware,1994,CH4_AR5,87.792089009737
United States,District of Columbia,1994,CH4_AR5,3.8278201064077
United States,Alabama,1995,CH4_AR5,9945.4593868976
United States,Florida,1995,CH4_AR5,1233.4269011758
United States,Georgia,1995,CH4_AR5,1095.5448286164
United States,Hawaii,1995,CH4_AR5,49.379118755343
United States,Idaho,1995,CH4_AR5,593.29164809597
United States,Illinois,1995,CH4_AR5,5557.6129974272
United States,Indiana,1995,CH4_AR5,1342.5753545465
United States,Iowa,1995,CH4_AR5,1485.2015956577
United States,Kansas,1995,CH4_AR5,2540.4906163133
United States,Kentucky,1995,CH4_AR5,3866.5883179316
United States,Louisiana,1995,CH4_AR5,6176.335848099
United States,Alaska,1995,CH4_AR5,2448.657248019
United States,Maine,1995,CH4_AR5,283.60398135009
United States,Maryland,1995,CH4_AR5,391.21216655873
United States,Massachusetts,1995,CH4_AR5,298.77122923393
United States,Michigan,1995,CH4_AR5,2184.3291709185
United States,Minnesota,1995,CH4_AR5,1463.5769051937
United States,Mississippi,1995,CH4_AR5,2228.2542210283
United States,Missouri,1995,CH4_AR5,1273.5246520257
United States,Montana,1995,CH4_AR5,12801.915083167
United States,Nebraska,1995,CH4_AR5,1297.734187622
United States,Nevada,1995,CH4_AR5,450.99577934227
United States,Arizona,1995,CH4_AR5,1149.5452656622
United States,New Hampshire,1995,CH4_AR5,138.89321852322
United States,New Jersey,1995,CH4_AR5,381.66545262444
United States,New Mexico,1995,CH4_AR5,11087.026437419
United States,New York,1995,CH4_AR5,1300.6853267651
United States,North Carolina,1995,CH4_AR5,777.69533350631
United States,North Dakota,1995,CH4_AR5,79203.389097832
United States,Ohio,1995,CH4_AR5,4477.6851032968
United States,Oklahoma,1995,CH4_AR5,5456.8945033783
United States,Oregon,1995,CH4_AR5,910.0305775309
United States,Pennsylvania,1995,CH4_AR5,34960.675562659
United States,Arkansas,1995,CH4_AR5,1943.1051048745
United States,Rhode Island,1995,CH4_AR5,60.416874748793
United States,South Carolina,1995,CH4_AR5,706.55252951272
United States,South Dakota,1995,CH4_AR5,589.05670731277
United States,Tennessee,1995,CH4_AR5,853.93044408844
United States,Texas,1995,CH4_AR5,80978.083143324
United States,Utah,1995,CH4_AR5,4986.5508303095
United States,Vermont,1995,CH4_AR5,91.687288170907
United States,Virginia,1995,CH4_AR5,6711.340780219
United States,Washington,1995,CH4_AR5,808.84539551426
United States,West Virginia,1995,CH4_AR5,19368.705310496
United States,California,1995,CH4_AR5,3420.9401290823
United States,Wisconsin,1995,CH4_AR5,1099.2692274996
United States,Wyoming,1995,CH4_AR5,26670.333601408
United States,Colorado,1995,CH4_AR5,9861.4620904837
United States,Connecticut,1995,CH4_AR5,215.30726275757
United States,Delaware,1995,CH4_AR5,87.236227327511
United States,District of Columbia,1995,CH4_AR5,3.7530741141263
United States,Alabama,1996,CH4_AR5,9289.7624597805
United States,Florida,1996,CH4_AR5,1260.3826375941
United States,Georgia,1996,CH4_AR5,1115.666126414
United States,Hawaii,1996,CH4_AR5,51.661365787037
United States,Idaho,1996,CH4_AR5,613.72627799074
United States,Illinois,1996,CH4_AR5,5296.7214471783
United States,Indiana,1996,CH4_AR5,1355.0979352778
United States,Iowa,1996,CH4_AR5,1505.3588449614
United States,Kansas,1996,CH4_AR5,2569.8404043425
United States,Kentucky,1996,CH4_AR5,3643.377989881
United States,Louisiana,1996,CH4_AR5,6247.7684146718
United States,Alaska,1996,CH4_AR5,2501.8351987635
United States,Maine,1996,CH4_AR5,288.70544108322
United States,Maryland,1996,CH4_AR5,401.58480364402
United States,Massachusetts,1996,CH4_AR5,306.87893743079
United States,Michigan,1996,CH4_AR5,2219.1980059295
United States,Minnesota,1996,CH4_AR5,1485.732912994
United States,Mississippi,1996,CH4_AR5,2253.6308108167
United States,Missouri,1996,CH4_AR5,1302.5530547467
United States,Montana,1996,CH4_AR5,12149.428340451
United States,Nebraska,1996,CH4_AR5,1317.3442208935
United States,Nevada,1996,CH4_AR5,459.61114583183
United States,Arizona,1996,CH4_AR5,1170.6472857221
United States,New Hampshire,1996,CH4_AR5,142.72305246185
United States,New Jersey,1996,CH4_AR5,392.38534942577
United States,New Mexico,1996,CH4_AR5,11115.532044588
United States,New York,1996,CH4_AR5,1324.0585198862
United States,North Carolina,1996,CH4_AR5,799.74344550628
United States,North Dakota,1996,CH4_AR5,80843.558655086
United States,Ohio,1996,CH4_AR5,4396.2195674201
United States,Oklahoma,1996,CH4_AR5,5513.1756198966
United States,Oregon,1996,CH4_AR5,939.12639445986
United States,Pennsylvania,1996,CH4_AR5,32551.368996021
United States,Arkansas,1996,CH4_AR5,1963.7532434152
United States,Rhode Island,1996,CH4_AR5,62.132679091749
United States,South Carolina,1996,CH4_AR5,720.12292076636
United States,South Dakota,1996,CH4_AR5,604.6646465815
United States,Tennessee,1996,CH4_AR5,872.40298441856
United States,Texas,1996,CH4_AR5,82502.407304889
United States,Utah,1996,CH4_AR5,8329.2995134617
United States,Vermont,1996,CH4_AR5,94.772001150312
United States,Virginia,1996,CH4_AR5,6210.971733794
United States,Washington,1996,CH4_AR5,831.6956302742
United States,West Virginia,1996,CH4_AR5,17979.059629947
United States,California,1996,CH4_AR5,3500.6046056547
United States,Wisconsin,1996,CH4_AR5,1115.9804471287
United States,Wyoming,1996,CH4_AR5,26671.211078558
United States,Colorado,1996,CH4_AR5,11034.162115313
United States,Connecticut,1996,CH4_AR5,220.62893945753
United States,Delaware,1996,CH4_AR5,89.694801765314
United States,District of Columbia,1996,CH4_AR5,3.9068259237019
United States,Alabama,1997,CH4_AR5,9771.9007267811
United States,Florida,1997,CH4_AR5,1283.0771813526
United States,Georgia,1997,CH4_AR5,1134.0928587734
United States,Hawaii,1997,CH4_AR5,51.967254033451
United States,Idaho,1997,CH4_AR5,615.59878403924
United States,Illinois,1997,CH4_AR5,5532.8758283622
United States,Indiana,1997,CH4_AR5,1369.4613780453
United States,Iowa,1997,CH4_AR5,1542.6042904718
United States,Kansas,1997,CH4_AR5,2641.2844839107
United States,Kentucky,1997,CH4_AR5,3818.8604098896
United States,Louisiana,1997,CH4_AR5,6428.4897525249
United States,Alaska,1997,CH4_AR5,2560.7527859713
United States,Maine,1997,CH4_AR5,293.06003734966
United States,Maryland,1997,CH4_AR5,402.99149308301
United States,Massachusetts,1997,CH4_AR5,311.39500557788
United States,Michigan,1997,CH4_AR5,2262.5917074869
United States,Minnesota,1997,CH4_AR5,1520.1414225876
United States,Mississippi,1997,CH4_AR5,2316.1513682337
United States,Missouri,1997,CH4_AR5,1324.0349462608
United States,Montana,1997,CH4_AR5,12673.368820164
United States,Nebraska,1997,CH4_AR5,1348.5605897014
United States,Nevada,1997,CH4_AR5,468.82812933782
United States,Arizona,1997,CH4_AR5,1195.2589265744
United States,New Hampshire,1997,CH4_AR5,144.2954247503
United States,New Jersey,1997,CH4_AR5,399.67386161129
United States,New Mexico,1997,CH4_AR5,11441.808506741
United States,New York,1997,CH4_AR5,1353.6843177404
United States,North Carolina,1997,CH4_AR5,807.2363831757
United States,North Dakota,1997,CH4_AR5,82733.041920435
United States,Ohio,1997,CH4_AR5,4544.7591682254
United States,Oklahoma,1997,CH4_AR5,5679.3216695049
United States,Oregon,1997,CH4_AR5,944.58750534784
United States,Pennsylvania,1997,CH4_AR5,34598.537578415
United States,Arkansas,1997,CH4_AR5,2018.2566166217
United States,Rhode Island,1997,CH4_AR5,63.188092792918
United States,South Carolina,1997,CH4_AR5,734.19833119826
United States,South Dakota,1997,CH4_AR5,611.60754612336
United States,Tennessee,1997,CH4_AR5,887.30253828388
United States,Texas,1997,CH4_AR5,84549.486117262
United States,Utah,1997,CH4_AR5,9260.3083730695
United States,Vermont,1997,CH4_AR5,95.141690252053
United States,Virginia,1997,CH4_AR5,6551.0086621604
United States,Washington,1997,CH4_AR5,840.6093314228
United States,West Virginia,1997,CH4_AR5,18974.980583294
United States,California,1997,CH4_AR5,3571.214860418
United States,Wisconsin,1997,CH4_AR5,1140.6285393529
United States,Wyoming,1997,CH4_AR5,27808.268379858
United States,Colorado,1997,CH4_AR5,11539.842209242
United States,Connecticut,1997,CH4_AR5,224.33647048242
United States,Delaware,1997,CH4_AR5,91.527131507562
United States,District of Columbia,1997,CH4_AR5,3.9524722591648
United States,Alabama,1998,CH4_AR5,9471.1838327998
United States,Florida,1998,CH4_AR5,1291.5198749309
United States,Georgia,1998,CH4_AR5,1146.336143717
United States,Hawaii,1998,CH4_AR5,52.090508623441
United States,Idaho,1998,CH4_AR5,622.30777449299
United States,Illinois,1998,CH4_AR5,5426.0156582218
United States,Indiana,1998,CH4_AR5,1359.5051410775
United States,Iowa,1998,CH4_AR5,1564.5768030945
United States,Kansas,1998,CH4_AR5,2679.9353898067
United States,Kentucky,1998,CH4_AR5,3732.6770109346
United States,Louisiana,1998,CH4_AR5,6463.9646219365
United States,Alaska,1998,CH4_AR5,2535.5189607973
United States,Maine,1998,CH4_AR5,296.84776350509
United States,Maryland,1998,CH4_AR5,400.58464491064
United States,Massachusetts,1998,CH4_AR5,312.25796473834
United States,Michigan,1998,CH4_AR5,2267.6225394795
United States,Minnesota,1998,CH4_AR5,1541.0522633327
United States,Mississippi,1998,CH4_AR5,2334.6988281908
United States,Missouri,1998,CH4_AR5,1338.3217260391
United States,Montana,1998,CH4_AR5,12390.095963778
United States,Nebraska,1998,CH4_AR5,1368.2495459756
United States,Nevada,1998,CH4_AR5,475.56978374807
United States,Arizona,1998,CH4_AR5,1210.6463407556
United States,New Hampshire,1998,CH4_AR5,145.61664893467
United States,New Jersey,1998,CH4_AR5,400.1851411669
United States,New Mexico,1998,CH4_AR5,11308.66676378
United States,New York,1998,CH4_AR5,1366.4124588575
United States,North Carolina,1998,CH4_AR5,814.54942752103
United States,North Dakota,1998,CH4_AR5,81847.644393187
United States,Ohio,1998,CH4_AR5,4503.6135760805
United States,Oklahoma,1998,CH4_AR5,5731.9141246829
United States,Oregon,1998,CH4_AR5,953.50603824998
United States,Pennsylvania,1998,CH4_AR5,33483.206186068
United States,Arkansas,1998,CH4_AR5,2038.5948137303
United States,Rhode Island,1998,CH4_AR5,63.090848264042
United States,South Carolina,1998,CH4_AR5,742.82542948156
United States,South Dakota,1998,CH4_AR5,619.44351173058
United States,Tennessee,1998,CH4_AR5,896.66194912432
United States,Texas,1998,CH4_AR5,83969.173031266
United States,Utah,1998,CH4_AR5,9534.1851313618
United States,Vermont,1998,CH4_AR5,96.011459473965
United States,Virginia,1998,CH4_AR5,6339.7686014837
United States,Washington,1998,CH4_AR5,847.76984154641
United States,West Virginia,1998,CH4_AR5,18901.586213708
United States,California,1998,CH4_AR5,3578.5660326099
United States,Wisconsin,1998,CH4_AR5,1154.3317527491
United States,Wyoming,1998,CH4_AR5,28193.847358279
United States,Colorado,1998,CH4_AR5,11260.520349727
United States,Connecticut,1998,CH4_AR5,225.84762510885
United States,Delaware,1998,CH4_AR5,92.905005729418
United States,District of Columbia,1998,CH4_AR5,3.8210359699931
United States,Alabama,1999,CH4_AR5,8804.4464623273
United States,Florida,1999,CH4_AR5,1321.6771400421
United States,Georgia,1999,CH4_AR5,1211.6809411328
United States,Hawaii,1999,CH4_AR5,51.309509477605
United States,Idaho,1999,CH4_AR5,617.91764239644
United States,Illinois,1999,CH4_AR5,5142.4136025595
United States,Indiana,1999,CH4_AR5,1364.3546702225
United States,Iowa,1999,CH4_AR5,1597.1505112888
United States,Kansas,1999,CH4_AR5,2719.304037407
United States,Kentucky,1999,CH4_AR5,3498.3054338309
United States,Louisiana,1999,CH4_AR5,6587.8152963799
United States,Alaska,1999,CH4_AR5,2502.1798365071
United States,Maine,1999,CH4_AR5,319.68487589763
United States,Maryland,1999,CH4_AR5,395.92630409632
United States,Massachusetts,1999,CH4_AR5,312.51362078979
United States,Michigan,1999,CH4_AR5,2277.8695800175
United States,Minnesota,1999,CH4_AR5,1578.9878954971
United States,Mississippi,1999,CH4_AR5,2400.4145457681
United States,Missouri,1999,CH4_AR5,1339.7528871879
United States,Montana,1999,CH4_AR5,11559.397055976
United States,Nebraska,1999,CH4_AR5,1382.622101222
United States,Nevada,1999,CH4_AR5,477.96874859541
United States,Arizona,1999,CH4_AR5,1218.9729364986
United States,New Hampshire,1999,CH4_AR5,145.61086467273
United States,New Jersey,1999,CH4_AR5,400.79761091298
United States,New Mexico,1999,CH4_AR5,11038.293115566
United States,New York,1999,CH4_AR5,1378.6218910762
United States,North Carolina,1999,CH4_AR5,831.64101295293
United States,North Dakota,1999,CH4_AR5,80703.958120625
United States,Ohio,1999,CH4_AR5,4389.5640883577
United States,Oklahoma,1999,CH4_AR5,5816.2961443025
United States,Oregon,1999,CH4_AR5,955.46894961748
United States,Pennsylvania,1999,CH4_AR5,30776.069086113
United States,Arkansas,1999,CH4_AR5,2096.4142640046
United States,Rhode Island,1999,CH4_AR5,62.730301985217
United States,South Carolina,1999,CH4_AR5,778.92519896195
United States,South Dakota,1999,CH4_AR5,617.4736708302
United States,Tennessee,1999,CH4_AR5,908.24683911923
United States,Texas,1999,CH4_AR5,83176.369263763
United States,Utah,1999,CH4_AR5,8691.0556069238
United States,Vermont,1999,CH4_AR5,95.624112609961
United States,Virginia,1999,CH4_AR5,5832.3721675656
United States,Washington,1999,CH4_AR5,863.70401947578
United States,West Virginia,1999,CH4_AR5,24089.584725324
United States,California,1999,CH4_AR5,3577.691620862
United States,Wisconsin,1999,CH4_AR5,1203.6319583179
United States,Wyoming,1999,CH4_AR5,27011.566175133
United States,Colorado,1999,CH4_AR5,12177.434058707
United States,Connecticut,1999,CH4_AR5,225.79154186618
United States,Delaware,1999,CH4_AR5,93.816445018004
United States,District of Columbia,1999,CH4_AR5,3.7086146928919
United States,Alabama,2000,CH4_AR5,8180.6597127611
United States,Florida,2000,CH4_AR5,1337.5149603849
United States,Georgia,2000,CH4_AR5,1230.9513489988
United States,Hawaii,2000,CH4_AR5,52.05569951287
United States,Idaho,2000,CH4_AR5,630.23589487884
United States,Illinois,2000,CH4_AR5,4865.8247814716
United States,Indiana,2000,CH4_AR5,4116.8299863855
United States,Iowa,2000,CH4_AR5,1603.0765379029
United States,Kansas,2000,CH4_AR5,2718.6043995557
United States,Kentucky,2000,CH4_AR5,3271.9822412923
United States,Louisiana,2000,CH4_AR5,6630.4040653324
United States,Alaska,2000,CH4_AR5,2573.7628291965
United States,Maine,2000,CH4_AR5,325.35209416361
United States,Maryland,2000,CH4_AR5,400.98986273208
United States,Massachusetts,2000,CH4_AR5,316.50061284428
United States,Michigan,2000,CH4_AR5,2303.7529815116
United States,Minnesota,2000,CH4_AR5,1586.3466511412
United States,Mississippi,2000,CH4_AR5,2614.4341274797
United States,Missouri,2000,CH4_AR5,1351.6311798421
United States,Montana,2000,CH4_AR5,10879.895633087
United States,Nebraska,2000,CH4_AR5,1385.9284312297
United States,Nevada,2000,CH4_AR5,480.68185871522
United States,Arizona,2000,CH4_AR5,1224.9604753081
United States,New Hampshire,2000,CH4_AR5,147.74564697942
United States,New Jersey,2000,CH4_AR5,404.04267761894
United States,New Mexico,2000,CH4_AR5,11123.25318452
United States,New York,2000,CH4_AR5,1385.1408156885
United States,North Carolina,2000,CH4_AR5,848.28346909786
United States,North Dakota,2000,CH4_AR5,82937.801570039
United States,Ohio,2000,CH4_AR5,4302.5900668161
United States,Oklahoma,2000,CH4_AR5,5843.0321425121
United States,Oregon,2000,CH4_AR5,973.2705754456
United States,Pennsylvania,2000,CH4_AR5,28447.675828405
United States,Arkansas,2000,CH4_AR5,2111.2558554232
United States,Rhode Island,2000,CH4_AR5,63.389530799112
United States,South Carolina,2000,CH4_AR5,787.81076808136
United States,South Dakota,2000,CH4_AR5,625.15280588061
United States,Tennessee,2000,CH4_AR5,917.53199536206
United States,Texas,2000,CH4_AR5,84983.136846827
United States,Utah,2000,CH4_AR5,7931.2149504925
United States,Vermont,2000,CH4_AR5,97.657253004724
United States,Virginia,2000,CH4_AR5,5340.567174715
United States,Washington,2000,CH4_AR5,876.7899463332
United States,West Virginia,2000,CH4_AR5,22023.907055792
United States,California,2000,CH4_AR5,3619.4656563663
United States,Wisconsin,2000,CH4_AR5,1214.2363824598
United States,Wyoming,2000,CH4_AR5,26253.508438219
United States,Colorado,2000,CH4_AR5,11445.944930542
United States,Connecticut,2000,CH4_AR5,227.99976305705
United States,Delaware,2000,CH4_AR5,93.709752019591
United States,District of Columbia,2000,CH4_AR5,3.7871352008095
United States,Alabama,2001,CH4_AR5,8137.9688771959
United States,Florida,2001,CH4_AR5,1307.5803075562
United States,Georgia,2001,CH4_AR5,1197.2222260037
United States,Hawaii,2001,CH4_AR5,51.707185092812
United States,Idaho,2001,CH4_AR5,628.00302170695
United States,Illinois,2001,CH4_AR5,4777.2368312738
United States,Indiana,2001,CH4_AR5,4042.5167229336
United States,Iowa,2001,CH4_AR5,1556.8845457302
United States,Kansas,2001,CH4_AR5,2638.5705950253
United States,Kentucky,2001,CH4_AR5,6728.2824128761
United States,Louisiana,2001,CH4_AR5,6566.9871374734
United States,Alaska,2001,CH4_AR5,2667.2065743765
United States,Maine,2001,CH4_AR5,316.38421148745
United States,Maryland,2001,CH4_AR5,393.53673034201
United States,Massachusetts,2001,CH4_AR5,311.28392401146
United States,Michigan,2001,CH4_AR5,2270.6385574477
United States,Minnesota,2001,CH4_AR5,1541.1324720466
United States,Mississippi,2001,CH4_AR5,2560.1692283978
United States,Missouri,2001,CH4_AR5,1327.3490624922
United States,Montana,2001,CH4_AR5,11462.758992418
United States,Nebraska,2001,CH4_AR5,1349.100668642
United States,Nevada,2001,CH4_AR5,469.82530223062
United States,Arizona,2001,CH4_AR5,1195.750333421
United States,New Hampshire,2001,CH4_AR5,146.01711760969
United States,New Jersey,2001,CH4_AR5,394.89175363864
United States,New Mexico,2001,CH4_AR5,11388.139229143
United States,New York,2001,CH4_AR5,1350.0401997946
United States,North Carolina,2001,CH4_AR5,835.20603060509
United States,North Dakota,2001,CH4_AR5,85972.449221064
United States,Ohio,2001,CH4_AR5,4254.4394684785
United States,Oklahoma,2001,CH4_AR5,5743.1651234633
United States,Oregon,2001,CH4_AR5,964.73482555024
United States,Pennsylvania,2001,CH4_AR5,28347.278768177
United States,Arkansas,2001,CH4_AR5,2068.2607850657
United States,Rhode Island,2001,CH4_AR5,62.226379733282
United States,South Carolina,2001,CH4_AR5,764.64658754032
United States,South Dakota,2001,CH4_AR5,617.78696837798
United States,Tennessee,2001,CH4_AR5,897.83742004843
United States,Texas,2001,CH4_AR5,87238.95147205
United States,Utah,2001,CH4_AR5,7872.8179620346
United States,Vermont,2001,CH4_AR5,97.351464733262
United States,Virginia,2001,CH4_AR5,5278.0022232686
United States,Washington,2001,CH4_AR5,860.61659803985
United States,West Virginia,2001,CH4_AR5,22241.342594097
United States,California,2001,CH4_AR5,3581.4075554718
United States,Wisconsin,2001,CH4_AR5,1177.6194566627
United States,Wyoming,2001,CH4_AR5,26873.549608509
United States,Colorado,2001,CH4_AR5,11445.669113854
United States,Connecticut,2001,CH4_AR5,223.92876364832
United States,Delaware,2001,CH4_AR5,91.048316762516
United States,District of Columbia,2001,CH4_AR5,3.7396863824106
United States,Alabama,2002,CH4_AR5,7626.0836166328
United States,Florida,2002,CH4_AR5,1352.1987211067
United States,Georgia,2002,CH4_AR5,1226.8057703969
United States,Hawaii,2002,CH4_AR5,52.24442945198
United States,Idaho,2002,CH4_AR5,640.10447706521
United States,Illinois,2002,CH4_AR5,4669.0909047644
United States,Indiana,2002,CH4_AR5,3833.473809825
United States,Iowa,2002,CH4_AR5,1638.4231401797
United States,Kansas,2002,CH4_AR5,2801.0543121355
United States,Kentucky,2002,CH4_AR5,6293.8329708748
United States,Louisiana,2002,CH4_AR5,6761.5050562624
United States,Alaska,2002,CH4_AR5,2617.6130729934
United States,Maine,2002,CH4_AR5,322.997186498
United States,Maryland,2002,CH4_AR5,397.2700945187
United States,Massachusetts,2002,CH4_AR5,321.7877996131
United States,Michigan,2002,CH4_AR5,2335.8136030027
United States,Minnesota,2002,CH4_AR5,1618.9899607412
United States,Mississippi,2002,CH4_AR5,2646.9318368664
United States,Missouri,2002,CH4_AR5,1382.8806284329
United States,Montana,2002,CH4_AR5,10898.299293828
United States,Nebraska,2002,CH4_AR5,1425.5856631755
United States,Nevada,2002,CH4_AR5,493.1784432427
United States,Arizona,2002,CH4_AR5,1256.9781129294
United States,New Hampshire,2002,CH4_AR5,150.55939279627
United States,New Jersey,2002,CH4_AR5,409.06074790902
United States,New Mexico,2002,CH4_AR5,11197.374406779
United States,New York,2002,CH4_AR5,1419.0621483375
United States,North Carolina,2002,CH4_AR5,852.19377410208
United States,North Dakota,2002,CH4_AR5,84445.46208208
United States,Ohio,2002,CH4_AR5,4248.9359220327
United States,Oklahoma,2002,CH4_AR5,6002.1316734012
United States,Oregon,2002,CH4_AR5,984.56588354553
United States,Pennsylvania,2002,CH4_AR5,26916.693063114
United States,Arkansas,2002,CH4_AR5,2152.4546212421
United States,Rhode Island,2002,CH4_AR5,64.503283095981
United States,South Carolina,2002,CH4_AR5,791.41649885099
United States,South Dakota,2002,CH4_AR5,639.8272154719
United States,Tennessee,2002,CH4_AR5,932.57808843188
United States,Texas,2002,CH4_AR5,86714.296876352
United States,Utah,2002,CH4_AR5,7303.7338518934
United States,Vermont,2002,CH4_AR5,99.079503867366
United States,Virginia,2002,CH4_AR5,4920.604919379
United States,Washington,2002,CH4_AR5,880.03621489835
United States,West Virginia,2002,CH4_AR5,20583.773352078
United States,California,2002,CH4_AR5,3685.3258955942
United States,Wisconsin,2002,CH4_AR5,1226.4248432844
United States,Wyoming,2002,CH4_AR5,25935.121044142
United States,Colorado,2002,CH4_AR5,10864.179849835
United States,Connecticut,2002,CH4_AR5,232.90217409898
United States,Delaware,2002,CH4_AR5,94.64820309201
United States,District of Columbia,2002,CH4_AR5,3.7999734834703
United States,Alabama,2003,CH4_AR5,7265.9008314216
United States,Florida,2003,CH4_AR5,1361.1156738914
United States,Georgia,2003,CH4_AR5,1236.4881892468
United States,Hawaii,2003,CH4_AR5,52.219232884322
United States,Idaho,2003,CH4_AR5,643.65339384485
United States,Illinois,2003,CH4_AR5,4497.3182133026
United States,Indiana,2003,CH4_AR5,3653.1010092501
United States,Iowa,2003,CH4_AR5,1633.4888680354
United States,Kansas,2003,CH4_AR5,2788.6428642875
United States,Kentucky,2003,CH4_AR5,5913.5351571832
United States,Louisiana,2003,CH4_AR5,6799.0878873115
United States,Alaska,2003,CH4_AR5,2680.7993948548
United States,Maine,2003,CH4_AR5,326.29359949952
United States,Maryland,2003,CH4_AR5,398.92234448921
United States,Massachusetts,2003,CH4_AR5,323.71850906297
United States,Michigan,2003,CH4_AR5,2349.1272002461
United States,Minnesota,2003,CH4_AR5,1617.1251582884
United States,Mississippi,2003,CH4_AR5,2665.2323573986
United States,Missouri,2003,CH4_AR5,1384.6028751095
United States,Montana,2003,CH4_AR5,10456.656810428
United States,Nebraska,2003,CH4_AR5,1421.1130412337
United States,Nevada,2003,CH4_AR5,493.61698416581
United States,Arizona,2003,CH4_AR5,1256.2025250407
United States,New Hampshire,2003,CH4_AR5,151.43639502841
United States,New Jersey,2003,CH4_AR5,409.66839427572
United States,New Mexico,2003,CH4_AR5,11313.333267368
United States,New York,2003,CH4_AR5,1418.9247553461
United States,North Carolina,2003,CH4_AR5,860.80619404269
United States,North Dakota,2003,CH4_AR5,86587.462454011
United States,Ohio,2003,CH4_AR5,4197.8186763809
United States,Oklahoma,2003,CH4_AR5,6009.8100354183
United States,Oregon,2003,CH4_AR5,990.50212044899
United States,Pennsylvania,2003,CH4_AR5,25530.826329794
United States,Arkansas,2003,CH4_AR5,2159.574660686
United States,Rhode Island,2003,CH4_AR5,64.829042112852
United States,South Carolina,2003,CH4_AR5,796.06035075393
United States,South Dakota,2003,CH4_AR5,641.46982835084
United States,Tennessee,2003,CH4_AR5,935.18408963955
United States,Texas,2003,CH4_AR5,88475.534872133
United States,Utah,2003,CH4_AR5,6856.762585274
United States,Vermont,2003,CH4_AR5,100.03353183585
United States,Virginia,2003,CH4_AR5,4636.6939127645
United States,Washington,2003,CH4_AR5,883.5989499785
United States,West Virginia,2003,CH4_AR5,23815.263859304
United States,California,2003,CH4_AR5,3705.8761225928
United States,Wisconsin,2003,CH4_AR5,1231.6666083195
United States,Wyoming,2003,CH4_AR5,24970.416746699
United States,Colorado,2003,CH4_AR5,10442.487652821
United States,Connecticut,2003,CH4_AR5,233.80853792428
United States,Delaware,2003,CH4_AR5,92.905045386626
United States,District of Columbia,2003,CH4_AR5,3.8521219608221
United States,Alabama,2004,CH4_AR5,7345.9670394264
United States,Florida,2004,CH4_AR5,1385.9594634407
United States,Georgia,2004,CH4_AR5,1261.0168369408
United States,Hawaii,2004,CH4_AR5,53.708298858894
United States,Idaho,2004,CH4_AR5,658.15166646342
United States,Illinois,2004,CH4_AR5,4538.0414885304
United States,Indiana,2004,CH4_AR5,3691.5428232466
United States,Iowa,2004,CH4_AR5,1641.4943753579
United States,Kansas,2004,CH4_AR5,2799.2268665577
United States,Kentucky,2004,CH4_AR5,5979.0379758917
United States,Louisiana,2004,CH4_AR5,6813.3306295087
United States,Alaska,2004,CH4_AR5,2697.6175389324
United States,Maine,2004,CH4_AR5,335.13700776031
United States,Maryland,2004,CH4_AR5,408.11647184792
United States,Massachusetts,2004,CH4_AR5,330.13188650433
United States,Michigan,2004,CH4_AR5,2370.1789974514
United States,Minnesota,2004,CH4_AR5,1634.2055973403
United States,Mississippi,2004,CH4_AR5,2674.1437018479
United States,Missouri,2004,CH4_AR5,1403.3113134559
United States,Montana,2004,CH4_AR5,10606.878271627
United States,Nebraska,2004,CH4_AR5,1430.9359111878
United States,Nevada,2004,CH4_AR5,498.8967415798
United States,Arizona,2004,CH4_AR5,1268.327820904
United States,New Hampshire,2004,CH4_AR5,154.4559454065
United States,New Jersey,2004,CH4_AR5,417.23103636608
United States,New Mexico,2004,CH4_AR5,11385.39875437
United States,New York,2004,CH4_AR5,1434.3101085815
United States,North Carolina,2004,CH4_AR5,882.81585275309
United States,North Dakota,2004,CH4_AR5,87011.94086833
United States,Ohio,2004,CH4_AR5,4229.3608566406
United States,Oklahoma,2004,CH4_AR5,6018.8454041475
United States,Oregon,2004,CH4_AR5,1013.1240436219
United States,Pennsylvania,2004,CH4_AR5,25771.112769155
United States,Arkansas,2004,CH4_AR5,2174.33383302
United States,Rhode Island,2004,CH4_AR5,66.023506790416
United States,South Carolina,2004,CH4_AR5,811.64761511396
United States,South Dakota,2004,CH4_AR5,651.97835464984
United States,Tennessee,2004,CH4_AR5,949.86254633937
United States,Texas,2004,CH4_AR5,88889.618775829
United States,Utah,2004,CH4_AR5,6927.0433749522
United States,Vermont,2004,CH4_AR5,102.66372015173
United States,Virginia,2004,CH4_AR5,4696.4371555209
United States,Washington,2004,CH4_AR5,903.30183096069
United States,West Virginia,2004,CH4_AR5,26320.956775425
United States,California,2004,CH4_AR5,3753.2628903389
United States,Wisconsin,2004,CH4_AR5,1251.7609161092
United States,Wyoming,2004,CH4_AR5,25869.499267668
United States,Colorado,2004,CH4_AR5,10540.941699551
United States,Connecticut,2004,CH4_AR5,237.7086984839
United States,Delaware,2004,CH4_AR5,94.120407971484
United States,District of Columbia,2004,CH4_AR5,3.9673049366282
United States,Alabama,2005,CH4_AR5,6909.95641844
United States,Florida,2005,CH4_AR5,1362.2844226156
United States,Georgia,2005,CH4_AR5,1241.770390904
United States,Hawaii,2005,CH4_AR5,53.247060652991
United States,Idaho,2005,CH4_AR5,643.21762282078
United States,Illinois,2005,CH4_AR5,12724.286322618
United States,Indiana,2005,CH4_AR5,3480.2321897001
United States,Iowa,2005,CH4_AR5,1623.2025791602
United States,Kansas,2005,CH4_AR5,2772.2873339542
United States,Kentucky,2005,CH4_AR5,5589.9999788935
United States,Louisiana,2005,CH4_AR5,6749.0920070349
United States,Alaska,2005,CH4_AR5,2642.7253567958
United States,Maine,2005,CH4_AR5,330.68060765717
United States,Maryland,2005,CH4_AR5,400.01674238298
United States,Massachusetts,2005,CH4_AR5,323.87495985667
United States,Michigan,2005,CH4_AR5,2331.7009413919
United States,Minnesota,2005,CH4_AR5,1616.1164274256
United States,Mississippi,2005,CH4_AR5,2648.2925771302
United States,Missouri,2005,CH4_AR5,1380.3378555211
United States,Montana,2005,CH4_AR5,10110.738624979
United States,Nebraska,2005,CH4_AR5,1413.8163418421
United States,Nevada,2005,CH4_AR5,491.76181536864
United States,Arizona,2005,CH4_AR5,1250.5216399229
United States,New Hampshire,2005,CH4_AR5,151.60050586498
United States,New Jersey,2005,CH4_AR5,411.97639666079
United States,New Mexico,2005,CH4_AR5,11092.587369166
United States,New York,2005,CH4_AR5,1414.892927848
United States,North Carolina,2005,CH4_AR5,864.7976739079
United States,North Dakota,2005,CH4_AR5,85205.346330868
United States,Ohio,2005,CH4_AR5,4109.9193699108
United States,Oklahoma,2005,CH4_AR5,5957.0656059658
United States,Oregon,2005,CH4_AR5,991.09575916555
United States,Pennsylvania,2005,CH4_AR5,24323.216224167
United States,Arkansas,2005,CH4_AR5,2149.6370812328
United States,Rhode Island,2005,CH4_AR5,64.718612711604
United States,South Carolina,2005,CH4_AR5,799.59765082142
United States,South Dakota,2005,CH4_AR5,640.48889194157
United States,Tennessee,2005,CH4_AR5,935.0666517759
United States,Texas,2005,CH4_AR5,87216.595609631
United States,Utah,2005,CH4_AR5,6450.1411345782
United States,Vermont,2005,CH4_AR5,100.48572536528
United States,Virginia,2005,CH4_AR5,4385.203337265
United States,Washington,2005,CH4_AR5,888.91148408837
United States,West Virginia,2005,CH4_AR5,24902.165641111
United States,California,2005,CH4_AR5,3694.8972819739
United States,Wisconsin,2005,CH4_AR5,1235.7343959504
United States,Wyoming,2005,CH4_AR5,25443.180983951
United States,Colorado,2005,CH4_AR5,9990.3832210807
United States,Connecticut,2005,CH4_AR5,233.73847840374
United States,Delaware,2005,CH4_AR5,95.582884587387
United States,District of Columbia,2005,CH4_AR5,3.833115239754
United States,Alabama,2006,CH4_AR5,6715.922488259
United States,Florida,2006,CH4_AR5,1425.9718116589
United States,Georgia,2006,CH4_AR5,1303.9140335124
United States,Hawaii,2006,CH4_AR5,56.702638591441
United States,Idaho,2006,CH4_AR5,681.88994750105
United States,Illinois,2006,CH4_AR5,12031.61368346
United States,Indiana,2006,CH4_AR5,3358.2373240308
United States,Iowa,2006,CH4_AR5,1655.012793219
United States,Kansas,2006,CH4_AR5,2816.5791797381
United States,Kentucky,2006,CH4_AR5,5314.0182247834
United States,Louisiana,2006,CH4_AR5,6962.7134554613
United States,Alaska,2006,CH4_AR5,2823.1156928607
United States,Maine,2006,CH4_AR5,351.43778290514
United States,Maryland,2006,CH4_AR5,416.03099712672
United States,Massachusetts,2006,CH4_AR5,339.97379549346
United States,Michigan,2006,CH4_AR5,2415.9900868632
United States,Minnesota,2006,CH4_AR5,1662.589424749
United States,Mississippi,2006,CH4_AR5,2725.6867333513
United States,Missouri,2006,CH4_AR5,1431.0747261431
United States,Montana,2006,CH4_AR5,9961.2263667329
United States,Nebraska,2006,CH4_AR5,1445.0597176656
United States,Nevada,2006,CH4_AR5,506.84332215073
United States,Arizona,2006,CH4_AR5,1285.965558925
United States,New Hampshire,2006,CH4_AR5,159.43459876444
United States,New Jersey,2006,CH4_AR5,429.57700490519
United States,New Mexico,2006,CH4_AR5,11947.570182736
United States,New York,2006,CH4_AR5,1457.0544843772
United States,North Carolina,2006,CH4_AR5,918.3441959647
United States,North Dakota,2006,CH4_AR5,90950.597476806
United States,Ohio,2006,CH4_AR5,4162.2828617384
United States,Oklahoma,2006,CH4_AR5,6094.2651013447
United States,Oregon,2006,CH4_AR5,1049.6236328007
United States,Pennsylvania,2006,CH4_AR5,23447.933056128
United States,Arkansas,2006,CH4_AR5,2215.2148160614
United States,Rhode Island,2006,CH4_AR5,67.704832866824
United States,South Carolina,2006,CH4_AR5,836.22364100239
United States,South Dakota,2006,CH4_AR5,669.39087261887
United States,Tennessee,2006,CH4_AR5,972.94974343419
United States,Texas,2006,CH4_AR5,92372.53447106
United States,Utah,2006,CH4_AR5,6124.6564370777
United States,Vermont,2006,CH4_AR5,107.15591460176
United States,Virginia,2006,CH4_AR5,4185.8429858321
United States,Washington,2006,CH4_AR5,937.23096825891
United States,West Virginia,2006,CH4_AR5,24239.663366277
United States,California,2006,CH4_AR5,3851.6415524498
United States,Wisconsin,2006,CH4_AR5,1284.9373268086
United States,Wyoming,2006,CH4_AR5,25678.413164341
United States,Colorado,2006,CH4_AR5,9818.9278328042
United States,Connecticut,2006,CH4_AR5,243.84799544626
United States,Delaware,2006,CH4_AR5,98.014831581261
United States,District of Columbia,2006,CH4_AR5,4.095284296008
United States,Alabama,2007,CH4_AR5,6527.0759337012
United States,Florida,2007,CH4_AR5,1408.262460317
United States,Georgia,2007,CH4_AR5,1284.0583310746
United States,Hawaii,2007,CH4_AR5,56.246889372158
United States,Idaho,2007,CH4_AR5,670.94393310339
United States,Illinois,2007,CH4_AR5,11542.49758432
United States,Indiana,2007,CH4_AR5,3245.393417108
United States,Iowa,2007,CH4_AR5,1632.9853161338
United States,Kansas,2007,CH4_AR5,2782.8239605479
United States,Kentucky,2007,CH4_AR5,5107.1988586954
United States,Louisiana,2007,CH4_AR5,6978.5446162875
United States,Alaska,2007,CH4_AR5,2886.8864449299
United States,Maine,2007,CH4_AR5,346.31730568416
United States,Maryland,2007,CH4_AR5,410.6280829624
United States,Massachusetts,2007,CH4_AR5,336.72615883878
United States,Michigan,2007,CH4_AR5,2404.0482077809
United States,Minnesota,2007,CH4_AR5,1640.2111599562
United States,Mississippi,2007,CH4_AR5,2706.4245976698
United States,Missouri,2007,CH4_AR5,1412.7621607745
United States,Montana,2007,CH4_AR5,9850.1455783656
United States,Nebraska,2007,CH4_AR5,1425.9905567057
United States,Nevada,2007,CH4_AR5,500.78131405156
United States,Arizona,2007,CH4_AR5,1269.0391391716
United States,New Hampshire,2007,CH4_AR5,157.7905851938
United States,New Jersey,2007,CH4_AR5,425.53925571925
United States,New Mexico,2007,CH4_AR5,12085.398733653
United States,New York,2007,CH4_AR5,1441.165651288
United States,North Carolina,2007,CH4_AR5,906.25175723395
United States,North Dakota,2007,CH4_AR5,92977.772555291
United States,Ohio,2007,CH4_AR5,4134.1527856038
United States,Oklahoma,2007,CH4_AR5,6078.3169321401
United States,Oregon,2007,CH4_AR5,1033.400701842
United States,Pennsylvania,2007,CH4_AR5,23132.954517151
United States,Arkansas,2007,CH4_AR5,2203.6950608064
United States,Rhode Island,2007,CH4_AR5,67.036323511855
United States,South Carolina,2007,CH4_AR5,824.16298142187
United States,South Dakota,2007,CH4_AR5,661.02992113925
United States,Tennessee,2007,CH4_AR5,961.09349107334
United States,Texas,2007,CH4_AR5,94036.85924977
United States,Utah,2007,CH4_AR5,5893.1451476649
United States,Vermont,2007,CH4_AR5,106.14283602001
United States,Virginia,2007,CH4_AR5,4018.8784070456
United States,Washington,2007,CH4_AR5,923.69303436291
United States,West Virginia,2007,CH4_AR5,26721.74671946
United States,California,2007,CH4_AR5,3832.9764395366
United States,Wisconsin,2007,CH4_AR5,1267.7693511369
United States,Wyoming,2007,CH4_AR5,25048.820205316
United States,Colorado,2007,CH4_AR5,9616.0525175582
United States,Connecticut,2007,CH4_AR5,241.71119329312
United States,Delaware,2007,CH4_AR5,97.272048454996
United States,District of Columbia,2007,CH4_AR5,4.0525564173935
United States,Alabama,2008,CH4_AR5,6495.1076657064
United States,Florida,2008,CH4_AR5,1406.7770362196
United States,Georgia,2008,CH4_AR5,1276.1286932466
United States,Hawaii,2008,CH4_AR5,58.096651523654
United States,Idaho,2008,CH4_AR5,669.1721818675
United States,Illinois,2008,CH4_AR5,11363.177119006
United States,Indiana,2008,CH4_AR5,3204.4133351783
United States,Iowa,2008,CH4_AR5,1622.901705842
United States,Kansas,2008,CH4_AR5,2771.0802008748
United States,Kentucky,2008,CH4_AR5,5039.4323625252
United States,Louisiana,2008,CH4_AR5,7092.7890452621
United States,Alaska,2008,CH4_AR5,3004.1576842244
United States,Maine,2008,CH4_AR5,344.85416768538
United States,Maryland,2008,CH4_AR5,410.82754425528
United States,Massachusetts,2008,CH4_AR5,338.0727917071
United States,Michigan,2008,CH4_AR5,2417.9452654516
United States,Minnesota,2008,CH4_AR5,1634.8642946041
United States,Mississippi,2008,CH4_AR5,2718.4906759127
United States,Missouri,2008,CH4_AR5,1409.9315054712
United States,Montana,2008,CH4_AR5,9880.6843098711
United States,Nebraska,2008,CH4_AR5,1419.2071213437
United States,Nevada,2008,CH4_AR5,500.48090462836
United States,Arizona,2008,CH4_AR5,1264.9634417
United States,New Hampshire,2008,CH4_AR5,158.41550674464
United States,New Jersey,2008,CH4_AR5,431.61966409819
United States,New Mexico,2008,CH4_AR5,12441.793922698
United States,New York,2008,CH4_AR5,1439.8798319584
United States,North Carolina,2008,CH4_AR5,906.78462618724
United States,North Dakota,2008,CH4_AR5,96681.209113586
United States,Ohio,2008,CH4_AR5,4160.9076224544
United States,Oklahoma,2008,CH4_AR5,6121.5132924217
United States,Oregon,2008,CH4_AR5,1030.6973381932
United States,Pennsylvania,2008,CH4_AR5,23732.978074066
United States,Arkansas,2008,CH4_AR5,2212.7859674488
United States,Rhode Island,2008,CH4_AR5,67.251916472721
United States,South Carolina,2008,CH4_AR5,820.40518357624
United States,South Dakota,2008,CH4_AR5,661.30381953901
United States,Tennessee,2008,CH4_AR5,961.86283336462
United States,Texas,2008,CH4_AR5,97271.735573553
United States,Utah,2008,CH4_AR5,5823.6036505055
United States,Vermont,2008,CH4_AR5,106.9104882253
United States,Virginia,2008,CH4_AR5,3957.6207029085
United States,Washington,2008,CH4_AR5,926.19818806755
United States,West Virginia,2008,CH4_AR5,26369.117538003
United States,California,2008,CH4_AR5,3876.5945497796
United States,Wisconsin,2008,CH4_AR5,1262.8284863591
United States,Wyoming,2008,CH4_AR5,25371.522958529
United States,Colorado,2008,CH4_AR5,9907.1734396255
United States,Connecticut,2008,CH4_AR5,242.85611501038
United States,Delaware,2008,CH4_AR5,102.14713918256
United States,District of Columbia,2008,CH4_AR5,4.0628987126207
United States,Alabama,2009,CH4_AR5,5625.1982708829
United States,Florida,2009,CH4_AR5,1389.2813785084
United States,Georgia,2009,CH4_AR5,1255.2778434113
United States,Hawaii,2009,CH4_AR5,56.694111991602
United States,Idaho,2009,CH4_AR5,663.85610680761
United States,Illinois,2009,CH4_AR5,10948.081798548
United States,Indiana,2009,CH4_AR5,2761.3774763509
United States,Iowa,2009,CH4_AR5,1601.4897382348
United States,Kansas,2009,CH4_AR5,2731.1347085557
United States,Kentucky,2009,CH4_AR5,8820.4183922893
United States,Louisiana,2009,CH4_AR5,6908.6149959742
United States,Alaska,2009,CH4_AR5,2917.0041710026
United States,Maine,2009,CH4_AR5,339.31053650563
United States,Maryland,2009,CH4_AR5,394.65665283335
United States,Massachusetts,2009,CH4_AR5,335.91917789812
United States,Michigan,2009,CH4_AR5,2359.3828852798
United States,Minnesota,2009,CH4_AR5,1610.615895992
United States,Mississippi,2009,CH4_AR5,2649.3921075458
United States,Missouri,2009,CH4_AR5,1395.5907093052
United States,Montana,2009,CH4_AR5,8762.1886248003
United States,Nebraska,2009,CH4_AR5,1402.6758859007
United States,Nevada,2009,CH4_AR5,495.64308679387
United States,Arizona,2009,CH4_AR5,1251.5548180475
United States,New Hampshire,2009,CH4_AR5,157.4014566888
United States,New Jersey,2009,CH4_AR5,423.62825323592
United States,New Mexico,2009,CH4_AR5,11930.877938228
United States,New York,2009,CH4_AR5,1425.4486352678
United States,North Carolina,2009,CH4_AR5,897.59624873178
United States,North Dakota,2009,CH4_AR5,93861.530632079
United States,Ohio,2009,CH4_AR5,3919.2336919174
United States,Oklahoma,2009,CH4_AR5,6000.778345876
United States,Oregon,2009,CH4_AR5,1021.4517523333
United States,Pennsylvania,2009,CH4_AR5,20276.172640794
United States,Arkansas,2009,CH4_AR5,2169.3961686133
United States,Rhode Island,2009,CH4_AR5,66.861375698232
United States,South Carolina,2009,CH4_AR5,807.29858146112
United States,South Dakota,2009,CH4_AR5,656.38180994487
United States,Tennessee,2009,CH4_AR5,950.09739205221
United States,Texas,2009,CH4_AR5,94577.669341213
United States,Utah,2009,CH4_AR5,4923.7114164749
United States,Vermont,2009,CH4_AR5,106.45057008777
United States,Virginia,2009,CH4_AR5,3344.7086489187
United States,Washington,2009,CH4_AR5,910.53611647215
United States,West Virginia,2009,CH4_AR5,21991.935935166
United States,California,2009,CH4_AR5,3799.3021989006
United States,Wisconsin,2009,CH4_AR5,1244.1011461849
United States,Wyoming,2009,CH4_AR5,22817.544684294
United States,Colorado,2009,CH4_AR5,8770.3580008321
United States,Connecticut,2009,CH4_AR5,241.4265992092
United States,Delaware,2009,CH4_AR5,96.455834435018
United States,District of Columbia,2009,CH4_AR5,4.043345422275
United States,Alabama,2010,CH4_AR5,5346.1348332127
United States,Florida,2010,CH4_AR5,1402.2865516126
United States,Georgia,2010,CH4_AR5,1277.3825485882
United States,Hawaii,2010,CH4_AR5,56.082052584265
United States,Idaho,2010,CH4_AR5,661.36954579501
United States,Illinois,2010,CH4_AR5,10092.480512031
United States,Indiana,2010,CH4_AR5,3094.8754855881
United States,Iowa,2010,CH4_AR5,1620.418754335
United States,Kansas,2010,CH4_AR5,2761.9169221554
United States,Kentucky,2010,CH4_AR5,8054.1792532175
United States,Louisiana,2010,CH4_AR5,7042.49604058
United States,Alaska,2010,CH4_AR5,2950.1820192119
United States,Maine,2010,CH4_AR5,347.65367587939
United States,Maryland,2010,CH4_AR5,401.82676599431
United States,Massachusetts,2010,CH4_AR5,337.29829483649
United States,Michigan,2010,CH4_AR5,2397.0620000262
United States,Minnesota,2010,CH4_AR5,1629.9861349182
United States,Mississippi,2010,CH4_AR5,2700.1269787947
United States,Missouri,2010,CH4_AR5,1400.4665445795
United States,Montana,2010,CH4_AR5,8419.615951308
United States,Nebraska,2010,CH4_AR5,1415.5201999275
United States,Nevada,2010,CH4_AR5,498.81245492053
United States,Arizona,2010,CH4_AR5,1259.748661679
United States,New Hampshire,2010,CH4_AR5,158.02718600256
United States,New Jersey,2010,CH4_AR5,423.56204469778
United States,New Mexico,2010,CH4_AR5,11973.131200234
United States,New York,2010,CH4_AR5,1437.4645580236
United States,North Carolina,2010,CH4_AR5,904.02555166585
United States,North Dakota,2010,CH4_AR5,95046.501066128
United States,Ohio,2010,CH4_AR5,4077.5142500353
United States,Oklahoma,2010,CH4_AR5,6088.6552235879
United States,Oregon,2010,CH4_AR5,1021.3563769668
United States,Pennsylvania,2010,CH4_AR5,19069.791858175
United States,Arkansas,2010,CH4_AR5,2207.8027452664
United States,Rhode Island,2010,CH4_AR5,66.955410952279
United States,South Carolina,2010,CH4_AR5,822.44638841344
United States,South Dakota,2010,CH4_AR5,657.9126408979
United States,Tennessee,2010,CH4_AR5,956.80072618521
United States,Texas,2010,CH4_AR5,95740.166238918
United States,Utah,2010,CH4_AR5,4555.5895008713
United States,Vermont,2010,CH4_AR5,106.68240244784
United States,Virginia,2010,CH4_AR5,4028.6793914522
United States,Washington,2010,CH4_AR5,914.13697285307
United States,West Virginia,2010,CH4_AR5,21163.214115031
United States,California,2010,CH4_AR5,3809.7707837715
United States,Wisconsin,2010,CH4_AR5,1264.9888546133
United States,Wyoming,2010,CH4_AR5,22286.261923251
United States,Colorado,2010,CH4_AR5,8403.4883267186
United States,Connecticut,2010,CH4_AR5,242.78421023265
United States,Delaware,2010,CH4_AR5,95.613148832129
United States,District of Columbia,2010,CH4_AR5,3.9851047324942
United States,Alabama,2011,CH4_AR5,5496.1978009596
United States,Florida,2011,CH4_AR5,1419.5276412861
United States,Georgia,2011,CH4_AR5,1287.4269916344
United States,Hawaii,2011,CH4_AR5,57.049867748393
United States,Idaho,2011,CH4_AR5,669.53083214065
United States,Illinois,2011,CH4_AR5,13107.229104565
United States,Indiana,2011,CH4_AR5,3127.2668604452
United States,Iowa,2011,CH4_AR5,1623.5251973868
United States,Kansas,2011,CH4_AR5,2771.734526169
United States,Kentucky,2011,CH4_AR5,8181.3632441783
United States,Louisiana,2011,CH4_AR5,7230.1880291506
United States,Alaska,2011,CH4_AR5,3127.8196982713
United States,Maine,2011,CH4_AR5,351.25834743001
United States,Maryland,2011,CH4_AR5,407.59430224901
United States,Massachusetts,2011,CH4_AR5,342.47147774428
United States,Michigan,2011,CH4_AR5,2444.8285656566
United States,Minnesota,2011,CH4_AR5,1638.4889271282
United States,Mississippi,2011,CH4_AR5,2749.574524104
United States,Missouri,2011,CH4_AR5,1412.5482217195
United States,Montana,2011,CH4_AR5,8607.7506407824
United States,Nebraska,2011,CH4_AR5,1420.9690780951
United States,Nevada,2011,CH4_AR5,503.31144775941
United States,Arizona,2011,CH4_AR5,1268.1330472074
United States,New Hampshire,2011,CH4_AR5,160.27226668763
United States,New Jersey,2011,CH4_AR5,429.51387950789
United States,New Mexico,2011,CH4_AR5,12577.481963444
United States,New York,2011,CH4_AR5,1449.2324215074
United States,North Carolina,2011,CH4_AR5,917.40083997024
United States,North Dakota,2011,CH4_AR5,100921.83818175
United States,Ohio,2011,CH4_AR5,4172.2709807552
United States,Oklahoma,2011,CH4_AR5,6196.4325760641
United States,Oregon,2011,CH4_AR5,1034.2034156945
United States,Pennsylvania,2011,CH4_AR5,20041.108261143
United States,Arkansas,2011,CH4_AR5,2242.6260878417
United States,Rhode Island,2011,CH4_AR5,67.956526114727
United States,South Carolina,2011,CH4_AR5,829.24426303456
United States,South Dakota,2011,CH4_AR5,664.84777365203
United States,Tennessee,2011,CH4_AR5,966.59158780808
United States,Texas,2011,CH4_AR5,100903.36299981
United States,Utah,2011,CH4_AR5,4652.0767064286
United States,Vermont,2011,CH4_AR5,108.62538621373
United States,Virginia,2011,CH4_AR5,4098.7983531776
United States,Washington,2011,CH4_AR5,924.95089942797
United States,West Virginia,2011,CH4_AR5,21654.363840161
United States,California,2011,CH4_AR5,3889.6955514896
United States,Wisconsin,2011,CH4_AR5,1275.0562065677
United States,Wyoming,2011,CH4_AR5,22257.898674547
United States,Colorado,2011,CH4_AR5,8657.2692050126
United States,Connecticut,2011,CH4_AR5,246.11495571407
United States,Delaware,2011,CH4_AR5,96.347055177042
United States,District of Columbia,2011,CH4_AR5,4.0947291873541
United States,Alabama,2012,CH4_AR5,5032.807950073
United States,Florida,2012,CH4_AR5,1409.8405700017
United States,Georgia,2012,CH4_AR5,1276.6813236947
United States,Hawaii,2012,CH4_AR5,57.128674059807
United States,Idaho,2012,CH4_AR5,667.35654255557
United States,Illinois,2012,CH4_AR5,14161.78272981
United States,Indiana,2012,CH4_AR5,2862.8585866622
United States,Iowa,2012,CH4_AR5,1598.2877768929
United States,Kansas,2012,CH4_AR5,2726.6059445973
United States,Kentucky,2012,CH4_AR5,7068.2316224001
United States,Louisiana,2012,CH4_AR5,7158.4111452035
United States,Alaska,2012,CH4_AR5,3142.6035810861
United States,Maine,2012,CH4_AR5,348.97350290136
United States,Maryland,2012,CH4_AR5,402.82385166352
United States,Massachusetts,2012,CH4_AR5,341.13697632034
United States,Michigan,2012,CH4_AR5,2425.0994451827
United States,Minnesota,2012,CH4_AR5,1616.3087688908
United States,Mississippi,2012,CH4_AR5,2719.9076776597
United States,Missouri,2012,CH4_AR5,1400.0554369861
United States,Montana,2012,CH4_AR5,7962.6201827185
United States,Nebraska,2012,CH4_AR5,1400.1568533486
United States,Nevada,2012,CH4_AR5,497.74095851438
United States,Arizona,2012,CH4_AR5,1252.6181106559
United States,New Hampshire,2012,CH4_AR5,159.53513649984
United States,New Jersey,2012,CH4_AR5,427.10795487029
United States,New Mexico,2012,CH4_AR5,12472.868245259
United States,New York,2012,CH4_AR5,1433.7469330053
United States,North Carolina,2012,CH4_AR5,914.70658841456
United States,North Dakota,2012,CH4_AR5,101341.67917679
United States,Ohio,2012,CH4_AR5,4031.7715167025
United States,Oklahoma,2012,CH4_AR5,6117.533200683
United States,Oregon,2012,CH4_AR5,1030.5613445796
United States,Pennsylvania,2012,CH4_AR5,18164.499807626
United States,Arkansas,2012,CH4_AR5,2216.5604253586
United States,Rhode Island,2012,CH4_AR5,67.719549387147
United States,South Carolina,2012,CH4_AR5,820.98877505236
United States,South Dakota,2012,CH4_AR5,660.10121473355
United States,Tennessee,2012,CH4_AR5,958.17181468047
United States,Texas,2012,CH4_AR5,101033.21235664
United States,Utah,2012,CH4_AR5,4116.576993856
United States,Vermont,2012,CH4_AR5,108.57921737261
United States,Virginia,2012,CH4_AR5,3599.3133222575
United States,Washington,2012,CH4_AR5,920.04279277161
United States,West Virginia,2012,CH4_AR5,22252.660662914
United States,California,2012,CH4_AR5,3871.2541163829
United States,Wisconsin,2012,CH4_AR5,1261.715433944
United States,Wyoming,2012,CH4_AR5,20338.983489173
United States,Colorado,2012,CH4_AR5,8053.0151621749
United States,Connecticut,2012,CH4_AR5,244.68385153538
United States,Delaware,2012,CH4_AR5,94.820055442445
United States,District of Columbia,2012,CH4_AR5,4.1231009806799
United States,Alabama,2013,CH4_AR5,4488.7156538934
United States,Florida,2013,CH4_AR5,1430.4057649108
United States,Georgia,2013,CH4_AR5,1289.0071870646
United States,Hawaii,2013,CH4_AR5,58.059317377801
United States,Idaho,2013,CH4_AR5,676.39548746512
United States,Illinois,2013,CH4_AR5,12907.304034344
United States,Indiana,2013,CH4_AR5,3455.6827323545
United States,Iowa,2013,CH4_AR5,1614.8625140636
United States,Kansas,2013,CH4_AR5,2809.0981119344
United States,Kentucky,2013,CH4_AR5,6465.115502858
United States,Louisiana,2013,CH4_AR5,6805.7414141851
United States,Alaska,2013,CH4_AR5,2884.7001263675
United States,Maine,2013,CH4_AR5,352.17251178212
United States,Maryland,2013,CH4_AR5,524.56743295171
United States,Massachusetts,2013,CH4_AR5,344.97100408883
United States,Michigan,2013,CH4_AR5,2090.9807625889
United States,Minnesota,2013,CH4_AR5,1632.1089705074
United States,Mississippi,2013,CH4_AR5,2889.7297563424
United States,Missouri,2013,CH4_AR5,1413.6257601225
United States,Montana,2013,CH4_AR5,6497.5306092843
United States,Nebraska,2013,CH4_AR5,1414.2539646116
United States,Nevada,2013,CH4_AR5,503.2542575642
United States,Arizona,2013,CH4_AR5,1265.7330026645
United States,New Hampshire,2013,CH4_AR5,161.17267215631
United States,New Jersey,2013,CH4_AR5,432.63235545509
United States,New Mexico,2013,CH4_AR5,20261.100972924
United States,New York,2013,CH4_AR5,1449.4208436798
United States,North Carolina,2013,CH4_AR5,923.72260728572
United States,North Dakota,2013,CH4_AR5,84324.431687461
United States,Ohio,2013,CH4_AR5,4402.6598485215
United States,Oklahoma,2013,CH4_AR5,7694.9338185398
United States,Oregon,2013,CH4_AR5,1039.1475132939
United States,Pennsylvania,2013,CH4_AR5,14462.382707516
United States,Arkansas,2013,CH4_AR5,1842.1613447192
United States,Rhode Island,2013,CH4_AR5,68.559111561839
United States,South Carolina,2013,CH4_AR5,829.0344644431
United States,South Dakota,2013,CH4_AR5,666.47801934106
United States,Tennessee,2013,CH4_AR5,967.83692130387
United States,Texas,2013,CH4_AR5,118633.00615934
United States,Utah,2013,CH4_AR5,4012.5462855299
United States,Vermont,2013,CH4_AR5,109.64739308902
United States,Virginia,2013,CH4_AR5,3465.8155647861
United States,Washington,2013,CH4_AR5,928.22158974647
United States,West Virginia,2013,CH4_AR5,20383.347712779
United States,California,2013,CH4_AR5,3775.5026702273
United States,Wisconsin,2013,CH4_AR5,1274.5294075046
United States,Wyoming,2013,CH4_AR5,20233.604642699
United States,Colorado,2013,CH4_AR5,8638.0437814653
United States,Connecticut,2013,CH4_AR5,247.58777462607
United States,Delaware,2013,CH4_AR5,95.891407690226
United States,District of Columbia,2013,CH4_AR5,4.1623588830571
United States,Alabama,2014,CH4_AR5,4477.0054529741
United States,Florida,2014,CH4_AR5,1428.6413939965
United States,Georgia,2014,CH4_AR5,1299.400637142
United States,Hawaii,2014,CH4_AR5,60.945772186149
United States,Idaho,2014,CH4_AR5,686.27376799457
United States,Illinois,2014,CH4_AR5,15153.675401167
United States,Indiana,2014,CH4_AR5,5763.8229059657
United States,Iowa,2014,CH4_AR5,1618.7513429555
United States,Kansas,2014,CH4_AR5,2864.8577035405
United States,Kentucky,2014,CH4_AR5,6772.8604402059
United States,Louisiana,2014,CH4_AR5,7151.5299577474
United States,Alaska,2014,CH4_AR5,3376.2718540844
United States,Maine,2014,CH4_AR5,357.29783167753
United States,Maryland,2014,CH4_AR5,531.20417232843
United States,Massachusetts,2014,CH4_AR5,350.2598041144
United States,Michigan,2014,CH4_AR5,2126.0414660897
United States,Minnesota,2014,CH4_AR5,1638.2171500669
United States,Mississippi,2014,CH4_AR5,3762.3269553313
United States,Missouri,2014,CH4_AR5,1422.418440796
United States,Montana,2014,CH4_AR5,6102.3456564751
United States,Nebraska,2014,CH4_AR5,1418.4938964824
United States,Nevada,2014,CH4_AR5,505.79836460439
United States,Arizona,2014,CH4_AR5,1271.2568874204
United States,New Hampshire,2014,CH4_AR5,162.66888909654
United States,New Jersey,2014,CH4_AR5,441.79250131364
United States,New Mexico,2014,CH4_AR5,21508.287043192
United States,New York,2014,CH4_AR5,1461.217005441
United States,North Carolina,2014,CH4_AR5,934.6900012923
United States,North Dakota,2014,CH4_AR5,86163.033566452
United States,Ohio,2014,CH4_AR5,4252.1912563335
United States,Oklahoma,2014,CH4_AR5,6462.1386238041
United States,Oregon,2014,CH4_AR5,1049.8081156688
United States,Pennsylvania,2014,CH4_AR5,15987.354849281
United States,Arkansas,2014,CH4_AR5,1751.8068422535
United States,Rhode Island,2014,CH4_AR5,70.184498277848
United States,South Carolina,2014,CH4_AR5,835.42791905144
United States,South Dakota,2014,CH4_AR5,671.09210200516
United States,Tennessee,2014,CH4_AR5,974.27328277289
United States,Texas,2014,CH4_AR5,125603.25269287
United States,Utah,2014,CH4_AR5,4659.7623497795
United States,Vermont,2014,CH4_AR5,110.92378175216
United States,Virginia,2014,CH4_AR5,3541.1651727144
United States,Washington,2014,CH4_AR5,938.98187938301
United States,West Virginia,2014,CH4_AR5,19956.223996728
United States,California,2014,CH4_AR5,3536.9498741204
United States,Wisconsin,2014,CH4_AR5,1284.1241992614
United States,Wyoming,2014,CH4_AR5,19516.254828221
United States,Colorado,2014,CH4_AR5,7422.1064298975
United States,Connecticut,2014,CH4_AR5,251.52408326389
United States,Delaware,2014,CH4_AR5,96.263688931637
United States,District of Columbia,2014,CH4_AR5,4.2359470389099
United States,Alabama,2015,CH4_AR5,4033.9398986371
United States,Florida,2015,CH4_AR5,1452.0133802327
United States,Georgia,2015,CH4_AR5,1309.5665356834
United States,Hawaii,2015,CH4_AR5,62.51273369644
United States,Idaho,2015,CH4_AR5,684.79255282338
United States,Illinois,2015,CH4_AR5,14028.261798758
United States,Indiana,2015,CH4_AR5,5196.5204597345
United States,Iowa,2015,CH4_AR5,1623.3595477758
United States,Kansas,2015,CH4_AR5,2888.6425660025
United States,Kentucky,2015,CH4_AR5,6526.2171674733
United States,Louisiana,2015,CH4_AR5,6697.1406445605
United States,Alaska,2015,CH4_AR5,3306.1513689576
United States,Maine,2015,CH4_AR5,360.24347099333
United States,Maryland,2015,CH4_AR5,510.66241560468
United States,Massachusetts,2015,CH4_AR5,354.84710959194
United States,Michigan,2015,CH4_AR5,2102.1651587562
United States,Minnesota,2015,CH4_AR5,1643.5403771822
United States,Mississippi,2015,CH4_AR5,3510.6488093803
United States,Missouri,2015,CH4_AR5,1430.8302003525
United States,Montana,2015,CH4_AR5,5769.6631071997
United States,Nebraska,2015,CH4_AR5,1422.1882651497
United States,Nevada,2015,CH4_AR5,508.62539968913
United States,Arizona,2015,CH4_AR5,1277.3605655525
United States,New Hampshire,2015,CH4_AR5,164.08006017455
United States,New Jersey,2015,CH4_AR5,448.63209217459
United States,New Mexico,2015,CH4_AR5,26409.242723131
United States,New York,2015,CH4_AR5,1471.1248340558
United States,North Carolina,2015,CH4_AR5,944.73912112983
United States,North Dakota,2015,CH4_AR5,75156.542940471
United States,Ohio,2015,CH4_AR5,4591.2658847229
United States,Oklahoma,2015,CH4_AR5,5771.1677666773
United States,Oregon,2015,CH4_AR5,1059.2576933703
United States,Pennsylvania,2015,CH4_AR5,13135.417527852
United States,Arkansas,2015,CH4_AR5,1749.2033854813
United States,Rhode Island,2015,CH4_AR5,71.439395133917
United States,South Carolina,2015,CH4_AR5,840.07154935039
United States,South Dakota,2015,CH4_AR5,675.23771089465
United States,Tennessee,2015,CH4_AR5,980.86465982618
United States,Texas,2015,CH4_AR5,134261.19256901
United States,Utah,2015,CH4_AR5,3334.6686198976
United States,Vermont,2015,CH4_AR5,112.05624400396
United States,Virginia,2015,CH4_AR5,3159.5514704909
United States,Washington,2015,CH4_AR5,947.39053550359
United States,West Virginia,2015,CH4_AR5,17511.769205853
United States,California,2015,CH4_AR5,3542.5705177579
United States,Wisconsin,2015,CH4_AR5,1292.1032236368
United States,Wyoming,2015,CH4_AR5,17407.16498796
United States,Colorado,2015,CH4_AR5,6632.0288610753
United States,Connecticut,2015,CH4_AR5,254.5552290865
United States,Delaware,2015,CH4_AR5,96.207516640726
United States,District of Columbia,2015,CH4_AR5,4.345120322451
United States,Alabama,2016,CH4_AR5,5969.912442928
United States,Florida,2016,CH4_AR5,1485.539222093
United States,Georgia,2016,CH4_AR5,1324.1178800696
United States,Hawaii,2016,CH4_AR5,65.080294105123
United States,Idaho,2016,CH4_AR5,689.52626659735
United States,Illinois,2016,CH4_AR5,10911.794621812
United States,Indiana,2016,CH4_AR5,4258.9614217391
United States,Iowa,2016,CH4_AR5,1630.7326186608
United States,Kansas,2016,CH4_AR5,2942.301820903
United States,Kentucky,2016,CH4_AR5,5320.2279140481
United States,Louisiana,2016,CH4_AR5,10357.108245752
United States,Alaska,2016,CH4_AR5,5273.5154347343
United States,Maine,2016,CH4_AR5,364.67656476967
United States,Maryland,2016,CH4_AR5,479.58323811435
United States,Massachusetts,2016,CH4_AR5,360.77530506568
United States,Michigan,2016,CH4_AR5,1875.8521143776
United States,Minnesota,2016,CH4_AR5,1654.6861003884
United States,Mississippi,2016,CH4_AR5,4710.4751476675
United States,Missouri,2016,CH4_AR5,1441.3852181388
United States,Montana,2016,CH4_AR5,4189.451780279
United States,Nebraska,2016,CH4_AR5,1428.5832938933
United States,Nevada,2016,CH4_AR5,512.58856777688
United States,Arizona,2016,CH4_AR5,1286.1479409222
United States,New Hampshire,2016,CH4_AR5,165.967571147
United States,New Jersey,2016,CH4_AR5,460.12299128388
United States,New Mexico,2016,CH4_AR5,25263.042813014
United States,New York,2016,CH4_AR5,1485.1095285144
United States,North Carolina,2016,CH4_AR5,958.16621911804
United States,North Dakota,2016,CH4_AR5,64369.692551273
United States,Ohio,2016,CH4_AR5,3155.118288717
United States,Oklahoma,2016,CH4_AR5,5384.0941790773
United States,Oregon,2016,CH4_AR5,1070.5595701005
United States,Pennsylvania,2016,CH4_AR5,9865.3377628054
United States,Arkansas,2016,CH4_AR5,1808.0121787141
United States,Rhode Island,2016,CH4_AR5,72.9696050216
United States,South Carolina,2016,CH4_AR5,848.33786836263
United States,South Dakota,2016,CH4_AR5,680.65620873082
United States,Tennessee,2016,CH4_AR5,991.26120990209
United States,Texas,2016,CH4_AR5,130531.63449713
United States,Utah,2016,CH4_AR5,3112.2392512527
United States,Vermont,2016,CH4_AR5,113.51086172126
United States,Virginia,2016,CH4_AR5,2619.1647591177
United States,Washington,2016,CH4_AR5,961.33648397327
United States,West Virginia,2016,CH4_AR5,13164.773533493
United States,California,2016,CH4_AR5,3617.0301012033
United States,Wisconsin,2016,CH4_AR5,1304.7333602337
United States,Wyoming,2016,CH4_AR5,14070.868302794
United States,Colorado,2016,CH4_AR5,3981.3686234466
United States,Connecticut,2016,CH4_AR5,258.49613862205
United States,Delaware,2016,CH4_AR5,99.206653207224
United States,District of Columbia,2016,CH4_AR5,4.4783714484278
United States,Alabama,2017,CH4_AR5,5774.1523794828
United States,Florida,2017,CH4_AR5,1495.4453307039
United States,Georgia,2017,CH4_AR5,1333.8041468375
United States,Hawaii,2017,CH4_AR5,68.33529860884
United States,Idaho,2017,CH4_AR5,694.61760561301
United States,Illinois,2017,CH4_AR5,11107.726422721
United States,Indiana,2017,CH4_AR5,4356.5788752132
United States,Iowa,2017,CH4_AR5,1638.901818774
United States,Kansas,2017,CH4_AR5,2782.2331266228
United States,Kentucky,2017,CH4_AR5,5619.0006489512
United States,Louisiana,2017,CH4_AR5,7448.1753598911
United States,Alaska,2017,CH4_AR5,3901.2730634942
United States,Maine,2017,CH4_AR5,369.52481682173
United States,Maryland,2017,CH4_AR5,492.94227138557
United States,Massachusetts,2017,CH4_AR5,365.99333199213
United States,Michigan,2017,CH4_AR5,1923.1992148307
United States,Minnesota,2017,CH4_AR5,1664.8431937979
United States,Mississippi,2017,CH4_AR5,3816.4812094668
United States,Missouri,2017,CH4_AR5,1451.7816544438
United States,Montana,2017,CH4_AR5,4315.0598060239
United States,Nebraska,2017,CH4_AR5,1436.9959924593
United States,Nevada,2017,CH4_AR5,515.8889522769
United States,Arizona,2017,CH4_AR5,1294.3641670817
United States,New Hampshire,2017,CH4_AR5,167.38334879188
United States,New Jersey,2017,CH4_AR5,470.66072096686
United States,New Mexico,2017,CH4_AR5,18529.401186023
United States,New York,2017,CH4_AR5,1499.5563591658
United States,North Carolina,2017,CH4_AR5,968.00573695054
United States,North Dakota,2017,CH4_AR5,84348.86663069
United States,Ohio,2017,CH4_AR5,2816.9577368425
United States,Oklahoma,2017,CH4_AR5,6858.215680475
United States,Oregon,2017,CH4_AR5,1080.7850244031
United States,Pennsylvania,2017,CH4_AR5,10531.156222192
United States,Arkansas,2017,CH4_AR5,1836.3876093082
United States,Rhode Island,2017,CH4_AR5,74.647337958216
United States,South Carolina,2017,CH4_AR5,855.16653884396
United States,South Dakota,2017,CH4_AR5,691.3340617924
United States,Tennessee,2017,CH4_AR5,998.58252881471
United States,Texas,2017,CH4_AR5,131847.55863611
United States,Utah,2017,CH4_AR5,3506.6715081421
United States,Vermont,2017,CH4_AR5,114.56519821275
United States,Virginia,2017,CH4_AR5,2863.0873067939
United States,Washington,2017,CH4_AR5,973.07073816715
United States,West Virginia,2017,CH4_AR5,14284.101160629
United States,California,2017,CH4_AR5,3454.4172661836
United States,Wisconsin,2017,CH4_AR5,1315.3545023527
United States,Wyoming,2017,CH4_AR5,16238.825352476
United States,Colorado,2017,CH4_AR5,4691.5293765283
United States,Connecticut,2017,CH4_AR5,262.58292284231
United States,Delaware,2017,CH4_AR5,100.78823131848
United States,District of Columbia,2017,CH4_AR5,4.536768019747
United States,Alabama,2018,CH4_AR5,4289.2408652824
United States,Florida,2018,CH4_AR5,1573.9599261735
United States,Georgia,2018,CH4_AR5,1358.2722826163
United States,Hawaii,2018,CH4_AR5,73.807616935306
United States,Idaho,2018,CH4_AR5,702.11135994956
United States,Illinois,2018,CH4_AR5,10987.345269653
United States,Indiana,2018,CH4_AR5,4362.1504964175
United States,Iowa,2018,CH4_AR5,1649.6261532348
United States,Kansas,2018,CH4_AR5,2857.6430619471
United States,Kentucky,2018,CH4_AR5,5943.3913301891
United States,Louisiana,2018,CH4_AR5,6565.1105334307
United States,Alaska,2018,CH4_AR5,2640.7631937617
United States,Maine,2018,CH4_AR5,379.44404257395
United States,Maryland,2018,CH4_AR5,556.97795864865
United States,Massachusetts,2018,CH4_AR5,374.06356741329
United States,Michigan,2018,CH4_AR5,2036.2621025187
United States,Minnesota,2018,CH4_AR5,1713.5955705447
United States,Mississippi,2018,CH4_AR5,3251.5455068589
United States,Missouri,2018,CH4_AR5,1465.2471110059
United States,Montana,2018,CH4_AR5,5378.5319090943
United States,Nebraska,2018,CH4_AR5,1445.5042164804
United States,Nevada,2018,CH4_AR5,520.78444477574
United States,Arizona,2018,CH4_AR5,1305.5803043741
United States,New Hampshire,2018,CH4_AR5,169.37416869371
United States,New Jersey,2018,CH4_AR5,488.02635959807
United States,New Mexico,2018,CH4_AR5,24040.853487809
United States,New York,2018,CH4_AR5,1519.0023489987
United States,North Carolina,2018,CH4_AR5,986.66476973597
United States,North Dakota,2018,CH4_AR5,102753.98861952
United States,Ohio,2018,CH4_AR5,3048.1933045884
United States,Oklahoma,2018,CH4_AR5,7070.3196869008
United States,Oregon,2018,CH4_AR5,1096.7251289405
United States,Pennsylvania,2018,CH4_AR5,10404.484464538
United States,Arkansas,2018,CH4_AR5,1778.2721045556
United States,Rhode Island,2018,CH4_AR5,77.217525235898
United States,South Carolina,2018,CH4_AR5,869.73128288878
United States,South Dakota,2018,CH4_AR5,701.47722324065
United States,Tennessee,2018,CH4_AR5,1010.474838397
United States,Texas,2018,CH4_AR5,132242.88784849
United States,Utah,2018,CH4_AR5,3658.4575314593
United States,Vermont,2018,CH4_AR5,116.07445116819
United States,Virginia,2018,CH4_AR5,2819.4257125584
United States,Washington,2018,CH4_AR5,1001.2111745827
United States,West Virginia,2018,CH4_AR5,13792.127517802
United States,California,2018,CH4_AR5,3661.3352356061
United States,Wisconsin,2018,CH4_AR5,1336.7140196264
United States,Wyoming,2018,CH4_AR5,15825.132559329
United States,Colorado,2018,CH4_AR5,4873.8454467026
United States,Connecticut,2018,CH4_AR5,268.44199523679
United States,Delaware,2018,CH4_AR5,103.44411744371
United States,District of Columbia,2018,CH4_AR5,4.6541926594263
United States,Alabama,2019,CH4_AR5,3226.2235012974
United States,Florida,2019,CH4_AR5,1795.3949987082
United States,Georgia,2019,CH4_AR5,1362.6037416837
United States,Hawaii,2019,CH4_AR5,78.75166038253
United States,Idaho,2019,CH4_AR5,706.38329775628
United States,Illinois,2019,CH4_AR5,10571.29984674
United States,Indiana,2019,CH4_AR5,4279.3290692784
United States,Iowa,2019,CH4_AR5,1654.31849676
United States,Kansas,2019,CH4_AR5,2731.2315475822
United States,Kentucky,2019,CH4_AR5,5907.6000050757
United States,Louisiana,2019,CH4_AR5,5712.3847616256
United States,Alaska,2019,CH4_AR5,3787.2867870775
United States,Maine,2019,CH4_AR5,382.82899269667
United States,Maryland,2019,CH4_AR5,501.138170774
United States,Massachusetts,2019,CH4_AR5,379.22604287604
United States,Michigan,2019,CH4_AR5,1951.1867891377
United States,Minnesota,2019,CH4_AR5,1684.3155428005
United States,Mississippi,2019,CH4_AR5,2679.093866515
United States,Missouri,2019,CH4_AR5,1472.0364314856
United States,Montana,2019,CH4_AR5,5307.3209794739
United States,Nebraska,2019,CH4_AR5,1450.0452960001
United States,Nevada,2019,CH4_AR5,523.12174511056
United States,Arizona,2019,CH4_AR5,1390.0501138089
United States,New Hampshire,2019,CH4_AR5,170.07754976988
United States,New Jersey,2019,CH4_AR5,501.90554117009
United States,New Mexico,2019,CH4_AR5,24429.020082981
United States,New York,2019,CH4_AR5,1531.0694954214
United States,North Carolina,2019,CH4_AR5,993.51357066839
United States,North Dakota,2019,CH4_AR5,103182.54070518
United States,Ohio,2019,CH4_AR5,2701.9228668849
United States,Oklahoma,2019,CH4_AR5,5926.3750296116
United States,Oregon,2019,CH4_AR5,1106.3056743748
United States,Pennsylvania,2019,CH4_AR5,9973.8572774934
United States,Arkansas,2019,CH4_AR5,1746.2194464632
United States,Rhode Island,2019,CH4_AR5,79.40155417485
United States,South Carolina,2019,CH4_AR5,872.15619725952
United States,South Dakota,2019,CH4_AR5,694.4904140492999
United States,Tennessee,2019,CH4_AR5,1014.379924062
United States,Texas,2019,CH4_AR5,159416.51072062
United States,Utah,2019,CH4_AR5,4187.9483342081
United States,Vermont,2019,CH4_AR5,116.5442214325
United States,Virginia,2019,CH4_AR5,2842.70000169
United States,Washington,2019,CH4_AR5,1006.4828498359
United States,West Virginia,2019,CH4_AR5,13563.019207143
United States,California,2019,CH4_AR5,3525.9080082513
United States,Wisconsin,2019,CH4_AR5,1341.753879578
United States,Wyoming,2019,CH4_AR5,14122.157809272
United States,Colorado,2019,CH4_AR5,3838.7025379252
United States,Connecticut,2019,CH4_AR5,272.75032305021
United States,Delaware,2019,CH4_AR5,105.46266660343
United States,District of Columbia,2019,CH4_AR5,4.7170974022925
United States,Alabama,2020,CH4_AR5,2670.710129442
United States,Florida,2020,CH4_AR5,1565.3653856881
United States,Georgia,2020,CH4_AR5,1378.9313518192
United States,Hawaii,2020,CH4_AR5,79.165404341413
United States,Idaho,2020,CH4_AR5,707.83984968726
United States,Illinois,2020,CH4_AR5,7669.5220285993
United States,Indiana,2020,CH4_AR5,3010.7745511072
United States,Iowa,2020,CH4_AR5,1652.9033345373
United States,Kansas,2020,CH4_AR5,2698.1919269043
United States,Kentucky,2020,CH4_AR5,4078.403465761
United States,Louisiana,2020,CH4_AR5,6423.9568000533
United States,Alaska,2020,CH4_AR5,4700.5386818771
United States,Maine,2020,CH4_AR5,381.59253767312
United States,Maryland,2020,CH4_AR5,500.78955338175
United States,Massachusetts,2020,CH4_AR5,378.50063640123
United States,Michigan,2020,CH4_AR5,2029.6284620468
United States,Minnesota,2020,CH4_AR5,1677.68542241
United States,Mississippi,2020,CH4_AR5,2711.1767518592
United States,Missouri,2020,CH4_AR5,1468.9239355381
United States,Montana,2020,CH4_AR5,4271.1725231636
United States,Nebraska,2020,CH4_AR5,1449.0184147638
United States,Nevada,2020,CH4_AR5,596.66114389145
United States,Arizona,2020,CH4_AR5,1334.1057762616
United States,New Hampshire,2020,CH4_AR5,169.37506594937
United States,New Jersey,2020,CH4_AR5,499.71695693433
United States,New Mexico,2020,CH4_AR5,25168.671278045
United States,New York,2020,CH4_AR5,1528.3764466573
United States,North Carolina,2020,CH4_AR5,990.23844422605
United States,North Dakota,2020,CH4_AR5,88356.433513378
United States,Ohio,2020,CH4_AR5,2605.4614726512
United States,Oklahoma,2020,CH4_AR5,6058.2252070916
United States,Oregon,2020,CH4_AR5,1108.0807973738
United States,Pennsylvania,2020,CH4_AR5,6757.9470010869
United States,Arkansas,2020,CH4_AR5,1736.408319716
United States,Rhode Island,2020,CH4_AR5,79.713680533895
United States,South Carolina,2020,CH4_AR5,868.19172728953
United States,South Dakota,2020,CH4_AR5,711.00798523696
United States,Tennessee,2020,CH4_AR5,1053.7189611523
United States,Texas,2020,CH4_AR5,152231.58018736
United States,Utah,2020,CH4_AR5,3314.5332967027
United States,Vermont,2020,CH4_AR5,115.92575520719
United States,Virginia,2020,CH4_AR5,2142.9415531198
United States,Washington,2020,CH4_AR5,1008.2687706043
United States,West Virginia,2020,CH4_AR5,10207.183797331
United States,California,2020,CH4_AR5,4114.7280706148
United States,Wisconsin,2020,CH4_AR5,1335.3083458972
United States,Wyoming,2020,CH4_AR5,10830.271470676
United States,Colorado,2020,CH4_AR5,3138.2984332492
United States,Connecticut,2020,CH4_AR5,272.60357539757
United States,Delaware,2020,CH4_AR5,101.8304867254
United States,District of Columbia,2020,CH4_AR5,4.6828506964613
United States,Alabama,2021,CH4_AR5,3502.6665208269
United States,Florida,2021,CH4_AR5,1523.3935161111
United States,Georgia,2021,CH4_AR5,1402.9645578948
United States,Hawaii,2021,CH4_AR5,79.788638718789
United States,Idaho,2021,CH4_AR5,715.22947928516
United States,Illinois,2021,CH4_AR5,12797.983992946
United States,Indiana,2021,CH4_AR5,4431.2664423211
United States,Iowa,2021,CH4_AR5,1660.3765464845
United States,Kansas,2021,CH4_AR5,2724.8778079906
United States,Kentucky,2021,CH4_AR5,6731.0965687514
United States,Louisiana,2021,CH4_AR5,6431.6625788732
United States,Alaska,2021,CH4_AR5,5965.4490806718
United States,Maine,2021,CH4_AR5,386.62873085353
United States,Maryland,2021,CH4_AR5,564.39080362162
United States,Massachusetts,2021,CH4_AR5,384.41478303019
United States,Michigan,2021,CH4_AR5,2150.2005422099
United States,Minnesota,2021,CH4_AR5,1689.6855365369
United States,Mississippi,2021,CH4_AR5,3321.9672378028
United States,Missouri,2021,CH4_AR5,1482.9614115708
United States,Montana,2021,CH4_AR5,4625.1486972184
United States,Nebraska,2021,CH4_AR5,1456.1583734246
United States,Nevada,2021,CH4_AR5,618.39821849441
United States,Arizona,2021,CH4_AR5,1319.3146564705
United States,New Hampshire,2021,CH4_AR5,172.02355714634
United States,New Jersey,2021,CH4_AR5,506.01411410579
United States,New Mexico,2021,CH4_AR5,28482.874411888
United States,New York,2021,CH4_AR5,1543.1431466516
United States,North Carolina,2021,CH4_AR5,1005.9699433947
United States,North Dakota,2021,CH4_AR5,93340.272485218
United States,Ohio,2021,CH4_AR5,2791.1856622639
United States,Oklahoma,2021,CH4_AR5,5727.2946950536
United States,Oregon,2021,CH4_AR5,1120.2728374744
United States,Pennsylvania,2021,CH4_AR5,10789.919951876
United States,Arkansas,2021,CH4_AR5,1746.0978744071
United States,Rhode Island,2021,CH4_AR5,80.705388076882
United States,South Carolina,2021,CH4_AR5,877.8957482647
United States,South Dakota,2021,CH4_AR5,732.80180502196
United States,Tennessee,2021,CH4_AR5,1096.3236297778
United States,Texas,2021,CH4_AR5,144041.90066461
United States,Utah,2021,CH4_AR5,4482.2657522529
United States,Vermont,2021,CH4_AR5,118.1510166647
United States,Virginia,2021,CH4_AR5,3128.7827622968
United States,Washington,2021,CH4_AR5,1014.4596302171
United States,West Virginia,2021,CH4_AR5,19039.738927244
United States,California,2021,CH4_AR5,4078.8475269178
United States,Wisconsin,2021,CH4_AR5,1350.1175248573
United States,Wyoming,2021,CH4_AR5,11869.087136083
United States,Colorado,2021,CH4_AR5,4133.8617548527
United States,Connecticut,2021,CH4_AR5,276.31069733164
United States,Delaware,2021,CH4_AR5,102.8289863834
United States,District of Columbia,2021,CH4_AR5,4.8081793093228
United States,Alabama,2022,CH4_AR5,3877.5412929635
United States,Florida,2022,CH4_AR5,1574.0667113291
United States,Georgia,2022,CH4_AR5,1384.1397995441
United States,Hawaii,2022,CH4_AR5,83.694797177428
United States,Idaho,2022,CH4_AR5,721.46289638597
United States,Illinois,2022,CH4_AR5,12552.506155663
United States,Indiana,2022,CH4_AR5,4517.9627315763
United States,Iowa,2022,CH4_AR5,1669.4488921966
United States,Kansas,2022,CH4_AR5,2771.1077644369
United States,Kentucky,2022,CH4_AR5,6910.6590200725
United States,Louisiana,2022,CH4_AR5,7295.077733698
United States,Alaska,2022,CH4_AR5,8112.4374712884
United States,Maine,2022,CH4_AR5,391.38128185466
United States,Maryland,2022,CH4_AR5,560.36762423294
United States,Massachusetts,2022,CH4_AR5,390.96339051294
United States,Michigan,2022,CH4_AR5,2160.2312281372
United States,Minnesota,2022,CH4_AR5,1699.9022591452
United States,Mississippi,2022,CH4_AR5,3719.868536645
United States,Missouri,2022,CH4_AR5,1495.1583792843
United States,Montana,2022,CH4_AR5,5597.6337691706
United States,Nebraska,2022,CH4_AR5,1464.0503506742
United States,Nevada,2022,CH4_AR5,624.83250895799
United States,Arizona,2022,CH4_AR5,1328.1695136949
United States,New Hampshire,2022,CH4_AR5,173.98008794826
United States,New Jersey,2022,CH4_AR5,519.18535100921
United States,New Mexico,2022,CH4_AR5,28860.434606549
United States,New York,2022,CH4_AR5,1559.486881565
United States,North Carolina,2022,CH4_AR5,1017.9123334704
United States,North Dakota,2022,CH4_AR5,64428.85110962
United States,Ohio,2022,CH4_AR5,2804.4037346764
United States,Oklahoma,2022,CH4_AR5,5927.6673120534
United States,Oregon,2022,CH4_AR5,1132.252421154
United States,Pennsylvania,2022,CH4_AR5,11068.289728547
United States,Arkansas,2022,CH4_AR5,1751.8114063782
United States,Rhode Island,2022,CH4_AR5,82.656892714801
United States,South Carolina,2022,CH4_AR5,884.14475192021
United States,South Dakota,2022,CH4_AR5,764.29385618659
United States,Tennessee,2022,CH4_AR5,1105.7540457438
United States,Texas,2022,CH4_AR5,178007.60878929
United States,Utah,2022,CH4_AR5,5886.1177759336
United States,Vermont,2022,CH4_AR5,119.73050313567
United States,Virginia,2022,CH4_AR5,3200.1604113274
United States,Washington,2022,CH4_AR5,1028.8846697703
United States,West Virginia,2022,CH4_AR5,19519.019049681
United States,California,2022,CH4_AR5,4389.7877980715
United States,Wisconsin,2022,CH4_AR5,1360.7442507122
United States,Wyoming,2022,CH4_AR5,12233.661112946
United States,Colorado,2022,CH4_AR5,4214.4889766926
United States,Connecticut,2022,CH4_AR5,281.31678781684
United States,Delaware,2022,CH4_AR5,105.68742553129
United States,District of Columbia,2022,CH4_AR5,4.8966715015206
United States,Alabama,2023,CH4_AR5,3744.2627959411
United States,Florida,2023,CH4_AR5,1593.3343649697
United States,Georgia,2023,CH4_AR5,1398.9970155764
United States,Hawaii,2023,CH4_AR5,86.377069123983
United States,Idaho,2023,CH4_AR5,728.66179295039
United States,Illinois,2023,CH4_AR5,12235.364488714
United States,Indiana,2023,CH4_AR5,4476.3439262692
United States,Iowa,2023,CH4_AR5,1678.8621337703
United States,Kansas,2023,CH4_AR5,2970.9439287461
United States,Kentucky,2023,CH4_AR5,6839.0682634283
United States,Louisiana,2023,CH4_AR5,7587.2933745168
United States,Alaska,2023,CH4_AR5,5807.051082874
United States,Maine,2023,CH4_AR5,397.14973791306
United States,Maryland,2023,CH4_AR5,545.01243984806
United States,Massachusetts,2023,CH4_AR5,397.59932448545
United States,Michigan,2023,CH4_AR5,2295.9621542073
United States,Minnesota,2023,CH4_AR5,1712.0321880727
United States,Mississippi,2023,CH4_AR5,4335.3385264811
United States,Missouri,2023,CH4_AR5,1509.3414530658
United States,Montana,2023,CH4_AR5,4853.8675897287
United States,Nebraska,2023,CH4_AR5,1473.0283011182
United States,Nevada,2023,CH4_AR5,636.17275275998
United States,Arizona,2023,CH4_AR5,1338.6859694485
United States,New Hampshire,2023,CH4_AR5,176.44259603359
United States,New Jersey,2023,CH4_AR5,529.86022266394
United States,New Mexico,2023,CH4_AR5,31003.512156563
United States,New York,2023,CH4_AR5,1576.4240790299
United States,North Carolina,2023,CH4_AR5,1033.1107201198
United States,North Dakota,2023,CH4_AR5,56966.204269409
United States,Ohio,2023,CH4_AR5,2759.4198986118
United States,Oklahoma,2023,CH4_AR5,5861.1822689124
United States,Oregon,2023,CH4_AR5,1145.1538455235
United States,Pennsylvania,2023,CH4_AR5,11074.94944996
United States,Arkansas,2023,CH4_AR5,1773.9546537774
United States,Rhode Island,2023,CH4_AR5,84.326784998511
United States,South Carolina,2023,CH4_AR5,893.24981688921
United States,South Dakota,2023,CH4_AR5,775.77921844786
United States,Tennessee,2023,CH4_AR5,1072.6894368079
United States,Texas,2023,CH4_AR5,199559.83627899
United States,Utah,2023,CH4_AR5,6609.8171341025
United States,Vermont,2023,CH4_AR5,121.77947157557
United States,Virginia,2023,CH4_AR5,3182.6270625532
United States,Washington,2023,CH4_AR5,1042.1051718096
United States,West Virginia,2023,CH4_AR5,19606.579679368
United States,California,2023,CH4_AR5,4320.0091695848
United States,Wisconsin,2023,CH4_AR5,1374.9402567728
United States,Wyoming,2023,CH4_AR5,13210.298205567
United States,Colorado,2023,CH4_AR5,4038.3444294929
United States,Connecticut,2023,CH4_AR5,286.29580535936
United States,Delaware,2023,CH4_AR5,107.16985125313
United States,District of Columbia,2023,CH4_AR5,4.96972790405
United States,Alabama,1990,N2O_AR5,973.9518236317
United States,Florida,1990,N2O_AR5,2609.6379210069
United States,Georgia,1990,N2O_AR5,2159.2730866521
United States,Hawaii,1990,N2O_AR5,12.564916588629
United States,Idaho,1990,N2O_AR5,34.035759555549
United States,Illinois,1990,N2O_AR5,570.39375417491
United States,Indiana,1990,N2O_AR5,172.72557083936
United States,Iowa,1990,N2O_AR5,1608.2414557576
United States,Kansas,1990,N2O_AR5,128.83554073612
United States,Kentucky,1990,N2O_AR5,74.591473253495
United States,Louisiana,1990,N2O_AR5,1902.5961602718
United States,Alaska,1990,N2O_AR5,18.711413324299
United States,Maine,1990,N2O_AR5,24.335203086281
United States,Maryland,1990,N2O_AR5,73.269228917319
United States,Massachusetts,1990,N2O_AR5,69.349210162141
United States,Michigan,1990,N2O_AR5,167.40361988483
United States,Minnesota,1990,N2O_AR5,181.44873671986
United States,Mississippi,1990,N2O_AR5,1241.0276586323
United States,Missouri,1990,N2O_AR5,614.45282719816
United States,Montana,1990,N2O_AR5,20.131962993806
United States,Nebraska,1990,N2O_AR5,502.74416300042
United States,Nevada,1990,N2O_AR5,108.59622080025
United States,Arizona,1990,N2O_AR5,185.94449915595
United States,New Hampshire,1990,N2O_AR5,14.153909488958
United States,New Jersey,1990,N2O_AR5,125.929088561
United States,New Mexico,1990,N2O_AR5,32.652252275805
United States,New York,1990,N2O_AR5,162.42680604218
United States,North Carolina,1990,N2O_AR5,234.67656509113
United States,North Dakota,1990,N2O_AR5,2186.1025561177
United States,Ohio,1990,N2O_AR5,289.31249849872
United States,Oklahoma,1990,N2O_AR5,1744.2488613323
United States,Oregon,1990,N2O_AR5,88.531883691559
United States,Pennsylvania,1990,N2O_AR5,256.71674731674
United States,Arkansas,1990,N2O_AR5,2449.1954474852
United States,Rhode Island,1990,N2O_AR5,18.376443550591
United States,South Carolina,1990,N2O_AR5,83.37794294119
United States,South Dakota,1990,N2O_AR5,14.934330550636
United States,Tennessee,1990,N2O_AR5,203.18064425255
United States,Texas,1990,N2O_AR5,2395.2880014406
United States,Utah,1990,N2O_AR5,101.23773643063
United States,Vermont,1990,N2O_AR5,7.4044973742789
United States,Virginia,1990,N2O_AR5,869.68416476625
United States,Washington,1990,N2O_AR5,369.98439202909
United States,West Virginia,1990,N2O_AR5,33.441777714955
United States,California,1990,N2O_AR5,963.73653104413
United States,Wisconsin,1990,N2O_AR5,275.2089724299
United States,Wyoming,1990,N2O_AR5,12.028992821788
United States,Colorado,1990,N2O_AR5,292.00237246929
United States,Connecticut,1990,N2O_AR5,35.038500659213
United States,Delaware,1990,N2O_AR5,19.354465679537
United States,District of Columbia,1990,N2O_AR5,3.2231157274899
United States,Alabama,1991,N2O_AR5,966.06185967734
United States,Florida,1991,N2O_AR5,2414.7572835049
United States,Georgia,1991,N2O_AR5,2121.3500563535
United States,Hawaii,1991,N2O_AR5,12.533310748908
United States,Idaho,1991,N2O_AR5,34.055363540425
United States,Illinois,1991,N2O_AR5,562.000826279
United States,Indiana,1991,N2O_AR5,174.45892217362
United States,Iowa,1991,N2O_AR5,1609.7175544924
United States,Kansas,1991,N2O_AR5,128.23709421379
United States,Kentucky,1991,N2O_AR5,74.4210811756
United States,Louisiana,1991,N2O_AR5,1905.9100773754
United States,Alaska,1991,N2O_AR5,19.433642470573
United States,Maine,1991,N2O_AR5,24.319346500672
United States,Maryland,1991,N2O_AR5,73.14462625337
United States,Massachusetts,1991,N2O_AR5,69.237361582172
United States,Michigan,1991,N2O_AR5,167.62945079191
United States,Minnesota,1991,N2O_AR5,181.25136025978
United States,Mississippi,1991,N2O_AR5,1239.9320630894
United States,Missouri,1991,N2O_AR5,613.78992096095
United States,Montana,1991,N2O_AR5,19.939533091682
United States,Nebraska,1991,N2O_AR5,502.51475079588
United States,Nevada,1991,N2O_AR5,108.50774994109
United States,Arizona,1991,N2O_AR5,185.76472976898
United States,New Hampshire,1991,N2O_AR5,14.131642308332
United States,New Jersey,1991,N2O_AR5,125.66603973846
United States,New Mexico,1991,N2O_AR5,32.646612937312
United States,New York,1991,N2O_AR5,161.94573071333
United States,North Carolina,1991,N2O_AR5,234.46871873688
United States,North Dakota,1991,N2O_AR5,2188.8590089922
United States,Ohio,1991,N2O_AR5,290.0124966692
United States,Oklahoma,1991,N2O_AR5,1745.3110138522
United States,Oregon,1991,N2O_AR5,88.563081843981
United States,Pennsylvania,1991,N2O_AR5,258.09391886821
United States,Arkansas,1991,N2O_AR5,2272.0143910807
United States,Rhode Island,1991,N2O_AR5,18.346030013744
United States,South Carolina,1991,N2O_AR5,83.349595133711
United States,South Dakota,1991,N2O_AR5,14.905935836091
United States,Tennessee,1991,N2O_AR5,203.21216645908
United States,Texas,1991,N2O_AR5,2237.0006148316
United States,Utah,1991,N2O_AR5,101.11070391242
United States,Vermont,1991,N2O_AR5,7.3935218804335
United States,Virginia,1991,N2O_AR5,802.30239123174
United States,Washington,1991,N2O_AR5,369.87900522772
United States,West Virginia,1991,N2O_AR5,33.079997665656
United States,California,1991,N2O_AR5,960.84893767177
United States,Wisconsin,1991,N2O_AR5,275.35002259236
United States,Wyoming,1991,N2O_AR5,11.920605175091
United States,Colorado,1991,N2O_AR5,291.94132503278
United States,Connecticut,1991,N2O_AR5,34.980976046352
United States,Delaware,1991,N2O_AR5,19.28450868232
United States,District of Columbia,1991,N2O_AR5,3.2177651189496
United States,Alabama,1992,N2O_AR5,993.94662354773
United States,Florida,1992,N2O_AR5,2176.9992925
United States,Georgia,1992,N2O_AR5,2222.5681740663
United States,Hawaii,1992,N2O_AR5,12.897169678243
United States,Idaho,1992,N2O_AR5,34.523771130031
United States,Illinois,1992,N2O_AR5,561.10705347627
United States,Indiana,1992,N2O_AR5,175.71574666322
United States,Iowa,1992,N2O_AR5,1643.8828117689
United States,Kansas,1992,N2O_AR5,131.44634966072
United States,Kentucky,1992,N2O_AR5,75.076564259205
United States,Louisiana,1992,N2O_AR5,1935.6485253375
United States,Alaska,1992,N2O_AR5,17.401717619289
United States,Maine,1992,N2O_AR5,22.744316457669
United States,Maryland,1992,N2O_AR5,75.33225787916
United States,Massachusetts,1992,N2O_AR5,71.089561432845
United States,Michigan,1992,N2O_AR5,170.79123566919
United States,Minnesota,1992,N2O_AR5,183.93155042568
United States,Mississippi,1992,N2O_AR5,1261.7395026681
United States,Missouri,1992,N2O_AR5,629.91630412443
United States,Montana,1992,N2O_AR5,20.422730262711
United States,Nebraska,1992,N2O_AR5,515.61198737913
United States,Nevada,1992,N2O_AR5,111.4262534679
United States,Arizona,1992,N2O_AR5,190.82006134933
United States,New Hampshire,1992,N2O_AR5,14.464061557182
United States,New Jersey,1992,N2O_AR5,129.17338538116
United States,New Mexico,1992,N2O_AR5,33.53332618552
United States,New York,1992,N2O_AR5,166.21336851426
United States,North Carolina,1992,N2O_AR5,238.52300152354
United States,North Dakota,1992,N2O_AR5,2235.625337747
United States,Ohio,1992,N2O_AR5,296.09460595432
United States,Oklahoma,1992,N2O_AR5,1783.3595153502
United States,Oregon,1992,N2O_AR5,89.636567120139
United States,Pennsylvania,1992,N2O_AR5,263.95667159102
United States,Arkansas,1992,N2O_AR5,2055.3802832668
United States,Rhode Island,1992,N2O_AR5,18.891682293773
United States,South Carolina,1992,N2O_AR5,82.900591513525
United States,South Dakota,1992,N2O_AR5,15.352184984168
United States,Tennessee,1992,N2O_AR5,207.03181226118
United States,Texas,1992,N2O_AR5,2204.8464012484
United States,Utah,1992,N2O_AR5,103.75654895908
United States,Vermont,1992,N2O_AR5,7.518771743332
United States,Virginia,1992,N2O_AR5,917.59871891491
United States,Washington,1992,N2O_AR5,377.33195805175
United States,West Virginia,1992,N2O_AR5,32.282977975184
United States,California,1992,N2O_AR5,986.12906376933
United States,Wisconsin,1992,N2O_AR5,278.67381216398
United States,Wyoming,1992,N2O_AR5,12.205161972018
United States,Colorado,1992,N2O_AR5,298.83995952644
United States,Connecticut,1992,N2O_AR5,35.985408891926
United States,Delaware,1992,N2O_AR5,19.816562681466
United States,District of Columbia,1992,N2O_AR5,3.3147840877954
United States,Alabama,1993,N2O_AR5,1017.43301093
United States,Florida,1993,N2O_AR5,2514.7914159782
United States,Georgia,1993,N2O_AR5,2272.1776815785
United States,Hawaii,1993,N2O_AR5,11.488714550336
United States,Idaho,1993,N2O_AR5,35.430591633133
United States,Illinois,1993,N2O_AR5,563.31894331964
United States,Indiana,1993,N2O_AR5,165.1682343225
United States,Iowa,1993,N2O_AR5,1661.361119857
United States,Kansas,1993,N2O_AR5,128.48732375211
United States,Kentucky,1993,N2O_AR5,76.068435685771
United States,Louisiana,1993,N2O_AR5,1963.0706153126
United States,Alaska,1993,N2O_AR5,16.045322441998
United States,Maine,1993,N2O_AR5,26.968768381916
United States,Maryland,1993,N2O_AR5,72.54111403312
United States,Massachusetts,1993,N2O_AR5,65.659199125944
United States,Michigan,1993,N2O_AR5,163.41451267119
United States,Minnesota,1993,N2O_AR5,186.90437466185
United States,Mississippi,1993,N2O_AR5,1283.6450394167
United States,Missouri,1993,N2O_AR5,631.39481710139
United States,Montana,1993,N2O_AR5,19.862990089523
United States,Nebraska,1993,N2O_AR5,520.21597023106
United States,Nevada,1993,N2O_AR5,114.65565126375
United States,Arizona,1993,N2O_AR5,190.77777896298
United States,New Hampshire,1993,N2O_AR5,13.810557567401
United States,New Jersey,1993,N2O_AR5,120.80883220668
United States,New Mexico,1993,N2O_AR5,32.334567114947
United States,New York,1993,N2O_AR5,153.34518103746
United States,North Carolina,1993,N2O_AR5,245.4683341719
United States,North Dakota,1993,N2O_AR5,2265.0514560069
United States,Ohio,1993,N2O_AR5,287.89722364653
United States,Oklahoma,1993,N2O_AR5,1802.4352845253
United States,Oregon,1993,N2O_AR5,89.104639546157
United States,Pennsylvania,1993,N2O_AR5,257.37532988497
United States,Arkansas,1993,N2O_AR5,2376.3858124959
United States,Rhode Island,1993,N2O_AR5,17.069731763067
United States,South Carolina,1993,N2O_AR5,87.671028213982
United States,South Dakota,1993,N2O_AR5,15.255272213338
United States,Tennessee,1993,N2O_AR5,207.95734010234
United States,Texas,1993,N2O_AR5,2397.3157123955
United States,Utah,1993,N2O_AR5,104.39983263035
United States,Vermont,1993,N2O_AR5,7.3919646419035
United States,Virginia,1993,N2O_AR5,952.37447751278
United States,Washington,1993,N2O_AR5,378.82490410774
United States,West Virginia,1993,N2O_AR5,34.48963223804
United States,California,1993,N2O_AR5,954.46977781326
United States,Wisconsin,1993,N2O_AR5,288.06152314964
United States,Wyoming,1993,N2O_AR5,11.78774422236
United States,Colorado,1993,N2O_AR5,297.79826828129
United States,Connecticut,1993,N2O_AR5,33.297863074587
United States,Delaware,1993,N2O_AR5,19.447928339224
United States,District of Columbia,1993,N2O_AR5,2.9758733076907
United States,Alabama,1994,N2O_AR5,1066.8586752236
United States,Florida,1994,N2O_AR5,2663.0959300441
United States,Georgia,1994,N2O_AR5,2392.8044978832
United States,Hawaii,1994,N2O_AR5,11.558574331101
United States,Idaho,1994,N2O_AR5,36.076194649684
United States,Illinois,1994,N2O_AR5,583.77596156027
United States,Indiana,1994,N2O_AR5,173.77865905825
United States,Iowa,1994,N2O_AR5,1749.5358431707
United States,Kansas,1994,N2O_AR5,132.55376107232
United States,Kentucky,1994,N2O_AR5,76.255189730869
United States,Louisiana,1994,N2O_AR5,2061.1599983984
United States,Alaska,1994,N2O_AR5,16.068413855713
United States,Maine,1994,N2O_AR5,25.834321378174
United States,Maryland,1994,N2O_AR5,72.990586307451
United States,Massachusetts,1994,N2O_AR5,65.996517003593
United States,Michigan,1994,N2O_AR5,166.28880493502
United States,Minnesota,1994,N2O_AR5,191.18968957077
United States,Mississippi,1994,N2O_AR5,1349.1770586368
United States,Missouri,1994,N2O_AR5,661.67250052786
United States,Montana,1994,N2O_AR5,19.963129352338
United States,Nebraska,1994,N2O_AR5,547.50143026386
United States,Nevada,1994,N2O_AR5,119.54861067981
United States,Arizona,1994,N2O_AR5,197.34814150168
United States,New Hampshire,1994,N2O_AR5,13.85598799763
United States,New Jersey,1994,N2O_AR5,122.06849192379
United States,New Mexico,1994,N2O_AR5,32.53994788505
United States,New York,1994,N2O_AR5,154.34448876286
United States,North Carolina,1994,N2O_AR5,251.33881990513
United States,North Dakota,1994,N2O_AR5,2388.026495356
United States,Ohio,1994,N2O_AR5,296.11297698794
United States,Oklahoma,1994,N2O_AR5,1897.3795317159
United States,Oregon,1994,N2O_AR5,89.893097607278
United States,Pennsylvania,1994,N2O_AR5,264.377767264
United States,Arkansas,1994,N2O_AR5,2524.3149739569
United States,Rhode Island,1994,N2O_AR5,17.188410367956
United States,South Carolina,1994,N2O_AR5,86.903448352564
United States,South Dakota,1994,N2O_AR5,15.367337635813
United States,Tennessee,1994,N2O_AR5,213.45433570915
United States,Texas,1994,N2O_AR5,2527.3839628736
United States,Utah,1994,N2O_AR5,108.42277876795
United States,Vermont,1994,N2O_AR5,7.3888334539584
United States,Virginia,1994,N2O_AR5,1009.1894626808
United States,Washington,1994,N2O_AR5,392.90698015488
United States,West Virginia,1994,N2O_AR5,33.736948922093
United States,California,1994,N2O_AR5,977.98764303898
United States,Wisconsin,1994,N2O_AR5,294.4936862773
United States,Wyoming,1994,N2O_AR5,11.863566089691
United States,Colorado,1994,N2O_AR5,310.5857823967
United States,Connecticut,1994,N2O_AR5,33.508777206196
United States,Delaware,1994,N2O_AR5,19.542559822301
United States,District of Columbia,1994,N2O_AR5,2.9973185136288
United States,Alabama,1995,N2O_AR5,1090.2211573784
United States,Florida,1995,N2O_AR5,3169.2927195231
United States,Georgia,1995,N2O_AR5,2411.5824005116
United States,Hawaii,1995,N2O_AR5,11.252220620269
United States,Idaho,1995,N2O_AR5,36.713859741153
United States,Illinois,1995,N2O_AR5,604.61747339939
United States,Indiana,1995,N2O_AR5,175.64201310977
United States,Iowa,1995,N2O_AR5,1775.2932269899
United States,Kansas,1995,N2O_AR5,133.2365215058
United States,Kentucky,1995,N2O_AR5,81.251301953596
United States,Louisiana,1995,N2O_AR5,2105.4311692239
United States,Alaska,1995,N2O_AR5,16.826943796924
United States,Maine,1995,N2O_AR5,31.668991907839
United States,Maryland,1995,N2O_AR5,70.967412639936
United States,Massachusetts,1995,N2O_AR5,64.717665332038
United States,Michigan,1995,N2O_AR5,165.59987221979
United States,Minnesota,1995,N2O_AR5,196.42319943611
United States,Mississippi,1995,N2O_AR5,1383.9168817642
United States,Missouri,1995,N2O_AR5,668.3863002418
United States,Montana,1995,N2O_AR5,19.88694214802
United States,Nebraska,1995,N2O_AR5,554.00189887917
United States,Nevada,1995,N2O_AR5,120.13490638065
United States,Arizona,1995,N2O_AR5,197.04420904976
United States,New Hampshire,1995,N2O_AR5,13.713149210556
United States,New Jersey,1995,N2O_AR5,119.32909179117
United States,New Mexico,1995,N2O_AR5,31.701066839208
United States,New York,1995,N2O_AR5,152.26013431722
United States,North Carolina,1995,N2O_AR5,257.17417158339
United States,North Dakota,1995,N2O_AR5,2424.1648141696
United States,Ohio,1995,N2O_AR5,294.97290868408
United States,Oklahoma,1995,N2O_AR5,1926.3387196538
United States,Oregon,1995,N2O_AR5,92.633690346977
United States,Pennsylvania,1995,N2O_AR5,263.71498713772
United States,Arkansas,1995,N2O_AR5,2998.1030894332
United States,Rhode Island,1995,N2O_AR5,16.697198070007
United States,South Carolina,1995,N2O_AR5,94.741023130116
United States,South Dakota,1995,N2O_AR5,14.924424057274
United States,Tennessee,1995,N2O_AR5,215.70079513402
United States,Texas,1995,N2O_AR5,2770.2594193646
United States,Utah,1995,N2O_AR5,108.60023684911
United States,Vermont,1995,N2O_AR5,7.4519631640593
United States,Virginia,1995,N2O_AR5,984.55981570679
United States,Washington,1995,N2O_AR5,402.00584179482
United States,West Virginia,1995,N2O_AR5,38.92921817728
United States,California,1995,N2O_AR5,973.72987018053
United States,Wisconsin,1995,N2O_AR5,304.95791964626
United States,Wyoming,1995,N2O_AR5,11.699797679715
United States,Colorado,1995,N2O_AR5,312.4758499115
United States,Connecticut,1995,N2O_AR5,32.653759853788
United States,Delaware,1995,N2O_AR5,19.094774916731
United States,District of Columbia,1995,N2O_AR5,2.9079260793433
United States,Alabama,1996,N2O_AR5,1115.3405715131
United States,Florida,1996,N2O_AR5,3084.423825424
United States,Georgia,1996,N2O_AR5,2468.0813810157
United States,Hawaii,1996,N2O_AR5,11.517712864364
United States,Idaho,1996,N2O_AR5,37.221427667127
United States,Illinois,1996,N2O_AR5,614.38118630446
United States,Indiana,1996,N2O_AR5,177.43263023048
United States,Iowa,1996,N2O_AR5,1846.5103481155
United States,Kansas,1996,N2O_AR5,137.33234658575
United States,Kentucky,1996,N2O_AR5,80.394298929968
United States,Louisiana,1996,N2O_AR5,2179.1290239033
United States,Alaska,1996,N2O_AR5,17.091895737961
United States,Maine,1996,N2O_AR5,28.093736099547
United States,Maryland,1996,N2O_AR5,72.702465087811
United States,Massachusetts,1996,N2O_AR5,65.876413778199
United States,Michigan,1996,N2O_AR5,166.96511168314
United States,Minnesota,1996,N2O_AR5,198.05211835648
United States,Mississippi,1996,N2O_AR5,1431.5740221854
United States,Missouri,1996,N2O_AR5,694.09148139772
United States,Montana,1996,N2O_AR5,20.141403904504
United States,Nebraska,1996,N2O_AR5,576.06365575195
United States,Nevada,1996,N2O_AR5,124.57602289029
United States,Arizona,1996,N2O_AR5,203.6389597012
United States,New Hampshire,1996,N2O_AR5,13.87583779371
United States,New Jersey,1996,N2O_AR5,121.74855708291
United States,New Mexico,1996,N2O_AR5,32.327783266459
United States,New York,1996,N2O_AR5,155.14594054013
United States,North Carolina,1996,N2O_AR5,260.76762181057
United States,North Dakota,1996,N2O_AR5,2521.8551673492
United States,Ohio,1996,N2O_AR5,301.54004968903
United States,Oklahoma,1996,N2O_AR5,2002.1409433864
United States,Oregon,1996,N2O_AR5,92.720718482597
United States,Pennsylvania,1996,N2O_AR5,269.2250154337
United States,Arkansas,1996,N2O_AR5,2925.4616800032
United States,Rhode Island,1996,N2O_AR5,17.096633505202
United States,South Carolina,1996,N2O_AR5,92.780521604653
United States,South Dakota,1996,N2O_AR5,15.292336095251
United States,Tennessee,1996,N2O_AR5,220.68869967533
United States,Texas,1996,N2O_AR5,2722.5815849611
United States,Utah,1996,N2O_AR5,113.04701769007
United States,Vermont,1996,N2O_AR5,7.4520340875114
United States,Virginia,1996,N2O_AR5,965.96288134326
United States,Washington,1996,N2O_AR5,412.33148111805
United States,West Virginia,1996,N2O_AR5,36.494737148811
United States,California,1996,N2O_AR5,1001.5527733435
United States,Wisconsin,1996,N2O_AR5,306.71345353938
United States,Wyoming,1996,N2O_AR5,11.869631141652
United States,Colorado,1996,N2O_AR5,324.00261184685
United States,Connecticut,1996,N2O_AR5,33.367596466141
United States,Delaware,1996,N2O_AR5,19.521169909489
United States,District of Columbia,1996,N2O_AR5,2.979960107487
United States,Alabama,1997,N2O_AR5,1149.2864458723
United States,Florida,1997,N2O_AR5,1557.6114717409
United States,Georgia,1997,N2O_AR5,2536.1987864515
United States,Hawaii,1997,N2O_AR5,11.795487709685
United States,Idaho,1997,N2O_AR5,38.342041516339
United States,Illinois,1997,N2O_AR5,556.89617180331
United States,Indiana,1997,N2O_AR5,182.65005192133
United States,Iowa,1997,N2O_AR5,1891.086467639
United States,Kansas,1997,N2O_AR5,140.94185680842
United States,Kentucky,1997,N2O_AR5,83.350522321601
United States,Louisiana,1997,N2O_AR5,2232.8391940546
United States,Alaska,1997,N2O_AR5,16.774849363749
United States,Maine,1997,N2O_AR5,30.688053440258
United States,Maryland,1997,N2O_AR5,74.489360326142
United States,Massachusetts,1997,N2O_AR5,67.685438950702
United States,Michigan,1997,N2O_AR5,171.74039913322
United States,Minnesota,1997,N2O_AR5,204.91860645215
United States,Mississippi,1997,N2O_AR5,1469.1100141072
United States,Missouri,1997,N2O_AR5,711.37037412511
United States,Montana,1997,N2O_AR5,20.569944184699
United States,Nebraska,1997,N2O_AR5,590.3253517145
United States,Nevada,1997,N2O_AR5,127.65376778596
United States,Arizona,1997,N2O_AR5,208.74014611664
United States,New Hampshire,1997,N2O_AR5,14.293348559223
United States,New Jersey,1997,N2O_AR5,124.90051587405
United States,New Mexico,1997,N2O_AR5,33.096215529202
United States,New York,1997,N2O_AR5,159.37776685569
United States,North Carolina,1997,N2O_AR5,269.25682069041
United States,North Dakota,1997,N2O_AR5,2581.4296194677
United States,Ohio,1997,N2O_AR5,309.49478214399
United States,Oklahoma,1997,N2O_AR5,2050.5279848547
United States,Oregon,1997,N2O_AR5,95.911830979099
United States,Pennsylvania,1997,N2O_AR5,276.15085492858
United States,Arkansas,1997,N2O_AR5,1535.0723758004
United States,Rhode Island,1997,N2O_AR5,17.5221830158
United States,South Carolina,1997,N2O_AR5,97.8346535487
United States,South Dakota,1997,N2O_AR5,15.669175565139
United States,Tennessee,1997,N2O_AR5,226.72649701566
United States,Texas,1997,N2O_AR5,1911.8501474839
United States,Utah,1997,N2O_AR5,115.87524568945
United States,Vermont,1997,N2O_AR5,7.7151704315528
United States,Virginia,1997,N2O_AR5,999.72745417973
United States,Washington,1997,N2O_AR5,424.0156712582
United States,West Virginia,1997,N2O_AR5,38.549203296309
United States,California,1997,N2O_AR5,1027.4221798005
United States,Wisconsin,1997,N2O_AR5,317.85600152776
United States,Wyoming,1997,N2O_AR5,12.139235154974
United States,Colorado,1997,N2O_AR5,331.75717847245
United States,Connecticut,1997,N2O_AR5,34.22753030529
United States,Delaware,1997,N2O_AR5,19.983320643505
United States,District of Columbia,1997,N2O_AR5,3.0530540548369
United States,Alabama,1998,N2O_AR5,1140.3996386084
United States,Florida,1998,N2O_AR5,725.52127049454
United States,Georgia,1998,N2O_AR5,2520.0021310842
United States,Hawaii,1998,N2O_AR5,11.154732620725
United States,Idaho,1998,N2O_AR5,39.714700833647
United States,Illinois,1998,N2O_AR5,518.40683953365
United States,Indiana,1998,N2O_AR5,185.05850274725
United States,Iowa,1998,N2O_AR5,1864.5929274329
United States,Kansas,1998,N2O_AR5,139.53306917071
United States,Kentucky,1998,N2O_AR5,86.687348433825
United States,Louisiana,1998,N2O_AR5,2203.4741642852
United States,Alaska,1998,N2O_AR5,16.624270952061
United States,Maine,1998,N2O_AR5,31.94734114624
United States,Maryland,1998,N2O_AR5,76.774518820818
United States,Massachusetts,1998,N2O_AR5,66.347009441263
United States,Michigan,1998,N2O_AR5,174.42055732399
United States,Minnesota,1998,N2O_AR5,207.19390882959
United States,Mississippi,1998,N2O_AR5,1448.8408698832
United States,Missouri,1998,N2O_AR5,702.42077946996
United States,Montana,1998,N2O_AR5,20.900430852003
United States,Nebraska,1998,N2O_AR5,582.28574656124
United States,Nevada,1998,N2O_AR5,130.29024571231
United States,Arizona,1998,N2O_AR5,210.61828500575
United States,New Hampshire,1998,N2O_AR5,14.388339970455
United States,New Jersey,1998,N2O_AR5,124.02940054294
United States,New Mexico,1998,N2O_AR5,33.479506582707
United States,New York,1998,N2O_AR5,155.74655479331
United States,North Carolina,1998,N2O_AR5,276.52825363416
United States,North Dakota,1998,N2O_AR5,2541.2708752956
United States,Ohio,1998,N2O_AR5,313.87116565474
United States,Oklahoma,1998,N2O_AR5,2020.2402761046
United States,Oregon,1998,N2O_AR5,97.540803593266
United States,Pennsylvania,1998,N2O_AR5,277.04990135551
United States,Arkansas,1998,N2O_AR5,769.64057579496
United States,Rhode Island,1998,N2O_AR5,16.886029442658
United States,South Carolina,1998,N2O_AR5,101.74584833671
United States,South Dakota,1998,N2O_AR5,16.585686112372
United States,Tennessee,1998,N2O_AR5,230.35275515944
United States,Texas,1998,N2O_AR5,1458.8774004033
United States,Utah,1998,N2O_AR5,116.89603583479
United States,Vermont,1998,N2O_AR5,7.8983746234556
United States,Virginia,1998,N2O_AR5,1005.2312540582
United States,Washington,1998,N2O_AR5,420.98165800669
United States,West Virginia,1998,N2O_AR5,39.485080895178
United States,California,1998,N2O_AR5,1021.145419004
United States,Wisconsin,1998,N2O_AR5,323.68418003286
United States,Wyoming,1998,N2O_AR5,12.173303260121
United States,Colorado,1998,N2O_AR5,329.21132301488
United States,Connecticut,1998,N2O_AR5,33.723486039754
United States,Delaware,1998,N2O_AR5,20.606599336084
United States,District of Columbia,1998,N2O_AR5,2.9195766078795
United States,Alabama,1999,N2O_AR5,1190.0306392751
United States,Florida,1999,N2O_AR5,743.97941804567
United States,Georgia,1999,N2O_AR5,2531.5101897241
United States,Hawaii,1999,N2O_AR5,11.005584107087
United States,Idaho,1999,N2O_AR5,43.619764099071
United States,Illinois,1999,N2O_AR5,515.14823751367
United States,Indiana,1999,N2O_AR5,185.16237782912
United States,Iowa,1999,N2O_AR5,1817.3356055234
United States,Kansas,1999,N2O_AR5,137.91967631196
United States,Kentucky,1999,N2O_AR5,102.38605665311
United States,Louisiana,1999,N2O_AR5,2224.9477728747
United States,Alaska,1999,N2O_AR5,21.077264444169
United States,Maine,1999,N2O_AR5,62.867979946158
United States,Maryland,1999,N2O_AR5,76.197427735466
United States,Massachusetts,1999,N2O_AR5,68.918375762731
United States,Michigan,1999,N2O_AR5,182.99703998051
United States,Minnesota,1999,N2O_AR5,235.56347105313
United States,Mississippi,1999,N2O_AR5,1461.3258421216
United States,Missouri,1999,N2O_AR5,680.97414104277
United States,Montana,1999,N2O_AR5,20.585453517767
United States,Nebraska,1999,N2O_AR5,562.55836111868
United States,Nevada,1999,N2O_AR5,126.61601925743
United States,Arizona,1999,N2O_AR5,206.79622245598
United States,New Hampshire,1999,N2O_AR5,15.523697712859
United States,New Jersey,1999,N2O_AR5,125.66013676884
United States,New Mexico,1999,N2O_AR5,32.972139406191
United States,New York,1999,N2O_AR5,160.34506653922
United States,North Carolina,1999,N2O_AR5,304.6756868421
United States,North Dakota,1999,N2O_AR5,2468.2411581215
United States,Ohio,1999,N2O_AR5,318.81367126218
United States,Oklahoma,1999,N2O_AR5,1975.4761965513
United States,Oregon,1999,N2O_AR5,112.93226211153
United States,Pennsylvania,1999,N2O_AR5,278.03437946489
United States,Arkansas,1999,N2O_AR5,789.77169130159
United States,Rhode Island,1999,N2O_AR5,16.834233639844
United States,South Carolina,1999,N2O_AR5,146.33471779918
United States,South Dakota,1999,N2O_AR5,16.445407673365
United States,Tennessee,1999,N2O_AR5,240.9180759051
United States,Texas,1999,N2O_AR5,1435.8182682868
United States,Utah,1999,N2O_AR5,113.69529161206
United States,Vermont,1999,N2O_AR5,9.1457098345195
United States,Virginia,1999,N2O_AR5,1040.4604520723
United States,Washington,1999,N2O_AR5,437.61150919237
United States,West Virginia,1999,N2O_AR5,61.571628489703
United States,California,1999,N2O_AR5,1014.7798810316
United States,Wisconsin,1999,N2O_AR5,374.9428051551
United States,Wyoming,1999,N2O_AR5,11.985538954403
United States,Colorado,1999,N2O_AR5,321.7860070156
United States,Connecticut,1999,N2O_AR5,34.097462722257
United States,Delaware,1999,N2O_AR5,20.251035164999
United States,District of Columbia,1999,N2O_AR5,2.893065159415
United States,Alabama,2000,N2O_AR5,1175.882221894
United States,Florida,2000,N2O_AR5,754.05096454443
United States,Georgia,2000,N2O_AR5,2494.2034373259
United States,Hawaii,2000,N2O_AR5,11.085781269699
United States,Idaho,2000,N2O_AR5,43.814901934649
United States,Illinois,2000,N2O_AR5,513.96843248091
United States,Indiana,2000,N2O_AR5,190.70184138549
United States,Iowa,2000,N2O_AR5,1778.0041611082
United States,Kansas,2000,N2O_AR5,136.98107858611
United States,Kentucky,2000,N2O_AR5,103.81788769349
United States,Louisiana,2000,N2O_AR5,2188.2518485586
United States,Alaska,2000,N2O_AR5,22.626484817028
United States,Maine,2000,N2O_AR5,65.143289365966
United States,Maryland,2000,N2O_AR5,76.752562992536
United States,Massachusetts,2000,N2O_AR5,69.63986533197
United States,Michigan,2000,N2O_AR5,185.88545544566
United States,Minnesota,2000,N2O_AR5,236.2895771265
United States,Mississippi,2000,N2O_AR5,1436.0749545425
United States,Missouri,2000,N2O_AR5,666.74649480152
United States,Montana,2000,N2O_AR5,20.536637973841
United States,Nebraska,2000,N2O_AR5,549.32646792544
United States,Nevada,2000,N2O_AR5,124.46120369825
United States,Arizona,2000,N2O_AR5,204.43513678034
United States,New Hampshire,2000,N2O_AR5,15.717966963047
United States,New Jersey,2000,N2O_AR5,126.84941872019
United States,New Mexico,2000,N2O_AR5,33.104821129646
United States,New York,2000,N2O_AR5,161.84877626765
United States,North Carolina,2000,N2O_AR5,305.7881814103
United States,North Dakota,2000,N2O_AR5,2410.8367742783
United States,Ohio,2000,N2O_AR5,320.80008431958
United States,Oklahoma,2000,N2O_AR5,1932.5317065213
United States,Oregon,2000,N2O_AR5,114.04078043751
United States,Pennsylvania,2000,N2O_AR5,277.7654583954
United States,Arkansas,2000,N2O_AR5,793.30613721081
United States,Rhode Island,2000,N2O_AR5,16.973702946666
United States,South Carolina,2000,N2O_AR5,150.45127877673
United States,South Dakota,2000,N2O_AR5,16.577055478547
United States,Tennessee,2000,N2O_AR5,240.73913600343
United States,Texas,2000,N2O_AR5,1440.3699349179
United States,Utah,2000,N2O_AR5,112.15897689543
United States,Vermont,2000,N2O_AR5,9.2917196516636
United States,Virginia,2000,N2O_AR5,1041.8885835644
United States,Washington,2000,N2O_AR5,432.5473896091
United States,West Virginia,2000,N2O_AR5,62.562146929052
United States,California,2000,N2O_AR5,1011.3485006245
United States,Wisconsin,2000,N2O_AR5,376.1724568358
United States,Wyoming,2000,N2O_AR5,12.02289534473
United States,Colorado,2000,N2O_AR5,316.74090208833
United States,Connecticut,2000,N2O_AR5,34.406690902414
United States,Delaware,2000,N2O_AR5,20.386507809684
United States,District of Columbia,2000,N2O_AR5,2.916039791786
United States,Alabama,2001,N2O_AR5,987.50335229578
United States,Florida,2001,N2O_AR5,671.17200305065
United States,Georgia,2001,N2O_AR5,2102.040102545
United States,Hawaii,2001,N2O_AR5,10.904680736852
United States,Idaho,2001,N2O_AR5,39.801643554263
United States,Illinois,2001,N2O_AR5,465.97746176186
United States,Indiana,2001,N2O_AR5,184.54100477102
United States,Iowa,2001,N2O_AR5,1464.1910486653
United States,Kansas,2001,N2O_AR5,123.92528940873
United States,Kentucky,2001,N2O_AR5,97.181305191336
United States,Louisiana,2001,N2O_AR5,1812.7151759279
United States,Alaska,2001,N2O_AR5,22.422686867131
United States,Maine,2001,N2O_AR5,56.871939930849
United States,Maryland,2001,N2O_AR5,75.387695386595
United States,Massachusetts,2001,N2O_AR5,67.795061194915
United States,Michigan,2001,N2O_AR5,179.97510348305
United States,Minnesota,2001,N2O_AR5,210.09137425657
United States,Mississippi,2001,N2O_AR5,1190.8420079545
United States,Missouri,2001,N2O_AR5,559.99871834528
United States,Montana,2001,N2O_AR5,19.741911429665
United States,Nebraska,2001,N2O_AR5,453.55534605336
United States,Nevada,2001,N2O_AR5,107.12455767951
United States,Arizona,2001,N2O_AR5,181.06334318472
United States,New Hampshire,2001,N2O_AR5,15.175089393968
United States,New Jersey,2001,N2O_AR5,124.10743290104
United States,New Mexico,2001,N2O_AR5,32.510987167661
United States,New York,2001,N2O_AR5,157.55119337357
United States,North Carolina,2001,N2O_AR5,271.36096105651
United States,North Dakota,2001,N2O_AR5,1974.4077490209
United States,Ohio,2001,N2O_AR5,299.50265040253
United States,Oklahoma,2001,N2O_AR5,1590.9058813378
United States,Oregon,2001,N2O_AR5,104.63426501507
United States,Pennsylvania,2001,N2O_AR5,255.73505731986
United States,Arkansas,2001,N2O_AR5,672.56867939902
United States,Rhode Island,2001,N2O_AR5,16.685256421021
United States,South Carolina,2001,N2O_AR5,136.87506986287
United States,South Dakota,2001,N2O_AR5,16.317144953026
United States,Tennessee,2001,N2O_AR5,215.58594807005
United States,Texas,2001,N2O_AR5,1319.31548577
United States,Utah,2001,N2O_AR5,98.483393624023
United States,Vermont,2001,N2O_AR5,8.8347918645647
United States,Virginia,2001,N2O_AR5,933.63666212751
United States,Washington,2001,N2O_AR5,369.96490944671
United States,West Virginia,2001,N2O_AR5,55.047847606176
United States,California,2001,N2O_AR5,932.0578469281
United States,Wisconsin,2001,N2O_AR5,331.68224599128
United States,Wyoming,2001,N2O_AR5,11.771325363244
United States,Colorado,2001,N2O_AR5,272.30960716338
United States,Connecticut,2001,N2O_AR5,33.710877076986
United States,Delaware,2001,N2O_AR5,20.039830358615
United States,District of Columbia,2001,N2O_AR5,2.8705368353038
United States,Alabama,2002,N2O_AR5,1032.2053541363
United States,Florida,2002,N2O_AR5,689.27176400868
United States,Georgia,2002,N2O_AR5,2217.5533247068
United States,Hawaii,2002,N2O_AR5,10.640338916324
United States,Idaho,2002,N2O_AR5,39.520588826758
United States,Illinois,2002,N2O_AR5,470.89825031159
United States,Indiana,2002,N2O_AR5,178.68105772304
United States,Iowa,2002,N2O_AR5,1560.4006695868
United States,Kansas,2002,N2O_AR5,126.09786319917
United States,Kentucky,2002,N2O_AR5,92.533182092872
United States,Louisiana,2002,N2O_AR5,1907.6065818222
United States,Alaska,2002,N2O_AR5,18.538115752986
United States,Maine,2002,N2O_AR5,53.89608884084
United States,Maryland,2002,N2O_AR5,73.631263350212
United States,Massachusetts,2002,N2O_AR5,66.128972032445
United States,Michigan,2002,N2O_AR5,174.66874266726
United States,Minnesota,2002,N2O_AR5,210.72024342292
United States,Mississippi,2002,N2O_AR5,1256.9185213455
United States,Missouri,2002,N2O_AR5,593.76191541551
United States,Montana,2002,N2O_AR5,19.289690613808
United States,Nebraska,2002,N2O_AR5,485.81216116354
United States,Nevada,2002,N2O_AR5,112.26109739902
United States,Arizona,2002,N2O_AR5,186.62069541889
United States,New Hampshire,2002,N2O_AR5,14.778746258927
United States,New Jersey,2002,N2O_AR5,121.05558035268
United States,New Mexico,2002,N2O_AR5,31.83428024056
United States,New York,2002,N2O_AR5,153.30102552784
United States,North Carolina,2002,N2O_AR5,273.04406378038
United States,North Dakota,2002,N2O_AR5,2112.8961924695
United States,Ohio,2002,N2O_AR5,296.87768872857
United States,Oklahoma,2002,N2O_AR5,1696.7021733811
United States,Oregon,2002,N2O_AR5,101.74512490626
United States,Pennsylvania,2002,N2O_AR5,256.77215685724
United States,Arkansas,2002,N2O_AR5,704.37897819367
United States,Rhode Island,2002,N2O_AR5,16.314996760052
United States,South Carolina,2002,N2O_AR5,130.53564881411
United States,South Dakota,2002,N2O_AR5,15.98938176657
United States,Tennessee,2002,N2O_AR5,217.40115627839
United States,Texas,2002,N2O_AR5,1349.5654625718
United States,Utah,2002,N2O_AR5,102.00355128243
United States,Vermont,2002,N2O_AR5,8.5832462972131
United States,Virginia,2002,N2O_AR5,965.81444358733
United States,Washington,2002,N2O_AR5,380.71243147825
United States,West Virginia,2002,N2O_AR5,51.764460327328
United States,California,2002,N2O_AR5,939.16593850047
United States,Wisconsin,2002,N2O_AR5,333.17619213295
United States,Wyoming,2002,N2O_AR5,12.640291388214
United States,Colorado,2002,N2O_AR5,284.21731433414
United States,Connecticut,2002,N2O_AR5,32.95080736019
United States,Delaware,2002,N2O_AR5,19.511245781655
United States,District of Columbia,2002,N2O_AR5,2.807610004433
United States,Alabama,2003,N2O_AR5,997.47000874302
United States,Florida,2003,N2O_AR5,692.43259104819
United States,Georgia,2003,N2O_AR5,2147.2992117464
United States,Hawaii,2003,N2O_AR5,10.263025459761
United States,Idaho,2003,N2O_AR5,38.97830954057
United States,Illinois,2003,N2O_AR5,458.82734460082
United States,Indiana,2003,N2O_AR5,180.62215765624
United States,Iowa,2003,N2O_AR5,1473.5729607639
United States,Kansas,2003,N2O_AR5,122.36041425278
United States,Kentucky,2003,N2O_AR5,93.663063760468
United States,Louisiana,2003,N2O_AR5,1812.4672266729
United States,Alaska,2003,N2O_AR5,18.470696360102
United States,Maine,2003,N2O_AR5,56.181781341573
United States,Maryland,2003,N2O_AR5,72.604403853594
United States,Massachusetts,2003,N2O_AR5,64.073864296594
United States,Michigan,2003,N2O_AR5,172.81747421822
United States,Minnesota,2003,N2O_AR5,207.62521137948
United States,Mississippi,2003,N2O_AR5,1197.6199968289
United States,Missouri,2003,N2O_AR5,562.88244574243
United States,Montana,2003,N2O_AR5,18.97219243482
United States,Nebraska,2003,N2O_AR5,458.62057390869
United States,Nevada,2003,N2O_AR5,109.37750540668
United States,Arizona,2003,N2O_AR5,181.92852892327
United States,New Hampshire,2003,N2O_AR5,14.676285299631
United States,New Jersey,2003,N2O_AR5,118.54055493892
United States,New Mexico,2003,N2O_AR5,31.287680122761
United States,New York,2003,N2O_AR5,149.17108170836
United States,North Carolina,2003,N2O_AR5,268.89850021747
United States,North Dakota,2003,N2O_AR5,1989.745624517
United States,Ohio,2003,N2O_AR5,292.39389498651
United States,Oklahoma,2003,N2O_AR5,1602.8148302359
United States,Oregon,2003,N2O_AR5,100.33503423518
United States,Pennsylvania,2003,N2O_AR5,250.43569390901
United States,Arkansas,2003,N2O_AR5,697.77934391464
United States,Rhode Island,2003,N2O_AR5,15.666551226345
United States,South Carolina,2003,N2O_AR5,134.76933487594
United States,South Dakota,2003,N2O_AR5,16.28299064817
United States,Tennessee,2003,N2O_AR5,212.32775061267
United States,Texas,2003,N2O_AR5,1367.9071188563
United States,Utah,2003,N2O_AR5,98.341043066622
United States,Vermont,2003,N2O_AR5,8.5490574636586
United States,Virginia,2003,N2O_AR5,990.19440468779
United States,Washington,2003,N2O_AR5,366.15086132207
United States,West Virginia,2003,N2O_AR5,54.098176091531
United States,California,2003,N2O_AR5,911.64312093168
United States,Wisconsin,2003,N2O_AR5,329.70757725819
United States,Wyoming,2003,N2O_AR5,12.669610467624
United States,Colorado,2003,N2O_AR5,272.07075681675
United States,Connecticut,2003,N2O_AR5,31.884702247454
United States,Delaware,2003,N2O_AR5,19.368302718743
United States,District of Columbia,2003,N2O_AR5,2.6808712958566
United States,Alabama,2004,N2O_AR5,1006.2339316521
United States,Florida,2004,N2O_AR5,615.06999365224
United States,Georgia,2004,N2O_AR5,2167.8137615896
United States,Hawaii,2004,N2O_AR5,10.082805122556
United States,Idaho,2004,N2O_AR5,39.122729732599
United States,Illinois,2004,N2O_AR5,451.1652284642
United States,Indiana,2004,N2O_AR5,187.13149285993
United States,Iowa,2004,N2O_AR5,1459.5678671061
United States,Kansas,2004,N2O_AR5,121.79699982832
United States,Kentucky,2004,N2O_AR5,95.529402739484
United States,Louisiana,2004,N2O_AR5,1802.949376618
United States,Alaska,2004,N2O_AR5,17.793463807258
United States,Maine,2004,N2O_AR5,60.052847619282
United States,Maryland,2004,N2O_AR5,71.368684380729
United States,Massachusetts,2004,N2O_AR5,63.449279181472
United States,Michigan,2004,N2O_AR5,173.75672410803
United States,Minnesota,2004,N2O_AR5,209.81879846104
United States,Mississippi,2004,N2O_AR5,1196.9721566481
United States,Missouri,2004,N2O_AR5,558.01893117231
United States,Montana,2004,N2O_AR5,18.75353516332
United States,Nebraska,2004,N2O_AR5,454.67961291651
United States,Nevada,2004,N2O_AR5,108.30037748691
United States,Arizona,2004,N2O_AR5,179.94285188316
United States,New Hampshire,2004,N2O_AR5,14.620691692978
United States,New Jersey,2004,N2O_AR5,117.06943375219
United States,New Mexico,2004,N2O_AR5,30.753957718508
United States,New York,2004,N2O_AR5,147.99605255218
United States,North Carolina,2004,N2O_AR5,270.7303497791
United States,North Dakota,2004,N2O_AR5,1970.1060831293
United States,Ohio,2004,N2O_AR5,292.87079331124
United States,Oklahoma,2004,N2O_AR5,1589.0901318828
United States,Oregon,2004,N2O_AR5,101.55705224829
United States,Pennsylvania,2004,N2O_AR5,249.39524137841
United States,Arkansas,2004,N2O_AR5,630.27675525514
United States,Rhode Island,2004,N2O_AR5,15.407946112765
United States,South Carolina,2004,N2O_AR5,140.56570713105
United States,South Dakota,2004,N2O_AR5,16.026258780082
United States,Tennessee,2004,N2O_AR5,211.72649296386
United States,Texas,2004,N2O_AR5,1351.5134617115
United States,Utah,2004,N2O_AR5,97.448932945416
United States,Vermont,2004,N2O_AR5,8.6155302325545
United States,Virginia,2004,N2O_AR5,1040.8109111209
United States,Washington,2004,N2O_AR5,366.44559236997
United States,West Virginia,2004,N2O_AR5,57.142589385612
United States,California,2004,N2O_AR5,903.89668044223
United States,Wisconsin,2004,N2O_AR5,334.38238786404
United States,Wyoming,2004,N2O_AR5,12.529833495634
United States,Colorado,2004,N2O_AR5,269.35711813471
United States,Connecticut,2004,N2O_AR5,31.440946548669
United States,Delaware,2004,N2O_AR5,19.027949997202
United States,District of Columbia,2004,N2O_AR5,2.633805834783
United States,Alabama,2005,N2O_AR5,1039.876854031
United States,Florida,2005,N2O_AR5,697.19532736878
United States,Georgia,2005,N2O_AR5,2253.8244894128
United States,Hawaii,2005,N2O_AR5,9.8966441415127
United States,Idaho,2005,N2O_AR5,39.271794996539
United States,Illinois,2005,N2O_AR5,456.2387657713
United States,Indiana,2005,N2O_AR5,170.88162894223
United States,Iowa,2005,N2O_AR5,1509.697307339
United States,Kansas,2005,N2O_AR5,122.56284854714
United States,Kentucky,2005,N2O_AR5,94.104989688078
United States,Louisiana,2005,N2O_AR5,1863.965633802
United States,Alaska,2005,N2O_AR5,17.5999725382
United States,Maine,2005,N2O_AR5,61.449986033878
United States,Maryland,2005,N2O_AR5,70.051827426667
United States,Massachusetts,2005,N2O_AR5,62.527757882554
United States,Michigan,2005,N2O_AR5,168.24103724668
United States,Minnesota,2005,N2O_AR5,212.38590172483
United States,Mississippi,2005,N2O_AR5,1236.4604474507
United States,Missouri,2005,N2O_AR5,573.33013076865
United States,Montana,2005,N2O_AR5,18.232797277901
United States,Nebraska,2005,N2O_AR5,469.28876629513
United States,Nevada,2005,N2O_AR5,110.26877229941
United States,Arizona,2005,N2O_AR5,181.90691010522
United States,New Hampshire,2005,N2O_AR5,14.448197834464
United States,New Jersey,2005,N2O_AR5,114.94630675284
United States,New Mexico,2005,N2O_AR5,30.165256185182
United States,New York,2005,N2O_AR5,145.72216405467
United States,North Carolina,2005,N2O_AR5,273.58113569698
United States,North Dakota,2005,N2O_AR5,2042.1757690868
United States,Ohio,2005,N2O_AR5,285.81669999911
United States,Oklahoma,2005,N2O_AR5,1644.1019165738
United States,Oregon,2005,N2O_AR5,101.35855628728
United States,Pennsylvania,2005,N2O_AR5,246.84184849965
United States,Arkansas,2005,N2O_AR5,714.18147653311
United States,Rhode Island,2005,N2O_AR5,15.130939409467
United States,South Carolina,2005,N2O_AR5,140.01722658798
United States,South Dakota,2005,N2O_AR5,15.71464977211
United States,Tennessee,2005,N2O_AR5,213.22214952098
United States,Texas,2005,N2O_AR5,1432.4063896845
United States,Utah,2005,N2O_AR5,98.262095014153
United States,Vermont,2005,N2O_AR5,8.5533506755303
United States,Virginia,2005,N2O_AR5,1098.2614252037
United States,Washington,2005,N2O_AR5,374.14444347415
United States,West Virginia,2005,N2O_AR5,57.394541449292
United States,California,2005,N2O_AR5,904.26733678241
United States,Wisconsin,2005,N2O_AR5,339.41172897181
United States,Wyoming,2005,N2O_AR5,12.100322334932
United States,Colorado,2005,N2O_AR5,274.40417129099
United States,Connecticut,2005,N2O_AR5,30.906535708758
United States,Delaware,2005,N2O_AR5,18.676931453926
United States,District of Columbia,2005,N2O_AR5,2.5851517637422
United States,Alabama,2006,N2O_AR5,1039.9370432623
United States,Florida,2006,N2O_AR5,658.60662114767
United States,Georgia,2006,N2O_AR5,2221.9633875788
United States,Hawaii,2006,N2O_AR5,9.9530836431691
United States,Idaho,2006,N2O_AR5,40.107077989985
United States,Illinois,2006,N2O_AR5,453.23692886039
United States,Indiana,2006,N2O_AR5,175.91595830057
United States,Iowa,2006,N2O_AR5,1482.0452975901
United States,Kansas,2006,N2O_AR5,121.88180252923
United States,Kentucky,2006,N2O_AR5,98.351018026055
United States,Louisiana,2006,N2O_AR5,1848.9413814748
United States,Alaska,2006,N2O_AR5,17.972818283608
United States,Maine,2006,N2O_AR5,68.757876769409
United States,Maryland,2006,N2O_AR5,70.189929469915
United States,Massachusetts,2006,N2O_AR5,63.366145354736
United States,Michigan,2006,N2O_AR5,171.89060551716
United States,Minnesota,2006,N2O_AR5,218.82042878115
United States,Mississippi,2006,N2O_AR5,1226.8587286464
United States,Missouri,2006,N2O_AR5,563.83151020901
United States,Montana,2006,N2O_AR5,18.479854779143
United States,Nebraska,2006,N2O_AR5,460.55817496516
United States,Nevada,2006,N2O_AR5,108.7921281333
United States,Arizona,2006,N2O_AR5,180.35967584044
United States,New Hampshire,2006,N2O_AR5,14.765660489441
United States,New Jersey,2006,N2O_AR5,116.01686299422
United States,New Mexico,2006,N2O_AR5,30.275267350945
United States,New York,2006,N2O_AR5,147.28290741147
United States,North Carolina,2006,N2O_AR5,279.70188273705
United States,North Dakota,2006,N2O_AR5,2002.1449306939
United States,Ohio,2006,N2O_AR5,289.53719447361
United States,Oklahoma,2006,N2O_AR5,1616.3720056566
United States,Oregon,2006,N2O_AR5,105.06515935842
United States,Pennsylvania,2006,N2O_AR5,248.05079701321
United States,Arkansas,2006,N2O_AR5,676.68060726927
United States,Rhode Island,2006,N2O_AR5,15.180169520837
United States,South Carolina,2006,N2O_AR5,151.27347597215
United States,South Dakota,2006,N2O_AR5,15.746563776332
United States,Tennessee,2006,N2O_AR5,215.10408129238
United States,Texas,2006,N2O_AR5,1380.9643887289
United States,Utah,2006,N2O_AR5,97.321787961038
United States,Vermont,2006,N2O_AR5,8.8740272424854
United States,Virginia,2006,N2O_AR5,1074.1585989614
United States,Washington,2006,N2O_AR5,376.13050189559
United States,West Virginia,2006,N2O_AR5,62.652569952055
United States,California,2006,N2O_AR5,902.43586118515
United States,Wisconsin,2006,N2O_AR5,350.73616836991
United States,Wyoming,2006,N2O_AR5,13.683839277932
United States,Colorado,2006,N2O_AR5,270.90075994158
United States,Connecticut,2006,N2O_AR5,31.11778827371
United States,Delaware,2006,N2O_AR5,18.848142153819
United States,District of Columbia,2006,N2O_AR5,2.5895375531135
United States,Alabama,2007,N2O_AR5,1169.3031262849
United States,Florida,2007,N2O_AR5,725.56808733746
United States,Georgia,2007,N2O_AR5,2501.3183522274
United States,Hawaii,2007,N2O_AR5,9.7649096303038
United States,Idaho,2007,N2O_AR5,41.486157339507
United States,Illinois,2007,N2O_AR5,484.17723685758
United States,Indiana,2007,N2O_AR5,170.68168624732
United States,Iowa,2007,N2O_AR5,1743.9266858584
United States,Kansas,2007,N2O_AR5,131.01108399949
United States,Kentucky,2007,N2O_AR5,95.973119101325
United States,Louisiana,2007,N2O_AR5,2142.3020291643
United States,Alaska,2007,N2O_AR5,17.477828336287
United States,Maine,2007,N2O_AR5,66.380318904031
United States,Maryland,2007,N2O_AR5,69.034481083594
United States,Massachusetts,2007,N2O_AR5,62.197634279723
United States,Michigan,2007,N2O_AR5,168.20366182804
United States,Minnesota,2007,N2O_AR5,228.64615026529
United States,Mississippi,2007,N2O_AR5,1421.6460033999
United States,Missouri,2007,N2O_AR5,650.8053595343
United States,Montana,2007,N2O_AR5,18.179774003293
United States,Nebraska,2007,N2O_AR5,540.35074495272
United States,Nevada,2007,N2O_AR5,122.33464715561
United States,Arizona,2007,N2O_AR5,197.12290809264
United States,New Hampshire,2007,N2O_AR5,14.474080362204
United States,New Jersey,2007,N2O_AR5,113.87993458658
United States,New Mexico,2007,N2O_AR5,29.846692351299
United States,New York,2007,N2O_AR5,144.80861380354
United States,North Carolina,2007,N2O_AR5,294.60354806511
United States,North Dakota,2007,N2O_AR5,2370.6340089019
United States,Ohio,2007,N2O_AR5,295.76576832189
United States,Oklahoma,2007,N2O_AR5,1899.0042095701
United States,Oregon,2007,N2O_AR5,105.31898053007
United States,Pennsylvania,2007,N2O_AR5,258.76884457311
United States,Arkansas,2007,N2O_AR5,777.65289647072
United States,Rhode Island,2007,N2O_AR5,14.926080351756
United States,South Carolina,2007,N2O_AR5,146.67993400973
United States,South Dakota,2007,N2O_AR5,15.498687357298
United States,Tennessee,2007,N2O_AR5,228.29725264876
United States,Texas,2007,N2O_AR5,1441.1017242201
United States,Utah,2007,N2O_AR5,107.34256441259
United States,Vermont,2007,N2O_AR5,8.6804098596025
United States,Virginia,2007,N2O_AR5,1103.9176777351
United States,Washington,2007,N2O_AR5,415.63860392572
United States,West Virginia,2007,N2O_AR5,61.616063790988
United States,California,2007,N2O_AR5,949.08913751022
United States,Wisconsin,2007,N2O_AR5,367.73384158359
United States,Wyoming,2007,N2O_AR5,13.365866592376
United States,Colorado,2007,N2O_AR5,305.59669819961
United States,Connecticut,2007,N2O_AR5,30.582274129652
United States,Delaware,2007,N2O_AR5,18.452637122181
United States,District of Columbia,2007,N2O_AR5,2.5468323400565
United States,Alabama,2008,N2O_AR5,1037.5295985388
United States,Florida,2008,N2O_AR5,581.3818920206
United States,Georgia,2008,N2O_AR5,2236.7067192071
United States,Hawaii,2008,N2O_AR5,9.4005985848724
United States,Idaho,2008,N2O_AR5,39.080231995293
United States,Illinois,2008,N2O_AR5,444.00529921391
United States,Indiana,2008,N2O_AR5,168.82420897619
United States,Iowa,2008,N2O_AR5,1501.6497586968
United States,Kansas,2008,N2O_AR5,120.50123204574
United States,Kentucky,2008,N2O_AR5,93.823440407937
United States,Louisiana,2008,N2O_AR5,1854.4731592807
United States,Alaska,2008,N2O_AR5,16.445038728345
United States,Maine,2008,N2O_AR5,63.13728126013
United States,Maryland,2008,N2O_AR5,68.425338713274
United States,Massachusetts,2008,N2O_AR5,60.004446158695
United States,Michigan,2008,N2O_AR5,164.16803869611
United States,Minnesota,2008,N2O_AR5,212.12117486866
United States,Mississippi,2008,N2O_AR5,1232.9215971338
United States,Missouri,2008,N2O_AR5,568.76720732622
United States,Montana,2008,N2O_AR5,17.950722483904
United States,Nebraska,2008,N2O_AR5,466.80226547391
United States,Nevada,2008,N2O_AR5,111.26073756075
United States,Arizona,2008,N2O_AR5,182.13774564289
United States,New Hampshire,2008,N2O_AR5,14.214041804496
United States,New Jersey,2008,N2O_AR5,111.24151350133
United States,New Mexico,2008,N2O_AR5,29.675380909391
United States,New York,2008,N2O_AR5,140.03367798784
United States,North Carolina,2008,N2O_AR5,273.80834257977
United States,North Dakota,2008,N2O_AR5,2033.5276790773
United States,Ohio,2008,N2O_AR5,282.45157479525
United States,Oklahoma,2008,N2O_AR5,1635.8511197925
United States,Oregon,2008,N2O_AR5,99.858341811858
United States,Pennsylvania,2008,N2O_AR5,243.40846147704
United States,Arkansas,2008,N2O_AR5,610.40051344235
United States,Rhode Island,2008,N2O_AR5,14.375679712683
United States,South Carolina,2008,N2O_AR5,142.59949611059
United States,South Dakota,2008,N2O_AR5,15.851099406324
United States,Tennessee,2008,N2O_AR5,211.60513020006
United States,Texas,2008,N2O_AR5,1348.4906063735
United States,Utah,2008,N2O_AR5,97.567362261491
United States,Vermont,2008,N2O_AR5,8.4534890241526
United States,Virginia,2008,N2O_AR5,1075.9080502585
United States,Washington,2008,N2O_AR5,371.3207605795
United States,West Virginia,2008,N2O_AR5,59.185247825921
United States,California,2008,N2O_AR5,885.71749124753
United States,Wisconsin,2008,N2O_AR5,340.84735273777
United States,Wyoming,2008,N2O_AR5,13.253721252657
United States,Colorado,2008,N2O_AR5,272.65348616834
United States,Connecticut,2008,N2O_AR5,29.615812765712
United States,Delaware,2008,N2O_AR5,18.159718389785
United States,District of Columbia,2008,N2O_AR5,2.4398639187162
United States,Alabama,2009,N2O_AR5,935.92999603531
United States,Florida,2009,N2O_AR5,541.43673222885
United States,Georgia,2009,N2O_AR5,2037.1134446953
United States,Hawaii,2009,N2O_AR5,9.265490928982
United States,Idaho,2009,N2O_AR5,36.806052826516
United States,Illinois,2009,N2O_AR5,416.16304211106
United States,Indiana,2009,N2O_AR5,155.28328881401
United States,Iowa,2009,N2O_AR5,1336.6388221758
United States,Kansas,2009,N2O_AR5,111.14321080757
United States,Kentucky,2009,N2O_AR5,90.296278115111
United States,Louisiana,2009,N2O_AR5,1652.915840936
United States,Alaska,2009,N2O_AR5,15.386340675005
United States,Maine,2009,N2O_AR5,57.892313127515
United States,Maryland,2009,N2O_AR5,67.488039730833
United States,Massachusetts,2009,N2O_AR5,58.77571797068
United States,Michigan,2009,N2O_AR5,157.3585159097
United States,Minnesota,2009,N2O_AR5,197.28013414425
United States,Mississippi,2009,N2O_AR5,1090.8768909454
United States,Missouri,2009,N2O_AR5,512.25722208984
United States,Montana,2009,N2O_AR5,17.518446380461
United States,Nebraska,2009,N2O_AR5,416.99457110473
United States,Nevada,2009,N2O_AR5,102.16471855253
United States,Arizona,2009,N2O_AR5,169.88520887561
United States,New Hampshire,2009,N2O_AR5,13.849974718959
United States,New Jersey,2009,N2O_AR5,109.14449459828
United States,New Mexico,2009,N2O_AR5,29.335685952528
United States,New York,2009,N2O_AR5,136.23378142662
United States,North Carolina,2009,N2O_AR5,254.79828321374
United States,North Dakota,2009,N2O_AR5,1805.8857914997
United States,Ohio,2009,N2O_AR5,267.16589974409
United States,Oklahoma,2009,N2O_AR5,1456.6484133222
United States,Oregon,2009,N2O_AR5,94.671424992546
United States,Pennsylvania,2009,N2O_AR5,228.98522784855
United States,Arkansas,2009,N2O_AR5,548.43321364496
United States,Rhode Island,2009,N2O_AR5,14.17466779216
United States,South Carolina,2009,N2O_AR5,133.11293431884
United States,South Dakota,2009,N2O_AR5,15.623202280396
United States,Tennessee,2009,N2O_AR5,197.67829174496
United States,Texas,2009,N2O_AR5,1294.8160557154
United States,Utah,2009,N2O_AR5,90.14678527024
United States,Vermont,2009,N2O_AR5,8.1557103743302
United States,Virginia,2009,N2O_AR5,1030.535387377
United States,Washington,2009,N2O_AR5,338.90069849145
United States,West Virginia,2009,N2O_AR5,54.715302963384
United States,California,2009,N2O_AR5,834.00330448901
United States,Wisconsin,2009,N2O_AR5,315.20260868395
United States,Wyoming,2009,N2O_AR5,12.434442281116
United States,Colorado,2009,N2O_AR5,248.76994242253
United States,Connecticut,2009,N2O_AR5,29.133889135787
United States,Delaware,2009,N2O_AR5,17.877955442218
United States,District of Columbia,2009,N2O_AR5,2.4081964543816
United States,Alabama,2010,N2O_AR5,1072.3485510418
United States,Florida,2010,N2O_AR5,616.26569314747
United States,Georgia,2010,N2O_AR5,2298.4020198694
United States,Hawaii,2010,N2O_AR5,8.9663435088229
United States,Idaho,2010,N2O_AR5,39.101967879319
United States,Illinois,2010,N2O_AR5,441.31134051424
United States,Indiana,2010,N2O_AR5,159.68566825911
United States,Iowa,2010,N2O_AR5,1549.9956004521
United States,Kansas,2010,N2O_AR5,116.65855896386
United States,Kentucky,2010,N2O_AR5,93.822460187868
United States,Louisiana,2010,N2O_AR5,1921.0213709999
United States,Alaska,2010,N2O_AR5,16.213441412601
United States,Maine,2010,N2O_AR5,67.662742204234
United States,Maryland,2010,N2O_AR5,64.919632422516
United States,Massachusetts,2010,N2O_AR5,57.71459580314
United States,Michigan,2010,N2O_AR5,157.36468072732
United States,Minnesota,2010,N2O_AR5,215.97401845347
United States,Mississippi,2010,N2O_AR5,1262.3389737835
United States,Missouri,2010,N2O_AR5,579.44798354686
United States,Montana,2010,N2O_AR5,17.034550770363
United States,Nebraska,2010,N2O_AR5,480.37479979014
United States,Nevada,2010,N2O_AR5,112.06979187963
United States,Arizona,2010,N2O_AR5,181.80994786479
United States,New Hampshire,2010,N2O_AR5,13.800021594403
United States,New Jersey,2010,N2O_AR5,106.36946941729
United States,New Mexico,2010,N2O_AR5,28.734057833729
United States,New York,2010,N2O_AR5,132.90702208348
United States,North Carolina,2010,N2O_AR5,277.41663747378
United States,North Dakota,2010,N2O_AR5,2109.2747432835
United States,Ohio,2010,N2O_AR5,277.01803562294
United States,Oklahoma,2010,N2O_AR5,1689.9304060582
United States,Oregon,2010,N2O_AR5,100.02304854314
United States,Pennsylvania,2010,N2O_AR5,238.7082238172
United States,Arkansas,2010,N2O_AR5,657.09549276326
United States,Rhode Island,2010,N2O_AR5,13.662632397428
United States,South Carolina,2010,N2O_AR5,146.69691301115
United States,South Dakota,2010,N2O_AR5,15.01613124918
United States,Tennessee,2010,N2O_AR5,212.01830691318
United States,Texas,2010,N2O_AR5,1357.7498456789
United States,Utah,2010,N2O_AR5,97.529064257794
United States,Vermont,2010,N2O_AR5,8.3484571196134
United States,Virginia,2010,N2O_AR5,1087.7176633209
United States,Washington,2010,N2O_AR5,379.69225163229
United States,West Virginia,2010,N2O_AR5,61.188548817061
United States,California,2010,N2O_AR5,860.5501128157
United States,Wisconsin,2010,N2O_AR5,348.19737976445
United States,Wyoming,2010,N2O_AR5,11.57087458091
United States,Colorado,2010,N2O_AR5,275.62193862046
United States,Connecticut,2010,N2O_AR5,28.264292248458
United States,Delaware,2010,N2O_AR5,17.398015203465
United States,District of Columbia,2010,N2O_AR5,2.314542936821
United States,Alabama,2011,N2O_AR5,1089.3362497234
United States,Florida,2011,N2O_AR5,701.77329101216
United States,Georgia,2011,N2O_AR5,2332.9240519683
United States,Hawaii,2011,N2O_AR5,8.9517936638696
United States,Idaho,2011,N2O_AR5,63.463784083173
United States,Illinois,2011,N2O_AR5,451.39496439154
United States,Indiana,2011,N2O_AR5,155.71798596193
United States,Iowa,2011,N2O_AR5,1566.7790909739
United States,Kansas,2011,N2O_AR5,116.38842830139
United States,Kentucky,2011,N2O_AR5,95.933151971801
United States,Louisiana,2011,N2O_AR5,1925.626948776
United States,Alaska,2011,N2O_AR5,41.381693810702
United States,Maine,2011,N2O_AR5,70.650567044596
United States,Maryland,2011,N2O_AR5,68.044861152999
United States,Massachusetts,2011,N2O_AR5,60.698777681962
United States,Michigan,2011,N2O_AR5,162.45778047523
United States,Minnesota,2011,N2O_AR5,222.34937278572
United States,Mississippi,2011,N2O_AR5,1264.3239679879
United States,Missouri,2011,N2O_AR5,609.53998049973
United States,Montana,2011,N2O_AR5,40.972036427842
United States,Nebraska,2011,N2O_AR5,484.89761002411
United States,Nevada,2011,N2O_AR5,150.38789299805
United States,Arizona,2011,N2O_AR5,214.65166455868
United States,New Hampshire,2011,N2O_AR5,15.581480564301
United States,New Jersey,2011,N2O_AR5,110.17349559306
United States,New Mexico,2011,N2O_AR5,47.690155525627
United States,New York,2011,N2O_AR5,140.51995856039
United States,North Carolina,2011,N2O_AR5,291.68178769016
United States,North Dakota,2011,N2O_AR5,2132.7851317348
United States,Ohio,2011,N2O_AR5,279.27212644997
United States,Oklahoma,2011,N2O_AR5,1709.6139129263
United States,Oregon,2011,N2O_AR5,133.57567742427
United States,Pennsylvania,2011,N2O_AR5,246.91676431392
United States,Arkansas,2011,N2O_AR5,738.49343387916
United States,Rhode Island,2011,N2O_AR5,14.167680681495
United States,South Carolina,2011,N2O_AR5,151.48872908445
United States,South Dakota,2011,N2O_AR5,20.928623828755
United States,Tennessee,2011,N2O_AR5,222.28781910971
United States,Texas,2011,N2O_AR5,1435.6697734061
United States,Utah,2011,N2O_AR5,136.51103065064
United States,Vermont,2011,N2O_AR5,11.689115020775
United States,Virginia,2011,N2O_AR5,1127.7841543482
United States,Washington,2011,N2O_AR5,403.94744566952
United States,West Virginia,2011,N2O_AR5,63.918405073787
United States,California,2011,N2O_AR5,957.25616586671
United States,Wisconsin,2011,N2O_AR5,360.76094188953
United States,Wyoming,2011,N2O_AR5,29.969652344971
United States,Colorado,2011,N2O_AR5,315.76012264984
United States,Connecticut,2011,N2O_AR5,31.783874859298
United States,Delaware,2011,N2O_AR5,16.963369224118
United States,District of Columbia,2011,N2O_AR5,2.3685188017115
United States,Alabama,2012,N2O_AR5,1085.1998555029
United States,Florida,2012,N2O_AR5,641.25638313283
United States,Georgia,2012,N2O_AR5,2330.3105966166
United States,Hawaii,2012,N2O_AR5,9.0131259119232
United States,Idaho,2012,N2O_AR5,61.238054523047
United States,Illinois,2012,N2O_AR5,449.32414734425
United States,Indiana,2012,N2O_AR5,152.08746573321
United States,Iowa,2012,N2O_AR5,1565.9339568648
United States,Kansas,2012,N2O_AR5,118.19111766343
United States,Kentucky,2012,N2O_AR5,95.819370587707
United States,Louisiana,2012,N2O_AR5,1922.678451487
United States,Alaska,2012,N2O_AR5,39.136671694113
United States,Maine,2012,N2O_AR5,69.1035077989
United States,Maryland,2012,N2O_AR5,68.307230955911
United States,Massachusetts,2012,N2O_AR5,60.696494949328
United States,Michigan,2012,N2O_AR5,161.78131492162
United States,Minnesota,2012,N2O_AR5,220.92513635409
United States,Mississippi,2012,N2O_AR5,1268.5983633274
United States,Missouri,2012,N2O_AR5,608.88209886092
United States,Montana,2012,N2O_AR5,39.343894700749
United States,Nebraska,2012,N2O_AR5,485.0930159654
United States,Nevada,2012,N2O_AR5,147.29447015211
United States,Arizona,2012,N2O_AR5,212.29579348293
United States,New Hampshire,2012,N2O_AR5,15.453166795101
United States,New Jersey,2012,N2O_AR5,110.40090325631
United States,New Mexico,2012,N2O_AR5,47.083729605101
United States,New York,2012,N2O_AR5,141.34450655835
United States,North Carolina,2012,N2O_AR5,289.77219336941
United States,North Dakota,2012,N2O_AR5,2140.4048970003
United States,Ohio,2012,N2O_AR5,277.23420520324
United States,Oklahoma,2012,N2O_AR5,1708.591441569
United States,Oregon,2012,N2O_AR5,130.39580809289
United States,Pennsylvania,2012,N2O_AR5,246.73989310419
United States,Arkansas,2012,N2O_AR5,681.56703567452
United States,Rhode Island,2012,N2O_AR5,14.221983747091
United States,South Carolina,2012,N2O_AR5,148.90288952231
United States,South Dakota,2012,N2O_AR5,20.514804958024
United States,Tennessee,2012,N2O_AR5,221.44073145519
United States,Texas,2012,N2O_AR5,1413.7729317166
United States,Utah,2012,N2O_AR5,133.2347146096
United States,Vermont,2012,N2O_AR5,11.372956360549
United States,Virginia,2012,N2O_AR5,1126.3008882671
United States,Washington,2012,N2O_AR5,401.92246381726
United States,West Virginia,2012,N2O_AR5,64.964645963633
United States,California,2012,N2O_AR5,957.09236262724
United States,Wisconsin,2012,N2O_AR5,358.26518109297
United States,Wyoming,2012,N2O_AR5,30.348447185367
United States,Colorado,2012,N2O_AR5,313.01078721696
United States,Connecticut,2012,N2O_AR5,31.642409370688
United States,Delaware,2012,N2O_AR5,17.104006826323
United States,District of Columbia,2012,N2O_AR5,2.3816119873852
United States,Alabama,2013,N2O_AR5,1146.6323368269
United States,Florida,2013,N2O_AR5,667.91346900228
United States,Georgia,2013,N2O_AR5,2452.9285664364
United States,Hawaii,2013,N2O_AR5,9.1673251666266
United States,Idaho,2013,N2O_AR5,63.773945196676
United States,Illinois,2013,N2O_AR5,466.82712817648
United States,Indiana,2013,N2O_AR5,155.84033802394
United States,Iowa,2013,N2O_AR5,1689.0266116691
United States,Kansas,2013,N2O_AR5,123.47394087551
United States,Kentucky,2013,N2O_AR5,96.3000749585
United States,Louisiana,2013,N2O_AR5,2062.1674517646
United States,Alaska,2013,N2O_AR5,40.168478670359
United States,Maine,2013,N2O_AR5,69.153668953913
United States,Maryland,2013,N2O_AR5,68.735442397938
United States,Massachusetts,2013,N2O_AR5,59.875798392463
United States,Michigan,2013,N2O_AR5,161.78799424312
United States,Minnesota,2013,N2O_AR5,227.77510445353
United States,Mississippi,2013,N2O_AR5,1361.3324064586
United States,Missouri,2013,N2O_AR5,650.84453422023
United States,Montana,2013,N2O_AR5,39.894113395131
United States,Nebraska,2013,N2O_AR5,522.39028497381
United States,Nevada,2013,N2O_AR5,157.36983478858
United States,Arizona,2013,N2O_AR5,224.84913019261
United States,New Hampshire,2013,N2O_AR5,15.554818318799
United States,New Jersey,2013,N2O_AR5,110.06487901123
United States,New Mexico,2013,N2O_AR5,50.634294828478
United States,New York,2013,N2O_AR5,139.74943736176
United States,North Carolina,2013,N2O_AR5,300.5545773358
United States,North Dakota,2013,N2O_AR5,2303.4003554674
United States,Ohio,2013,N2O_AR5,284.85810290486
United States,Oklahoma,2013,N2O_AR5,1841.7037797045
United States,Oregon,2013,N2O_AR5,132.24122568638
United States,Pennsylvania,2013,N2O_AR5,253.229156432
United States,Arkansas,2013,N2O_AR5,723.08979269145
United States,Rhode Island,2013,N2O_AR5,13.941812030284
United States,South Carolina,2013,N2O_AR5,150.67115902802
United States,South Dakota,2013,N2O_AR5,21.362455490069
United States,Tennessee,2013,N2O_AR5,229.8988012665
United States,Texas,2013,N2O_AR5,1439.7550803583
United States,Utah,2013,N2O_AR5,140.83670275155
United States,Vermont,2013,N2O_AR5,11.504303165551
United States,Virginia,2013,N2O_AR5,1121.8598823735
United States,Washington,2013,N2O_AR5,421.61444294574
United States,West Virginia,2013,N2O_AR5,64.552296679922
United States,California,2013,N2O_AR5,987.81041918055
United States,Wisconsin,2013,N2O_AR5,370.75099134228
United States,Wyoming,2013,N2O_AR5,30.848205241406
United States,Colorado,2013,N2O_AR5,333.08843147384
United States,Connecticut,2013,N2O_AR5,31.351191617598
United States,Delaware,2013,N2O_AR5,17.200989277983
United States,District of Columbia,2013,N2O_AR5,2.3182623430475
United States,Alabama,2014,N2O_AR5,1155.0752391652
United States,Florida,2014,N2O_AR5,671.48450813667
United States,Georgia,2014,N2O_AR5,2468.7201214028
United States,Hawaii,2014,N2O_AR5,9.2006912511591
United States,Idaho,2014,N2O_AR5,61.846070020436
United States,Illinois,2014,N2O_AR5,469.9598861083
United States,Indiana,2014,N2O_AR5,157.16611688116
United States,Iowa,2014,N2O_AR5,1705.4843736803
United States,Kansas,2014,N2O_AR5,124.69957338172
United States,Kentucky,2014,N2O_AR5,96.354884669087
United States,Louisiana,2014,N2O_AR5,2082.694910101
United States,Alaska,2014,N2O_AR5,38.012609566903
United States,Maine,2014,N2O_AR5,69.386341276888
United States,Maryland,2014,N2O_AR5,68.780134730936
United States,Massachusetts,2014,N2O_AR5,59.921576095923
United States,Michigan,2014,N2O_AR5,162.08612970844
United States,Minnesota,2014,N2O_AR5,228.99913809975
United States,Mississippi,2014,N2O_AR5,1376.4666964402
United States,Missouri,2014,N2O_AR5,654.82311744214
United States,Montana,2014,N2O_AR5,37.579176886642
United States,Nebraska,2014,N2O_AR5,527.78615201975
United States,Nevada,2014,N2O_AR5,155.06836576389
United States,Arizona,2014,N2O_AR5,223.57813512114
United States,New Hampshire,2014,N2O_AR5,15.472945733312
United States,New Jersey,2014,N2O_AR5,110.2316124265
United States,New Mexico,2014,N2O_AR5,50.76857447988
United States,New York,2014,N2O_AR5,139.81204312978
United States,North Carolina,2014,N2O_AR5,301.57301912053
United States,North Dakota,2014,N2O_AR5,2332.9826944167
United States,Ohio,2014,N2O_AR5,286.19651107097
United States,Oklahoma,2014,N2O_AR5,1859.3902626359
United States,Oregon,2014,N2O_AR5,129.7506263222
United States,Pennsylvania,2014,N2O_AR5,254.61411309559
United States,Arkansas,2014,N2O_AR5,729.01421211824
United States,Rhode Island,2014,N2O_AR5,13.968014929355
United States,South Carolina,2014,N2O_AR5,151.11069319114
United States,South Dakota,2014,N2O_AR5,20.912364491857
United States,Tennessee,2014,N2O_AR5,230.5858535265
United States,Texas,2014,N2O_AR5,1448.8290975287
United States,Utah,2014,N2O_AR5,138.42347002435
United States,Vermont,2014,N2O_AR5,11.252401642366
United States,Virginia,2014,N2O_AR5,1117.4434587376
United States,Washington,2014,N2O_AR5,422.91883234913
United States,West Virginia,2014,N2O_AR5,63.763212807718
United States,California,2014,N2O_AR5,986.19553727553
United States,Wisconsin,2014,N2O_AR5,372.68296746324
United States,Wyoming,2014,N2O_AR5,29.018040445449
United States,Colorado,2014,N2O_AR5,331.89752902006
United States,Connecticut,2014,N2O_AR5,31.18475996392
United States,Delaware,2014,N2O_AR5,17.275565010886
United States,District of Columbia,2014,N2O_AR5,2.3254067978435
United States,Alabama,2015,N2O_AR5,1104.0965924631
United States,Florida,2015,N2O_AR5,655.08922930377
United States,Georgia,2015,N2O_AR5,2364.1318736384
United States,Hawaii,2015,N2O_AR5,9.2135132258394
United States,Idaho,2015,N2O_AR5,60.622473317331
United States,Illinois,2015,N2O_AR5,457.66713435723
United States,Indiana,2015,N2O_AR5,153.00261248116
United States,Iowa,2015,N2O_AR5,1612.0192007591
United States,Kansas,2015,N2O_AR5,121.10502910973
United States,Kentucky,2015,N2O_AR5,96.058073680479
United States,Louisiana,2015,N2O_AR5,1973.6432058464
United States,Alaska,2015,N2O_AR5,37.463020370502
United States,Maine,2015,N2O_AR5,68.60485692258
United States,Maryland,2015,N2O_AR5,69.067814553129
United States,Massachusetts,2015,N2O_AR5,60.07029622883
United States,Michigan,2015,N2O_AR5,161.16166678249
United States,Minnesota,2015,N2O_AR5,223.56275122245
United States,Mississippi,2015,N2O_AR5,1303.9662505469
United States,Missouri,2015,N2O_AR5,623.24851344604
United States,Montana,2015,N2O_AR5,37.187106879468
United States,Nebraska,2015,N2O_AR5,499.35046651001
United States,Nevada,2015,N2O_AR5,149.48810946927
United States,Arizona,2015,N2O_AR5,216.86406089248
United States,New Hampshire,2015,N2O_AR5,15.469293334786
United States,New Jersey,2015,N2O_AR5,110.44432709957
United States,New Mexico,2015,N2O_AR5,53.073710602194
United States,New York,2015,N2O_AR5,140.01341961693
United States,North Carolina,2015,N2O_AR5,294.109751658
United States,North Dakota,2015,N2O_AR5,2199.1701106589
United States,Ohio,2015,N2O_AR5,280.91886827311
United States,Oklahoma,2015,N2O_AR5,1757.7648804592
United States,Oregon,2015,N2O_AR5,128.00293695792
United States,Pennsylvania,2015,N2O_AR5,248.52136807874
United States,Arkansas,2015,N2O_AR5,698.55501582444
United States,Rhode Island,2015,N2O_AR5,14.030086274516
United States,South Carolina,2015,N2O_AR5,149.72819221604
United States,South Dakota,2015,N2O_AR5,20.872493677099
United States,Tennessee,2015,N2O_AR5,224.72028799588
United States,Texas,2015,N2O_AR5,1434.6974590932
United States,Utah,2015,N2O_AR5,133.48616547472
United States,Vermont,2015,N2O_AR5,11.182277121117
United States,Virginia,2015,N2O_AR5,1101.499804834
United States,Washington,2015,N2O_AR5,406.71443047047
United States,West Virginia,2015,N2O_AR5,63.267321161787
United States,California,2015,N2O_AR5,965.26769241661
United States,Wisconsin,2015,N2O_AR5,363.35202397319
United States,Wyoming,2015,N2O_AR5,28.613633419677
United States,Colorado,2015,N2O_AR5,318.41886332862
United States,Connecticut,2015,N2O_AR5,31.244866081744
United States,Delaware,2015,N2O_AR5,17.245564336059
United States,District of Columbia,2015,N2O_AR5,2.3371213269622
United States,Alabama,2016,N2O_AR5,1122.6796747695
United States,Florida,2016,N2O_AR5,658.71818283146
United States,Georgia,2016,N2O_AR5,2369.7208977149
United States,Hawaii,2016,N2O_AR5,9.309237202127
United States,Idaho,2016,N2O_AR5,61.400489503869
United States,Illinois,2016,N2O_AR5,466.7038677184
United States,Indiana,2016,N2O_AR5,154.94854187742
United States,Iowa,2016,N2O_AR5,1668.6919594952
United States,Kansas,2016,N2O_AR5,122.46771115913
United States,Kentucky,2016,N2O_AR5,96.373636679362
United States,Louisiana,2016,N2O_AR5,2040.4178435622
United States,Alaska,2016,N2O_AR5,37.977722066984
United States,Maine,2016,N2O_AR5,68.950171212352
United States,Maryland,2016,N2O_AR5,69.483339689679
United States,Massachusetts,2016,N2O_AR5,60.445504189058
United States,Michigan,2016,N2O_AR5,161.97867387402
United States,Minnesota,2016,N2O_AR5,227.44282768002
United States,Mississippi,2016,N2O_AR5,1341.4984499915
United States,Missouri,2016,N2O_AR5,642.16214138354
United States,Montana,2016,N2O_AR5,37.093323184708
United States,Nebraska,2016,N2O_AR5,516.78065526072
United States,Nevada,2016,N2O_AR5,153.01487896834
United States,Arizona,2016,N2O_AR5,221.56200579767
United States,New Hampshire,2016,N2O_AR5,15.568808701873
United States,New Jersey,2016,N2O_AR5,111.26852644526
United States,New Mexico,2016,N2O_AR5,50.419348168077
United States,New York,2016,N2O_AR5,140.21044424317
United States,North Carolina,2016,N2O_AR5,299.3544084558
United States,North Dakota,2016,N2O_AR5,2266.3772093402
United States,Ohio,2016,N2O_AR5,285.28541921976
United States,Oklahoma,2016,N2O_AR5,1819.0232225671
United States,Oregon,2016,N2O_AR5,129.20304797107
United States,Pennsylvania,2016,N2O_AR5,252.32083560726
United States,Arkansas,2016,N2O_AR5,709.08348682033
United States,Rhode Island,2016,N2O_AR5,14.119350551529
United States,South Carolina,2016,N2O_AR5,150.73036208741
United States,South Dakota,2016,N2O_AR5,21.014891789017
United States,Tennessee,2016,N2O_AR5,228.96309376505
United States,Texas,2016,N2O_AR5,1354.4449149235
United States,Utah,2016,N2O_AR5,136.54490721459
United States,Vermont,2016,N2O_AR5,11.260437254255
United States,Virginia,2016,N2O_AR5,1010.2474872937
United States,Washington,2016,N2O_AR5,416.79839584549
United States,West Virginia,2016,N2O_AR5,63.131482606942
United States,California,2016,N2O_AR5,977.66227712075
United States,Wisconsin,2016,N2O_AR5,369.40389173403
United States,Wyoming,2016,N2O_AR5,28.502823546852
United States,Colorado,2016,N2O_AR5,325.91260651198
United States,Connecticut,2016,N2O_AR5,31.451310771379
United States,Delaware,2016,N2O_AR5,17.486190350137
United States,District of Columbia,2016,N2O_AR5,2.3519222127243
United States,Alabama,2017,N2O_AR5,1107.767133618
United States,Florida,2017,N2O_AR5,661.05147113394
United States,Georgia,2017,N2O_AR5,2328.8185338251
United States,Hawaii,2017,N2O_AR5,9.303423695269
United States,Idaho,2017,N2O_AR5,50.658264135975
United States,Illinois,2017,N2O_AR5,464.84674762463
United States,Indiana,2017,N2O_AR5,155.46659866053
United States,Iowa,2017,N2O_AR5,1657.8344951123
United States,Kansas,2017,N2O_AR5,122.49017785635
United States,Kentucky,2017,N2O_AR5,95.626543840678
United States,Louisiana,2017,N2O_AR5,2028.4875003175
United States,Alaska,2017,N2O_AR5,25.278911894506
United States,Maine,2017,N2O_AR5,67.390531991937
United States,Maryland,2017,N2O_AR5,68.757033152893
United States,Massachusetts,2017,N2O_AR5,59.607259749875
United States,Michigan,2017,N2O_AR5,160.23863311198
United States,Minnesota,2017,N2O_AR5,224.81121418919
United States,Mississippi,2017,N2O_AR5,1335.0060712239
United States,Missouri,2017,N2O_AR5,629.2739553947
United States,Montana,2017,N2O_AR5,27.002262447178
United States,Nebraska,2017,N2O_AR5,514.93061696304
United States,Nevada,2017,N2O_AR5,136.3452763414
United States,Arizona,2017,N2O_AR5,207.75390157498
United States,New Hampshire,2017,N2O_AR5,14.881698921867
United States,New Jersey,2017,N2O_AR5,110.15500652655
United States,New Mexico,2017,N2O_AR5,41.254984470326
United States,New York,2017,N2O_AR5,137.72846745636
United States,North Carolina,2017,N2O_AR5,293.6642080646
United States,North Dakota,2017,N2O_AR5,2265.3532693494
United States,Ohio,2017,N2O_AR5,284.4164973987
United States,Oklahoma,2017,N2O_AR5,1807.6191714701
United States,Oregon,2017,N2O_AR5,114.54426234901
United States,Pennsylvania,2017,N2O_AR5,249.93181443021
United States,Arkansas,2017,N2O_AR5,706.85879518336
United States,Rhode Island,2017,N2O_AR5,14.028881062664
United States,South Carolina,2017,N2O_AR5,148.44793617867
United States,South Dakota,2017,N2O_AR5,18.546864036171
United States,Tennessee,2017,N2O_AR5,224.61971333024
United States,Texas,2017,N2O_AR5,1320.4169652695
United States,Utah,2017,N2O_AR5,119.69399598009
United States,Vermont,2017,N2O_AR5,9.8243447160375
United States,Virginia,2017,N2O_AR5,952.22841591165
United States,Washington,2017,N2O_AR5,405.89030880955
United States,West Virginia,2017,N2O_AR5,62.670042410166
United States,California,2017,N2O_AR5,936.63909018063
United States,Wisconsin,2017,N2O_AR5,364.18604224985
United States,Wyoming,2017,N2O_AR5,24.820441575229
United States,Colorado,2017,N2O_AR5,308.72676752822
United States,Connecticut,2017,N2O_AR5,30.153853787039
United States,Delaware,2017,N2O_AR5,17.488654900432
United States,District of Columbia,2017,N2O_AR5,2.3510016530271
United States,Alabama,2018,N2O_AR5,1108.4199529021
United States,Florida,2018,N2O_AR5,664.05579296918
United States,Georgia,2018,N2O_AR5,2306.9668790417
United States,Hawaii,2018,N2O_AR5,10.837639864594
United States,Idaho,2018,N2O_AR5,54.684751979167
United States,Illinois,2018,N2O_AR5,467.00778871882
United States,Indiana,2018,N2O_AR5,160.31653680971
United States,Iowa,2018,N2O_AR5,1646.6965484695
United States,Kansas,2018,N2O_AR5,124.2176402249
United States,Kentucky,2018,N2O_AR5,100.09149399359
United States,Louisiana,2018,N2O_AR5,2023.6922221368
United States,Alaska,2018,N2O_AR5,26.499394493087
United States,Maine,2018,N2O_AR5,72.115632943669
United States,Maryland,2018,N2O_AR5,70.03007655619
United States,Massachusetts,2018,N2O_AR5,60.613894134045
United States,Michigan,2018,N2O_AR5,163.84037432224
United States,Minnesota,2018,N2O_AR5,231.00215640728
United States,Mississippi,2018,N2O_AR5,1333.873776345
United States,Missouri,2018,N2O_AR5,627.76494877649
United States,Montana,2018,N2O_AR5,28.661380861516
United States,Nebraska,2018,N2O_AR5,511.66446649352
United States,Nevada,2018,N2O_AR5,139.70273850843
United States,Arizona,2018,N2O_AR5,213.04577500534
United States,New Hampshire,2018,N2O_AR5,15.419120994559
United States,New Jersey,2018,N2O_AR5,112.23190495777
United States,New Mexico,2018,N2O_AR5,46.99904998062
United States,New York,2018,N2O_AR5,139.45173268671
United States,North Carolina,2018,N2O_AR5,300.73290146882
United States,North Dakota,2018,N2O_AR5,2263.5233896899
United States,Ohio,2018,N2O_AR5,290.86149565447
United States,Oklahoma,2018,N2O_AR5,1796.9902046447
United States,Oregon,2018,N2O_AR5,119.41206391696
United States,Pennsylvania,2018,N2O_AR5,252.55157502188
United States,Arkansas,2018,N2O_AR5,706.94440791114
United States,Rhode Island,2018,N2O_AR5,14.087118363578
United States,South Carolina,2018,N2O_AR5,158.01231897282
United States,South Dakota,2018,N2O_AR5,19.741463248941
United States,Tennessee,2018,N2O_AR5,228.14140765493
United States,Texas,2018,N2O_AR5,1321.6251078569
United States,Utah,2018,N2O_AR5,123.67378457944
United States,Vermont,2018,N2O_AR5,10.254114879256
United States,Virginia,2018,N2O_AR5,922.34363830613
United States,Washington,2018,N2O_AR5,410.03288899126
United States,West Virginia,2018,N2O_AR5,65.397341246359
United States,California,2018,N2O_AR5,950.66769794096
United States,Wisconsin,2018,N2O_AR5,374.96783695119
United States,Wyoming,2018,N2O_AR5,23.188802043094
United States,Colorado,2018,N2O_AR5,312.84611447814
United States,Connecticut,2018,N2O_AR5,30.508780064259
United States,Delaware,2018,N2O_AR5,17.737003675691
United States,District of Columbia,2018,N2O_AR5,2.3517540539818
United States,Alabama,2019,N2O_AR5,1108.9159690267
United States,Florida,2019,N2O_AR5,665.21309195578
United States,Georgia,2019,N2O_AR5,2317.0559263169
United States,Hawaii,2019,N2O_AR5,10.945575387825
United States,Idaho,2019,N2O_AR5,54.994802119335
United States,Illinois,2019,N2O_AR5,470.44547908704
United States,Indiana,2019,N2O_AR5,159.53680112863
United States,Iowa,2019,N2O_AR5,1658.7161186671
United States,Kansas,2019,N2O_AR5,125.33223910492
United States,Kentucky,2019,N2O_AR5,99.520332955009
United States,Louisiana,2019,N2O_AR5,2030.7500311705
United States,Alaska,2019,N2O_AR5,27.300156055162
United States,Maine,2019,N2O_AR5,69.91597006645
United States,Maryland,2019,N2O_AR5,70.989926833465
United States,Massachusetts,2019,N2O_AR5,61.15232638906
United States,Michigan,2019,N2O_AR5,164.40352779164
United States,Minnesota,2019,N2O_AR5,230.21804438695
United States,Mississippi,2019,N2O_AR5,1338.9185497454
United States,Missouri,2019,N2O_AR5,633.23074240076
United States,Montana,2019,N2O_AR5,29.145423922399
United States,Nebraska,2019,N2O_AR5,515.72549251565
United States,Nevada,2019,N2O_AR5,141.25092870324
United States,Arizona,2019,N2O_AR5,215.33906545531
United States,New Hampshire,2019,N2O_AR5,15.511952249299
United States,New Jersey,2019,N2O_AR5,113.32968756964
United States,New Mexico,2019,N2O_AR5,48.894022279096
United States,New York,2019,N2O_AR5,140.82804760736
United States,North Carolina,2019,N2O_AR5,300.65358377896
United States,North Dakota,2019,N2O_AR5,2285.2200776845
United States,Ohio,2019,N2O_AR5,291.91547974061
United States,Oklahoma,2019,N2O_AR5,1808.7965437339
United States,Oregon,2019,N2O_AR5,119.32696358784
United States,Pennsylvania,2019,N2O_AR5,254.12590356881
United States,Arkansas,2019,N2O_AR5,706.33220035912
United States,Rhode Island,2019,N2O_AR5,14.277566260082
United States,South Carolina,2019,N2O_AR5,155.2067378481
United States,South Dakota,2019,N2O_AR5,20.034086533138
United States,Tennessee,2019,N2O_AR5,229.09672793077
United States,Texas,2019,N2O_AR5,1350.5073480924
United States,Utah,2019,N2O_AR5,125.39777228013
United States,Vermont,2019,N2O_AR5,10.273332261398
United States,Virginia,2019,N2O_AR5,923.54349923121
United States,Washington,2019,N2O_AR5,411.04537150446
United States,West Virginia,2019,N2O_AR5,64.054489721213
United States,California,2019,N2O_AR5,960.23695779169
United States,Wisconsin,2019,N2O_AR5,373.3388143363
United States,Wyoming,2019,N2O_AR5,23.33839572905
United States,Colorado,2019,N2O_AR5,315.2905994614
United States,Connecticut,2019,N2O_AR5,30.881378915665
United States,Delaware,2019,N2O_AR5,17.82678984112
United States,District of Columbia,2019,N2O_AR5,2.3852044952484
United States,Alabama,2020,N2O_AR5,1129.163168898
United States,Florida,2020,N2O_AR5,672.80285479091
United States,Georgia,2020,N2O_AR5,2377.5555698304
United States,Hawaii,2020,N2O_AR5,10.810220718135
United States,Idaho,2020,N2O_AR5,49.328138120216
United States,Illinois,2020,N2O_AR5,474.47761943899
United States,Indiana,2020,N2O_AR5,154.68175519852
United States,Iowa,2020,N2O_AR5,1710.5242529225
United States,Kansas,2020,N2O_AR5,126.2536907236
United States,Kentucky,2020,N2O_AR5,96.704317018436
United States,Louisiana,2020,N2O_AR5,2083.6238239226
United States,Alaska,2020,N2O_AR5,20.733329905073
United States,Maine,2020,N2O_AR5,66.231384891549
United States,Maryland,2020,N2O_AR5,70.334014055653
United States,Massachusetts,2020,N2O_AR5,60.212305807364
United States,Michigan,2020,N2O_AR5,160.85123923064
United States,Minnesota,2020,N2O_AR5,228.26701333551
United States,Mississippi,2020,N2O_AR5,1369.9231553829
United States,Missouri,2020,N2O_AR5,644.72245223511
United States,Montana,2020,N2O_AR5,23.244505270225
United States,Nebraska,2020,N2O_AR5,531.91371828379
United States,Nevada,2020,N2O_AR5,135.38113740289
United States,Arizona,2020,N2O_AR5,211.49305620432
United States,New Hampshire,2020,N2O_AR5,14.98768316625
United States,New Jersey,2020,N2O_AR5,111.65906381227
United States,New Mexico,2020,N2O_AR5,42.457252978791
United States,New York,2020,N2O_AR5,138.11333990749
United States,North Carolina,2020,N2O_AR5,298.27649885282
United States,North Dakota,2020,N2O_AR5,2342.6289848177
United States,Ohio,2020,N2O_AR5,291.32395996535
United States,Oklahoma,2020,N2O_AR5,1863.1822269789
United States,Oregon,2020,N2O_AR5,110.4658395446
United States,Pennsylvania,2020,N2O_AR5,253.12162929842
United States,Arkansas,2020,N2O_AR5,718.45230276143
United States,Rhode Island,2020,N2O_AR5,14.165504873874
United States,South Carolina,2020,N2O_AR5,149.21712706931
United States,South Dakota,2020,N2O_AR5,18.666439701952
United States,Tennessee,2020,N2O_AR5,228.59084522201
United States,Texas,2020,N2O_AR5,1351.249353829
United States,Utah,2020,N2O_AR5,118.29651873972
United States,Vermont,2020,N2O_AR5,9.3730250392692
United States,Virginia,2020,N2O_AR5,941.43546495071
United States,Washington,2020,N2O_AR5,411.58770301411
United States,West Virginia,2020,N2O_AR5,62.487077455707
United States,California,2020,N2O_AR5,943.62353852906
United States,Wisconsin,2020,N2O_AR5,369.64484213471
United States,Wyoming,2020,N2O_AR5,19.387590029413
United States,Colorado,2020,N2O_AR5,313.34357585371
United States,Connecticut,2020,N2O_AR5,30.024814544102
United States,Delaware,2020,N2O_AR5,17.424264916121
United States,District of Columbia,2020,N2O_AR5,2.3752931206635
United States,Alabama,2021,N2O_AR5,1142.6204318995
United States,Florida,2021,N2O_AR5,680.79139790681
United States,Georgia,2021,N2O_AR5,2403.1591283346
United States,Hawaii,2021,N2O_AR5,10.939512506343
United States,Idaho,2021,N2O_AR5,50.007498037754
United States,Illinois,2021,N2O_AR5,479.53837707461
United States,Indiana,2021,N2O_AR5,156.95996410183
United States,Iowa,2021,N2O_AR5,1727.2251663446
United States,Kansas,2021,N2O_AR5,127.73052235877
United States,Kentucky,2021,N2O_AR5,98.271667203758
United States,Louisiana,2021,N2O_AR5,2106.1160507373
United States,Alaska,2021,N2O_AR5,21.051744252783
United States,Maine,2021,N2O_AR5,67.884310883027
United States,Maryland,2021,N2O_AR5,71.039681658504
United States,Massachusetts,2021,N2O_AR5,60.906556839337
United States,Michigan,2021,N2O_AR5,161.28954154232
United States,Minnesota,2021,N2O_AR5,231.4713809974
United States,Mississippi,2021,N2O_AR5,1385.7829909651
United States,Missouri,2021,N2O_AR5,651.24242470283
United States,Montana,2021,N2O_AR5,23.25139961497
United States,Nebraska,2021,N2O_AR5,537.15335692413
United States,Nevada,2021,N2O_AR5,136.80999979816
United States,Arizona,2021,N2O_AR5,213.68003621858
United States,New Hampshire,2021,N2O_AR5,15.178453140263
United States,New Jersey,2021,N2O_AR5,112.94245645604
United States,New Mexico,2021,N2O_AR5,42.012068775365
United States,New York,2021,N2O_AR5,139.75734154159
United States,North Carolina,2021,N2O_AR5,302.32817271718
United States,North Dakota,2021,N2O_AR5,2359.6609095257
United States,Ohio,2021,N2O_AR5,294.75496592037
United States,Oklahoma,2021,N2O_AR5,1881.5516916543
United States,Oregon,2021,N2O_AR5,112.16873394517
United States,Pennsylvania,2021,N2O_AR5,255.93140908961
United States,Arkansas,2021,N2O_AR5,727.16529581523
United States,Rhode Island,2021,N2O_AR5,14.307555323586
United States,South Carolina,2021,N2O_AR5,151.9326666519
United States,South Dakota,2021,N2O_AR5,18.868154253235
United States,Tennessee,2021,N2O_AR5,231.32817005519
United States,Texas,2021,N2O_AR5,1350.9185762929
United States,Utah,2021,N2O_AR5,119.36838554983
United States,Vermont,2021,N2O_AR5,9.5151187798361
United States,Virginia,2021,N2O_AR5,952.2612474816
United States,Washington,2021,N2O_AR5,416.68709273538
United States,West Virginia,2021,N2O_AR5,63.88077320297
United States,California,2021,N2O_AR5,954.31559890279
United States,Wisconsin,2021,N2O_AR5,375.19230476265
United States,Wyoming,2021,N2O_AR5,19.280042001306
United States,Colorado,2021,N2O_AR5,316.49843321789
United States,Connecticut,2021,N2O_AR5,30.34724430968
United States,Delaware,2021,N2O_AR5,17.678091376377
United States,District of Columbia,2021,N2O_AR5,2.3984856770124
United States,Alabama,2022,N2O_AR5,1184.6390900829
United States,Florida,2022,N2O_AR5,697.95113771603
United States,Georgia,2022,N2O_AR5,2504.6641860854
United States,Hawaii,2022,N2O_AR5,10.906333960117
United States,Idaho,2022,N2O_AR5,50.628699731568
United States,Illinois,2022,N2O_AR5,489.74396990748
United States,Indiana,2022,N2O_AR5,154.08260846806
United States,Iowa,2022,N2O_AR5,1809.1284539671
United States,Kansas,2022,N2O_AR5,130.19824018442
United States,Kentucky,2022,N2O_AR5,97.261260081622
United States,Louisiana,2022,N2O_AR5,2196.9295092732
United States,Alaska,2022,N2O_AR5,21.852777640081
United States,Maine,2022,N2O_AR5,66.558397904315
United States,Maryland,2022,N2O_AR5,71.041560461652
United States,Massachusetts,2022,N2O_AR5,60.786208852498
United States,Michigan,2022,N2O_AR5,160.287670663
United States,Minnesota,2022,N2O_AR5,234.22627352129
United States,Mississippi,2022,N2O_AR5,1442.1783368314
United States,Missouri,2022,N2O_AR5,678.28801393169
United States,Montana,2022,N2O_AR5,23.661724543068
United States,Nebraska,2022,N2O_AR5,561.84297621733
United States,Nevada,2022,N2O_AR5,141.38783805972
United States,Arizona,2022,N2O_AR5,219.41895460839
United States,New Hampshire,2022,N2O_AR5,15.135660882891
United States,New Jersey,2022,N2O_AR5,112.67226330201
United States,New Mexico,2022,N2O_AR5,41.473409027875
United States,New York,2022,N2O_AR5,139.27358485201
United States,North Carolina,2022,N2O_AR5,306.81879683055
United States,North Dakota,2022,N2O_AR5,2462.8312937937
United States,Ohio,2022,N2O_AR5,296.44418694958
United States,Oklahoma,2022,N2O_AR5,1969.4907581976
United States,Oregon,2022,N2O_AR5,112.41426932963
United States,Pennsylvania,2022,N2O_AR5,259.48494932076
United States,Arkansas,2022,N2O_AR5,753.79733496056
United States,Rhode Island,2022,N2O_AR5,14.305467823564
United States,South Carolina,2022,N2O_AR5,149.72929048606
United States,South Dakota,2022,N2O_AR5,18.911260551936
United States,Tennessee,2022,N2O_AR5,235.69497371893
United States,Texas,2022,N2O_AR5,1396.545921725
United States,Utah,2022,N2O_AR5,123.2548201124
United States,Vermont,2022,N2O_AR5,9.481844962689
United States,Virginia,2022,N2O_AR5,988.00994207564
United States,Washington,2022,N2O_AR5,428.7899777665
United States,West Virginia,2022,N2O_AR5,63.027721968701
United States,California,2022,N2O_AR5,969.44077234951
United States,Wisconsin,2022,N2O_AR5,379.72398271092
United States,Wyoming,2022,N2O_AR5,19.617772822528
United States,Colorado,2022,N2O_AR5,327.81373705206
United States,Connecticut,2022,N2O_AR5,30.340612436086
United States,Delaware,2022,N2O_AR5,17.560330636421
United States,District of Columbia,2022,N2O_AR5,2.3986419144718
United States,Alabama,2023,N2O_AR5,1188.2423020281
United States,Florida,2023,N2O_AR5,701.27040815172
United States,Georgia,2023,N2O_AR5,2515.7094357857
United States,Hawaii,2023,N2O_AR5,10.556962023833
United States,Idaho,2023,N2O_AR5,50.992615286372
United States,Illinois,2023,N2O_AR5,489.75435161597
United States,Indiana,2023,N2O_AR5,152.4365037898
United States,Iowa,2023,N2O_AR5,1815.5045066831
United States,Kansas,2023,N2O_AR5,129.98415497647
United States,Kentucky,2023,N2O_AR5,97.852310128993
United States,Louisiana,2023,N2O_AR5,2202.9929025477
United States,Alaska,2023,N2O_AR5,21.075489257508
United States,Maine,2023,N2O_AR5,66.518746800684
United States,Maryland,2023,N2O_AR5,71.384609949885
United States,Massachusetts,2023,N2O_AR5,59.900327901279
United States,Michigan,2023,N2O_AR5,159.33678636364
United States,Minnesota,2023,N2O_AR5,234.87900166425
United States,Mississippi,2023,N2O_AR5,1444.3495074639
United States,Missouri,2023,N2O_AR5,679.93748586293
United States,Montana,2023,N2O_AR5,23.400339434296
United States,Nebraska,2023,N2O_AR5,563.7558319164
United States,Nevada,2023,N2O_AR5,142.27617567523
United States,Arizona,2023,N2O_AR5,221.75506918845
United States,New Hampshire,2023,N2O_AR5,15.139164207224
United States,New Jersey,2023,N2O_AR5,112.67156087233
United States,New Mexico,2023,N2O_AR5,42.839604929335
United States,New York,2023,N2O_AR5,137.22011866737
United States,North Carolina,2023,N2O_AR5,309.31419360482
United States,North Dakota,2023,N2O_AR5,2469.9523130304
United States,Ohio,2023,N2O_AR5,296.5974735401
United States,Oklahoma,2023,N2O_AR5,1975.8301030388
United States,Oregon,2023,N2O_AR5,111.92399621544
United States,Pennsylvania,2023,N2O_AR5,259.56442964603
United States,Arkansas,2023,N2O_AR5,755.76429661593
United States,Rhode Island,2023,N2O_AR5,14.032213166731
United States,South Carolina,2023,N2O_AR5,150.95797803163
United States,South Dakota,2023,N2O_AR5,19.239726824568
United States,Tennessee,2023,N2O_AR5,236.96305869645
United States,Texas,2023,N2O_AR5,1417.6021381905
United States,Utah,2023,N2O_AR5,124.11715253158
United States,Vermont,2023,N2O_AR5,9.4786090449527
United States,Virginia,2023,N2O_AR5,991.57821926049
United States,Washington,2023,N2O_AR5,429.14297318098
United States,West Virginia,2023,N2O_AR5,63.079128284687
United States,California,2023,N2O_AR5,964.81255569447
United States,Wisconsin,2023,N2O_AR5,381.54954648443
United States,Wyoming,2023,N2O_AR5,20.070716781379
United States,Colorado,2023,N2O_AR5,329.23873064446
United States,Connecticut,2023,N2O_AR5,30.029905751545
United States,Delaware,2023,N2O_AR5,17.734410362132
United States,District of Columbia,2023,N2O_AR5,2.3252436101884
United States,Alabama,1990,F_gases_AR5,2409.1028932889
United States,Florida,1990,F_gases_AR5,5997.748129633
United States,Georgia,1990,F_gases_AR5,4052.8061918074
United States,Hawaii,1990,F_gases_AR5,288.22975217811
United States,Idaho,1990,F_gases_AR5,534.04868395685
United States,Illinois,1990,F_gases_AR5,6475.9918059144
United States,Indiana,1990,F_gases_AR5,3206.7758521008
United States,Iowa,1990,F_gases_AR5,3304.5562032627
United States,Kansas,1990,F_gases_AR5,1593.0021263769
United States,Kentucky,1990,F_gases_AR5,2956.892473281
United States,Louisiana,1990,F_gases_AR5,2206.3506664281
United States,Alaska,1990,F_gases_AR5,200.71136168602
United States,Maine,1990,F_gases_AR5,440.21885709704
United States,Maryland,1990,F_gases_AR5,3824.1092757264
United States,Massachusetts,1990,F_gases_AR5,1765.2243826521
United States,Michigan,1990,F_gases_AR5,3874.6548207184
United States,Minnesota,1990,F_gases_AR5,2380.428624611
United States,Mississippi,1990,F_gases_AR5,1148.2743869805
United States,Missouri,1990,F_gases_AR5,2605.5285085528
United States,Montana,1990,F_gases_AR5,1251.969869204
United States,Nebraska,1990,F_gases_AR5,1005.599534081
United States,Nevada,1990,F_gases_AR5,707.34224562738
United States,Arizona,1990,F_gases_AR5,2084.3252399322
United States,New Hampshire,1990,F_gases_AR5,356.66456491589
United States,New Jersey,1990,F_gases_AR5,3090.8304489751
United States,New Mexico,1990,F_gases_AR5,758.73825614332
United States,New York,1990,F_gases_AR5,4452.5857768688
United States,North Carolina,1990,F_gases_AR5,3428.9296774246
United States,North Dakota,1990,F_gases_AR5,600.84280873162
United States,Ohio,1990,F_gases_AR5,5100.327071832
United States,Oklahoma,1990,F_gases_AR5,1995.551464677
United States,Oregon,1990,F_gases_AR5,3295.2521948188
United States,Pennsylvania,1990,F_gases_AR5,3960.661963953
United States,Arkansas,1990,F_gases_AR5,1345.80601265
United States,Rhode Island,1990,F_gases_AR5,472.34333435113
United States,South Carolina,1990,F_gases_AR5,2082.6669995385
United States,South Dakota,1990,F_gases_AR5,382.69645861611
United States,Tennessee,1990,F_gases_AR5,3279.3770047825
United States,Texas,1990,F_gases_AR5,11904.461201286
United States,Utah,1990,F_gases_AR5,920.07854822107
United States,Vermont,1990,F_gases_AR5,182.56577248184
United States,Virginia,1990,F_gases_AR5,2696.7406738785
United States,Washington,1990,F_gases_AR5,8858.8940738606
United States,West Virginia,1990,F_gases_AR5,1331.9667682882
United States,California,1990,F_gases_AR5,17659.755581637
United States,Wisconsin,1990,F_gases_AR5,3277.139454343
United States,Wyoming,1990,F_gases_AR5,232.2064507474
United States,Colorado,1990,F_gases_AR5,1989.3574678897
United States,Connecticut,1990,F_gases_AR5,897.71553261063
United States,Delaware,1990,F_gases_AR5,374.4119553014
United States,District of Columbia,1990,F_gases_AR5,82.951105202367
United States,Alabama,1991,F_gases_AR5,2403.9103867495
United States,Florida,1991,F_gases_AR5,5964.1904690059
United States,Georgia,1991,F_gases_AR5,4030.1305655837
United States,Hawaii,1991,F_gases_AR5,286.61709422763
United States,Idaho,1991,F_gases_AR5,531.06065843341
United States,Illinois,1991,F_gases_AR5,6439.7583511995
United States,Indiana,1991,F_gases_AR5,3188.8338022805
United States,Iowa,1991,F_gases_AR5,3218.7989111415
United States,Kansas,1991,F_gases_AR5,1584.0892104658
United States,Kentucky,1991,F_gases_AR5,2956.3842518693
United States,Louisiana,1991,F_gases_AR5,2194.0060388632
United States,Alaska,1991,F_gases_AR5,199.58837292193
United States,Maine,1991,F_gases_AR5,437.75581351989
United States,Maryland,1991,F_gases_AR5,3897.7999056283
United States,Massachusetts,1991,F_gases_AR5,1755.3478757559
United States,Michigan,1991,F_gases_AR5,3852.975959134
United States,Minnesota,1991,F_gases_AR5,2367.1100233284
United States,Mississippi,1991,F_gases_AR5,1141.8497420384
United States,Missouri,1991,F_gases_AR5,2590.9504636676
United States,Montana,1991,F_gases_AR5,1286.7295358541
United States,Nebraska,1991,F_gases_AR5,999.97316112198
United States,Nevada,1991,F_gases_AR5,703.38463511875
United States,Arizona,1991,F_gases_AR5,2072.6633499151
United States,New Hampshire,1991,F_gases_AR5,354.66901122333
United States,New Jersey,1991,F_gases_AR5,3073.5371187084
United States,New Mexico,1991,F_gases_AR5,754.49308272921
United States,New York,1991,F_gases_AR5,4448.4538731888
United States,North Carolina,1991,F_gases_AR5,3432.5971396518
United States,North Dakota,1991,F_gases_AR5,597.48106718633
United States,Ohio,1991,F_gases_AR5,5071.7905209025
United States,Oklahoma,1991,F_gases_AR5,1984.3862677784
United States,Oregon,1991,F_gases_AR5,3280.279175544
United States,Pennsylvania,1991,F_gases_AR5,3938.5018886761
United States,Arkansas,1991,F_gases_AR5,1346.5626982232
United States,Rhode Island,1991,F_gases_AR5,469.70055293201
United States,South Carolina,1991,F_gases_AR5,2085.0774473403
United States,South Dakota,1991,F_gases_AR5,380.55525535051
United States,Tennessee,1991,F_gases_AR5,3225.636720976
United States,Texas,1991,F_gases_AR5,11860.004544455
United States,Utah,1991,F_gases_AR5,914.93066888301
United States,Vermont,1991,F_gases_AR5,181.54430907547
United States,Virginia,1991,F_gases_AR5,2681.6522929767
United States,Washington,1991,F_gases_AR5,8917.5287453219
United States,West Virginia,1991,F_gases_AR5,1295.190491769
United States,California,1991,F_gases_AR5,17454.303844934
United States,Wisconsin,1991,F_gases_AR5,3258.8037171197
United States,Wyoming,1991,F_gases_AR5,230.90724559554
United States,Colorado,1991,F_gases_AR5,1978.2269266715
United States,Connecticut,1991,F_gases_AR5,892.69277531375
United States,Delaware,1991,F_gases_AR5,372.31710419076
United States,District of Columbia,1991,F_gases_AR5,82.486990175051
United States,Alabama,1992,F_gases_AR5,2601.4091364416
United States,Florida,1992,F_gases_AR5,6502.2443174321
United States,Georgia,1992,F_gases_AR5,4393.705014076
United States,Hawaii,1992,F_gases_AR5,312.47398652095
United States,Idaho,1992,F_gases_AR5,578.96979757018
United States,Illinois,1992,F_gases_AR5,7020.7151100092
United States,Indiana,1992,F_gases_AR5,3476.5114524536
United States,Iowa,1992,F_gases_AR5,3457.7249561551
United States,Kansas,1992,F_gases_AR5,1726.9963326261
United States,Kentucky,1992,F_gases_AR5,3071.8999324707
United States,Louisiana,1992,F_gases_AR5,2391.9362355622
United States,Alaska,1992,F_gases_AR5,217.59405076032
United States,Maine,1992,F_gases_AR5,477.24754359781
United States,Maryland,1992,F_gases_AR5,4027.1965338606
United States,Massachusetts,1992,F_gases_AR5,1913.7049377554
United States,Michigan,1992,F_gases_AR5,4200.5685709862
United States,Minnesota,1992,F_gases_AR5,2580.656633605
United States,Mississippi,1992,F_gases_AR5,1244.8606453992
United States,Missouri,1992,F_gases_AR5,2824.6906292949
United States,Montana,1992,F_gases_AR5,1305.1903978936
United States,Nebraska,1992,F_gases_AR5,1090.1848018234
United States,Nevada,1992,F_gases_AR5,766.83982016293
United States,Arizona,1992,F_gases_AR5,2259.6467297567
United States,New Hampshire,1992,F_gases_AR5,386.66514337201
United States,New Jersey,1992,F_gases_AR5,3350.8133867276
United States,New Mexico,1992,F_gases_AR5,822.55896843206
United States,New York,1992,F_gases_AR5,4801.1982304556
United States,North Carolina,1992,F_gases_AR5,3688.8553466341
United States,North Dakota,1992,F_gases_AR5,651.38226119279
United States,Ohio,1992,F_gases_AR5,5529.3373451302
United States,Oklahoma,1992,F_gases_AR5,2163.4058134637
United States,Oregon,1992,F_gases_AR5,3407.2076662481
United States,Pennsylvania,1992,F_gases_AR5,4293.8101420339
United States,Arkansas,1992,F_gases_AR5,1448.6738180446
United States,Rhode Island,1992,F_gases_AR5,512.07414771009
United States,South Carolina,1992,F_gases_AR5,2240.3128616385
United States,South Dakota,1992,F_gases_AR5,414.88669073042
United States,Tennessee,1992,F_gases_AR5,3451.1616896042
United States,Texas,1992,F_gases_AR5,12878.17679968
United States,Utah,1992,F_gases_AR5,997.47028092154
United States,Vermont,1992,F_gases_AR5,197.92215862027
United States,Virginia,1992,F_gases_AR5,2923.5750390518
United States,Washington,1992,F_gases_AR5,9138.715233631
United States,West Virginia,1992,F_gases_AR5,1329.3553883686
United States,California,1992,F_gases_AR5,18947.352684498
United States,Wisconsin,1992,F_gases_AR5,3552.7936375245
United States,Wyoming,1992,F_gases_AR5,251.73832615338
United States,Colorado,1992,F_gases_AR5,2156.6908131766
United States,Connecticut,1992,F_gases_AR5,973.22621664428
United States,Delaware,1992,F_gases_AR5,405.90534249162
United States,District of Columbia,1992,F_gases_AR5,89.928476616408
United States,Alabama,1993,F_gases_AR5,2739.0452907949
United States,Florida,1993,F_gases_AR5,6823.1571021142
United States,Georgia,1993,F_gases_AR5,4796.7663616652
United States,Hawaii,1993,F_gases_AR5,301.91827529044
United States,Idaho,1993,F_gases_AR5,641.05518983468
United States,Illinois,1993,F_gases_AR5,7289.6180128265
United States,Indiana,1993,F_gases_AR5,3703.9422911226
United States,Iowa,1993,F_gases_AR5,3597.1720512702
United States,Kansas,1993,F_gases_AR5,1786.6141491434
United States,Kentucky,1993,F_gases_AR5,3090.9248297348
United States,Louisiana,1993,F_gases_AR5,2470.215066257
United States,Alaska,1993,F_gases_AR5,218.82574687586
United States,Maine,1993,F_gases_AR5,495.20884005656
United States,Maryland,1993,F_gases_AR5,3980.4431044915
United States,Massachusetts,1993,F_gases_AR5,1931.9443732597
United States,Michigan,1993,F_gases_AR5,4415.3749952435
United States,Minnesota,1993,F_gases_AR5,2733.5142581865
United States,Mississippi,1993,F_gases_AR5,1344.2052343153
United States,Missouri,1993,F_gases_AR5,2935.818853486
United States,Montana,1993,F_gases_AR5,1255.4984876562
United States,Nebraska,1993,F_gases_AR5,1142.6112954484
United States,Nevada,1993,F_gases_AR5,907.13332113678
United States,Arizona,1993,F_gases_AR5,2438.3870470885
United States,New Hampshire,1993,F_gases_AR5,400.4698087867
United States,New Jersey,1993,F_gases_AR5,3428.3402526804
United States,New Mexico,1993,F_gases_AR5,863.45801928714
United States,New York,1993,F_gases_AR5,4800.7700593819
United States,North Carolina,1993,F_gases_AR5,3966.4599517302
United States,North Dakota,1993,F_gases_AR5,676.60737582109
United States,Ohio,1993,F_gases_AR5,5858.5061277448
United States,Oklahoma,1993,F_gases_AR5,2226.7906468991
United States,Oregon,1993,F_gases_AR5,3376.5653210986
United States,Pennsylvania,1993,F_gases_AR5,4500.8074090484
United States,Arkansas,1993,F_gases_AR5,1540.3110000589
United States,Rhode Island,1993,F_gases_AR5,509.6781799678
United States,South Carolina,1993,F_gases_AR5,2342.0232590026
United States,South Dakota,1993,F_gases_AR5,454.6119693313
United States,Tennessee,1993,F_gases_AR5,3620.1467595724
United States,Texas,1993,F_gases_AR5,13464.939119714
United States,Utah,1993,F_gases_AR5,1096.390892325
United States,Vermont,1993,F_gases_AR5,207.82501828852
United States,Virginia,1993,F_gases_AR5,3103.9074033577
United States,Washington,1993,F_gases_AR5,8861.961791756
United States,West Virginia,1993,F_gases_AR5,1286.3414867823
United States,California,1993,F_gases_AR5,19545.616258705
United States,Wisconsin,1993,F_gases_AR5,3849.7412329457
United States,Wyoming,1993,F_gases_AR5,262.9455417002
United States,Colorado,1993,F_gases_AR5,2264.8797563835
United States,Connecticut,1993,F_gases_AR5,989.40706903578
United States,Delaware,1993,F_gases_AR5,434.72354141709
United States,District of Columbia,1993,F_gases_AR5,89.030866606955
United States,Alabama,1994,F_gases_AR5,2957.5392164552
United States,Florida,1994,F_gases_AR5,7445.9236718904
United States,Georgia,1994,F_gases_AR5,5234.5791935207
United States,Hawaii,1994,F_gases_AR5,329.47510944235
United States,Idaho,1994,F_gases_AR5,699.56589618891
United States,Illinois,1994,F_gases_AR5,7954.959633558
United States,Indiana,1994,F_gases_AR5,4042.0103438978
United States,Iowa,1994,F_gases_AR5,3747.1164793543
United States,Kansas,1994,F_gases_AR5,1949.6828794282
United States,Kentucky,1994,F_gases_AR5,3127.1079990463
United States,Louisiana,1994,F_gases_AR5,2695.6777575595
United States,Alaska,1994,F_gases_AR5,238.79851867652
United States,Maine,1994,F_gases_AR5,540.40778623784
United States,Maryland,1994,F_gases_AR5,3982.2500329861
United States,Massachusetts,1994,F_gases_AR5,2108.2777556407
United States,Michigan,1994,F_gases_AR5,4818.3772856658
United States,Minnesota,1994,F_gases_AR5,2983.0089235633
United States,Mississippi,1994,F_gases_AR5,1466.8941993093
United States,Missouri,1994,F_gases_AR5,3203.7783639453
United States,Montana,1994,F_gases_AR5,1211.2962146559
United States,Nebraska,1994,F_gases_AR5,1246.9002787453
United States,Nevada,1994,F_gases_AR5,989.92964229418
United States,Arizona,1994,F_gases_AR5,2660.9447156832
United States,New Hampshire,1994,F_gases_AR5,437.02168724774
United States,New Jersey,1994,F_gases_AR5,3741.2534198894
United States,New Mexico,1994,F_gases_AR5,942.2679866922
United States,New York,1994,F_gases_AR5,5159.9430521756
United States,North Carolina,1994,F_gases_AR5,4241.6100304525
United States,North Dakota,1994,F_gases_AR5,738.36301887888
United States,Ohio,1994,F_gases_AR5,6393.2265966693
United States,Oklahoma,1994,F_gases_AR5,2430.0353841996
United States,Oregon,1994,F_gases_AR5,3409.8502683173
United States,Pennsylvania,1994,F_gases_AR5,4911.6073289986
United States,Arkansas,1994,F_gases_AR5,1649.3934566378
United States,Rhode Island,1994,F_gases_AR5,556.19777889804
United States,South Carolina,1994,F_gases_AR5,2502.3218006916
United States,South Dakota,1994,F_gases_AR5,496.10553784842
United States,Tennessee,1994,F_gases_AR5,3844.0657112791
United States,Texas,1994,F_gases_AR5,14609.712275209
United States,Utah,1994,F_gases_AR5,1196.4612241272
United States,Vermont,1994,F_gases_AR5,226.79372614857
United States,Virginia,1994,F_gases_AR5,3387.208775078
United States,Washington,1994,F_gases_AR5,8634.248329389
United States,West Virginia,1994,F_gases_AR5,1269.2593619751
United States,California,1994,F_gases_AR5,21046.798327677
United States,Wisconsin,1994,F_gases_AR5,4201.1167188515
United States,Wyoming,1994,F_gases_AR5,286.94523723584
United States,Colorado,1994,F_gases_AR5,2471.6009817238
United States,Connecticut,1994,F_gases_AR5,1079.7127204042
United States,Delaware,1994,F_gases_AR5,474.40184350475
United States,District of Columbia,1994,F_gases_AR5,97.156935898814
United States,Alabama,1995,F_gases_AR5,3373.4838264222
United States,Florida,1995,F_gases_AR5,8552.5579350224
United States,Georgia,1995,F_gases_AR5,6012.5571777024
United States,Hawaii,1995,F_gases_AR5,378.44263328825
United States,Idaho,1995,F_gases_AR5,803.53736086614
United States,Illinois,1995,F_gases_AR5,9137.2482629139
United States,Indiana,1995,F_gases_AR5,4642.745368268
United States,Iowa,1995,F_gases_AR5,4133.6225254888
United States,Kansas,1995,F_gases_AR5,2239.4502705126
United States,Kentucky,1995,F_gases_AR5,2889.9817861048
United States,Louisiana,1995,F_gases_AR5,3096.3170201053
United States,Alaska,1995,F_gases_AR5,274.28943080475
United States,Maine,1995,F_gases_AR5,620.72472187496
United States,Maryland,1995,F_gases_AR5,4521.4228774635
United States,Massachusetts,1995,F_gases_AR5,2421.6159663719
United States,Michigan,1995,F_gases_AR5,5534.4981636094
United States,Minnesota,1995,F_gases_AR5,3426.3521577286
United States,Mississippi,1995,F_gases_AR5,1684.9081694865
United States,Missouri,1995,F_gases_AR5,3679.932977564
United States,Montana,1995,F_gases_AR5,1207.3378578163
United States,Nebraska,1995,F_gases_AR5,1432.2181294207
United States,Nevada,1995,F_gases_AR5,1137.0557892339
United States,Arizona,1995,F_gases_AR5,3056.4218551806
United States,New Hampshire,1995,F_gases_AR5,501.97308806129
United States,New Jersey,1995,F_gases_AR5,4297.2890984634
United States,New Mexico,1995,F_gases_AR5,1082.3105233976
United States,New York,1995,F_gases_AR5,5777.661096051
United States,North Carolina,1995,F_gases_AR5,4573.0164896827
United States,North Dakota,1995,F_gases_AR5,848.10062180458
United States,Ohio,1995,F_gases_AR5,7343.4060392213
United States,Oklahoma,1995,F_gases_AR5,2791.1941249117
United States,Oregon,1995,F_gases_AR5,3584.9787062364
United States,Pennsylvania,1995,F_gases_AR5,5641.5843200118
United States,Arkansas,1995,F_gases_AR5,1870.9177390839
United States,Rhode Island,1995,F_gases_AR5,638.86146796191
United States,South Carolina,1995,F_gases_AR5,2690.2278697541
United States,South Dakota,1995,F_gases_AR5,569.83814786499
United States,Tennessee,1995,F_gases_AR5,4237.1636504034
United States,Texas,1995,F_gases_AR5,16491.255256923
United States,Utah,1995,F_gases_AR5,1374.2826796609
United States,Vermont,1995,F_gases_AR5,260.50045201347
United States,Virginia,1995,F_gases_AR5,3890.6253358781
United States,Washington,1995,F_gases_AR5,9253.3415890967
United States,West Virginia,1995,F_gases_AR5,1187.2013644366
United States,California,1995,F_gases_AR5,23904.685146434
United States,Wisconsin,1995,F_gases_AR5,4825.49858326
United States,Wyoming,1995,F_gases_AR5,329.5918510289
United States,Colorado,1995,F_gases_AR5,2838.9373192547
United States,Connecticut,1995,F_gases_AR5,1240.1826826803
United States,Delaware,1995,F_gases_AR5,544.90878900263
United States,District of Columbia,1995,F_gases_AR5,111.59667486262
United States,Alabama,1996,F_gases_AR5,3557.9294166802
United States,Florida,1996,F_gases_AR5,9018.2553616356
United States,Georgia,1996,F_gases_AR5,6339.9484010409
United States,Hawaii,1996,F_gases_AR5,399.04930579278
United States,Idaho,1996,F_gases_AR5,847.29097048631
United States,Illinois,1996,F_gases_AR5,9634.7828057598
United States,Indiana,1996,F_gases_AR5,4895.5486333086
United States,Iowa,1996,F_gases_AR5,4545.4640468305
United States,Kansas,1996,F_gases_AR5,2361.3911256263
United States,Kentucky,1996,F_gases_AR5,3050.4349915817
United States,Louisiana,1996,F_gases_AR5,3264.9153364449
United States,Alaska,1996,F_gases_AR5,289.22483177408
United States,Maine,1996,F_gases_AR5,654.52395571921
United States,Maryland,1996,F_gases_AR5,4777.4739317371
United States,Massachusetts,1996,F_gases_AR5,2553.4759704026
United States,Michigan,1996,F_gases_AR5,5835.8584784965
United States,Minnesota,1996,F_gases_AR5,3612.9212981714
United States,Mississippi,1996,F_gases_AR5,1776.6535168517
United States,Missouri,1996,F_gases_AR5,3880.3099093288
United States,Montana,1996,F_gases_AR5,1276.5356509441
United States,Nebraska,1996,F_gases_AR5,1510.2041895313
United States,Nevada,1996,F_gases_AR5,1198.9698924747
United States,Arizona,1996,F_gases_AR5,3222.8478301247
United States,New Hampshire,1996,F_gases_AR5,529.30614761087
United States,New Jersey,1996,F_gases_AR5,4531.2818395558
United States,New Mexico,1996,F_gases_AR5,1141.2436787614
United States,New York,1996,F_gases_AR5,6093.6679797251
United States,North Carolina,1996,F_gases_AR5,4822.8373310171
United States,North Dakota,1996,F_gases_AR5,894.28075645951
United States,Ohio,1996,F_gases_AR5,7743.2636398389
United States,Oklahoma,1996,F_gases_AR5,2943.1781197615
United States,Oregon,1996,F_gases_AR5,3786.0984349634
United States,Pennsylvania,1996,F_gases_AR5,5948.7756094262
United States,Arkansas,1996,F_gases_AR5,1973.5467353468
United States,Rhode Island,1996,F_gases_AR5,673.64827020898
United States,South Carolina,1996,F_gases_AR5,2837.2152958798
United States,South Dakota,1996,F_gases_AR5,600.86654440587
United States,Tennessee,1996,F_gases_AR5,4469.9034662165
United States,Texas,1996,F_gases_AR5,17390.013977631
United States,Utah,1996,F_gases_AR5,1449.1140824084
United States,Vermont,1996,F_gases_AR5,274.68502592175
United States,Virginia,1996,F_gases_AR5,4102.4747288433
United States,Washington,1996,F_gases_AR5,9951.9825827751
United States,West Virginia,1996,F_gases_AR5,1254.1501746878
United States,California,1996,F_gases_AR5,25502.40893538
United States,Wisconsin,1996,F_gases_AR5,5088.2529883658
United States,Wyoming,1996,F_gases_AR5,347.53853762524
United States,Colorado,1996,F_gases_AR5,2993.5209904718
United States,Connecticut,1996,F_gases_AR5,1307.7121736516
United States,Delaware,1996,F_gases_AR5,574.57975091898
United States,District of Columbia,1996,F_gases_AR5,117.67325273523
United States,Alabama,1997,F_gases_AR5,3708.0454680508
United States,Florida,1997,F_gases_AR5,9424.8086760187
United States,Georgia,1997,F_gases_AR5,6625.7605600563
United States,Hawaii,1997,F_gases_AR5,417.03890703677
United States,Idaho,1997,F_gases_AR5,885.48782103941
United States,Illinois,1997,F_gases_AR5,10069.129885762
United States,Indiana,1997,F_gases_AR5,5116.2455910663
United States,Iowa,1997,F_gases_AR5,4591.6706775872
United States,Kansas,1997,F_gases_AR5,2467.8453509926
United States,Kentucky,1997,F_gases_AR5,3193.992302571
United States,Louisiana,1997,F_gases_AR5,3412.1014714548
United States,Alaska,1997,F_gases_AR5,302.2634195324
United States,Maine,1997,F_gases_AR5,684.03064774224
United States,Maryland,1997,F_gases_AR5,4858.7760320997
United States,Massachusetts,1997,F_gases_AR5,2668.5896012919
United States,Michigan,1997,F_gases_AR5,6098.9456845648
United States,Minnesota,1997,F_gases_AR5,3775.795941822
United States,Mississippi,1997,F_gases_AR5,1856.7470989051
United States,Missouri,1997,F_gases_AR5,4055.2387388208
United States,Montana,1997,F_gases_AR5,1287.065643015
United States,Nebraska,1997,F_gases_AR5,1578.2859297381
United States,Nevada,1997,F_gases_AR5,1253.0208329377
United States,Arizona,1997,F_gases_AR5,3368.1375136109
United States,New Hampshire,1997,F_gases_AR5,553.16787695932
United States,New Jersey,1997,F_gases_AR5,4735.5572316801
United States,New Mexico,1997,F_gases_AR5,1192.6922551781
United States,New York,1997,F_gases_AR5,6349.2427918721
United States,North Carolina,1997,F_gases_AR5,5029.1811377883
United States,North Dakota,1997,F_gases_AR5,934.59596055922
United States,Ohio,1997,F_gases_AR5,8092.3388623382
United States,Oklahoma,1997,F_gases_AR5,3075.8599713422
United States,Oregon,1997,F_gases_AR5,3944.3600274714
United States,Pennsylvania,1997,F_gases_AR5,6216.9532495074
United States,Arkansas,1997,F_gases_AR5,2052.2369948632
United States,Rhode Island,1997,F_gases_AR5,704.01710830453
United States,South Carolina,1997,F_gases_AR5,2958.304688106
United States,South Dakota,1997,F_gases_AR5,627.95429867033
United States,Tennessee,1997,F_gases_AR5,4706.5636436553
United States,Texas,1997,F_gases_AR5,18163.241324975
United States,Utah,1997,F_gases_AR5,1514.4418103887
United States,Vermont,1997,F_gases_AR5,287.06814252488
United States,Virginia,1997,F_gases_AR5,4287.4190036838
United States,Washington,1997,F_gases_AR5,10016.325846057
United States,West Virginia,1997,F_gases_AR5,1343.2669530913
United States,California,1997,F_gases_AR5,26400.47641367
United States,Wisconsin,1997,F_gases_AR5,5317.6372798819
United States,Wyoming,1997,F_gases_AR5,363.20597425034
United States,Colorado,1997,F_gases_AR5,3128.4723565119
United States,Connecticut,1997,F_gases_AR5,1366.6653411033
United States,Delaware,1997,F_gases_AR5,600.48246632747
United States,District of Columbia,1997,F_gases_AR5,122.9780981843
United States,Alabama,1998,F_gases_AR5,4069.4135568089
United States,Florida,1998,F_gases_AR5,10259.741034234
United States,Georgia,1998,F_gases_AR5,7502.823161946
United States,Hawaii,1998,F_gases_AR5,416.9382534037
United States,Idaho,1998,F_gases_AR5,1006.9754208763
United States,Illinois,1998,F_gases_AR5,10843.04384962
United States,Indiana,1998,F_gases_AR5,5649.9690591156
United States,Iowa,1998,F_gases_AR5,4673.7104821708
United States,Kansas,1998,F_gases_AR5,2645.6246081322
United States,Kentucky,1998,F_gases_AR5,3458.5507241694
United States,Louisiana,1998,F_gases_AR5,3647.718228546
United States,Alaska,1998,F_gases_AR5,314.47549231948
United States,Maine,1998,F_gases_AR5,734.90977963603
United States,Maryland,1998,F_gases_AR5,5213.1875461304
United States,Massachusetts,1998,F_gases_AR5,2786.6274959371
United States,Michigan,1998,F_gases_AR5,6637.955957039
United States,Minnesota,1998,F_gases_AR5,4138.8050942242
United States,Mississippi,1998,F_gases_AR5,2073.1715676418
United States,Missouri,1998,F_gases_AR5,4370.0184089504
United States,Montana,1998,F_gases_AR5,1152.5100701988
United States,Nebraska,1998,F_gases_AR5,1715.4181981705
United States,Nevada,1998,F_gases_AR5,1516.872176973
United States,Arizona,1998,F_gases_AR5,3759.0529497234
United States,New Hampshire,1998,F_gases_AR5,592.68049866775
United States,New Jersey,1998,F_gases_AR5,5013.3002988608
United States,New Mexico,1998,F_gases_AR5,1292.6064818479
United States,New York,1998,F_gases_AR5,6620.1217078799
United States,North Carolina,1998,F_gases_AR5,5729.8513764977
United States,North Dakota,1998,F_gases_AR5,1005.472577598
United States,Ohio,1998,F_gases_AR5,8889.8129561051
United States,Oklahoma,1998,F_gases_AR5,3277.9673544026
United States,Oregon,1998,F_gases_AR5,3848.2294836029
United States,Pennsylvania,1998,F_gases_AR5,6748.5791392818
United States,Arkansas,1998,F_gases_AR5,2285.9657503017
United States,Rhode Island,1998,F_gases_AR5,724.15509350427
United States,South Carolina,1998,F_gases_AR5,3273.3991027862
United States,South Dakota,1998,F_gases_AR5,710.09696494062
United States,Tennessee,1998,F_gases_AR5,5094.9565283625
United States,Texas,1998,F_gases_AR5,19788.623334899
United States,Utah,1998,F_gases_AR5,1707.5644015414
United States,Vermont,1998,F_gases_AR5,312.27722062016
United States,Virginia,1998,F_gases_AR5,4720.9289033971
United States,Washington,1998,F_gases_AR5,10152.796792449
United States,West Virginia,1998,F_gases_AR5,1302.7191560457
United States,California,1998,F_gases_AR5,27761.88132172
United States,Wisconsin,1998,F_gases_AR5,5948.2661323549
United States,Wyoming,1998,F_gases_AR5,390.9311616175
United States,Colorado,1998,F_gases_AR5,3402.9707180479
United States,Connecticut,1998,F_gases_AR5,1436.4199458206
United States,Delaware,1998,F_gases_AR5,665.20856120845
United States,District of Columbia,1998,F_gases_AR5,125.56277105311
United States,Alabama,1999,F_gases_AR5,4096.4894054398
United States,Florida,1999,F_gases_AR5,10383.61868373
United States,Georgia,1999,F_gases_AR5,7593.4133722432
United States,Hawaii,1999,F_gases_AR5,421.97242830581
United States,Idaho,1999,F_gases_AR5,1019.133792888
United States,Illinois,1999,F_gases_AR5,10973.96438465
United States,Indiana,1999,F_gases_AR5,5718.187631537
United States,Iowa,1999,F_gases_AR5,4535.7477246754
United States,Kansas,1999,F_gases_AR5,2677.568275795
United States,Kentucky,1999,F_gases_AR5,3502.030608171
United States,Louisiana,1999,F_gases_AR5,3691.7613246308
United States,Alaska,1999,F_gases_AR5,318.27251650193
United States,Maine,1999,F_gases_AR5,743.78319035752
United States,Maryland,1999,F_gases_AR5,5113.5576759278
United States,Massachusetts,1999,F_gases_AR5,2820.2736535805
United States,Michigan,1999,F_gases_AR5,6718.1036312027
United States,Minnesota,1999,F_gases_AR5,4188.7776466584
United States,Mississippi,1999,F_gases_AR5,2098.2033515771
United States,Missouri,1999,F_gases_AR5,4422.7826655674
United States,Montana,1999,F_gases_AR5,1111.3023950613
United States,Nebraska,1999,F_gases_AR5,1736.1304143544
United States,Nevada,1999,F_gases_AR5,1535.1871187675
United States,Arizona,1999,F_gases_AR5,3804.4403179025
United States,New Hampshire,1999,F_gases_AR5,599.83661175404
United States,New Jersey,1999,F_gases_AR5,5073.8316373389
United States,New Mexico,1999,F_gases_AR5,1308.2136060589
United States,New York,1999,F_gases_AR5,6660.113830481
United States,North Carolina,1999,F_gases_AR5,5778.1831095069
United States,North Dakota,1999,F_gases_AR5,1017.612804055
United States,Ohio,1999,F_gases_AR5,8997.1498888588
United States,Oklahoma,1999,F_gases_AR5,3317.5460230682
United States,Oregon,1999,F_gases_AR5,3895.4254576051
United States,Pennsylvania,1999,F_gases_AR5,6830.0624943121
United States,Arkansas,1999,F_gases_AR5,2291.5079830712
United States,Rhode Island,1999,F_gases_AR5,732.89865053505
United States,South Carolina,1999,F_gases_AR5,3300.0910134063
United States,South Dakota,1999,F_gases_AR5,718.67078202211
United States,Tennessee,1999,F_gases_AR5,5210.0768882345
United States,Texas,1999,F_gases_AR5,20007.344365647
United States,Utah,1999,F_gases_AR5,1728.1817898088
United States,Vermont,1999,F_gases_AR5,316.04770254095
United States,Virginia,1999,F_gases_AR5,4777.9301058679
United States,Washington,1999,F_gases_AR5,9769.9847623537
United States,West Virginia,1999,F_gases_AR5,1366.9495848465
United States,California,1999,F_gases_AR5,27788.897081324
United States,Wisconsin,1999,F_gases_AR5,6020.0863883042
United States,Wyoming,1999,F_gases_AR5,395.65132299919
United States,Colorado,1999,F_gases_AR5,3444.0586960435
United States,Connecticut,1999,F_gases_AR5,1453.7634953297
United States,Delaware,1999,F_gases_AR5,673.2403889819
United States,District of Columbia,1999,F_gases_AR5,127.07883475202
United States,Alabama,2000,F_gases_AR5,4190.8967302077
United States,Florida,2000,F_gases_AR5,10615.997632294
United States,Georgia,2000,F_gases_AR5,7763.3492557924
United States,Hawaii,2000,F_gases_AR5,431.4159096392
United States,Idaho,2000,F_gases_AR5,1041.941375336
United States,Illinois,2000,F_gases_AR5,11219.554904002
United States,Indiana,2000,F_gases_AR5,5846.1571256011
United States,Iowa,2000,F_gases_AR5,4036.5299235835
United States,Kansas,2000,F_gases_AR5,2737.4905937837
United States,Kentucky,2000,F_gases_AR5,3486.8714217878
United States,Louisiana,2000,F_gases_AR5,3774.3806542787
United States,Alaska,2000,F_gases_AR5,325.39525810044
United States,Maine,2000,F_gases_AR5,760.42859703121
United States,Maryland,2000,F_gases_AR5,4969.8311149826
United States,Massachusetts,2000,F_gases_AR5,2883.3896294502
United States,Michigan,2000,F_gases_AR5,6868.450625417
United States,Minnesota,2000,F_gases_AR5,4282.5198934558
United States,Mississippi,2000,F_gases_AR5,2145.1598417531
United States,Missouri,2000,F_gases_AR5,4521.761799611
United States,Montana,2000,F_gases_AR5,1085.9521168698
United States,Nebraska,2000,F_gases_AR5,1774.9839366713
United States,Nevada,2000,F_gases_AR5,1569.5436547089
United States,Arizona,2000,F_gases_AR5,3889.5813335617
United States,New Hampshire,2000,F_gases_AR5,613.26058324178
United States,New Jersey,2000,F_gases_AR5,5187.380843737
United States,New Mexico,2000,F_gases_AR5,1337.4906155036
United States,New York,2000,F_gases_AR5,6809.9560368076
United States,North Carolina,2000,F_gases_AR5,5899.2841863798
United States,North Dakota,2000,F_gases_AR5,1040.3863477159
United States,Ohio,2000,F_gases_AR5,9198.5005253692
United States,Oklahoma,2000,F_gases_AR5,3391.790646271
United States,Oregon,2000,F_gases_AR5,3817.3462011374
United States,Pennsylvania,2000,F_gases_AR5,6982.9150584712
United States,Arkansas,2000,F_gases_AR5,2345.5209426488
United States,Rhode Island,2000,F_gases_AR5,749.30046795565
United States,South Carolina,2000,F_gases_AR5,3368.8920327499
United States,South Dakota,2000,F_gases_AR5,734.75418856631
United States,Tennessee,2000,F_gases_AR5,5225.0097977476
United States,Texas,2000,F_gases_AR5,20447.137898296
United States,Utah,2000,F_gases_AR5,1766.8574268364
United States,Vermont,2000,F_gases_AR5,323.12065418234
United States,Virginia,2000,F_gases_AR5,4884.8572194431
United States,Washington,2000,F_gases_AR5,8929.7588390882
United States,West Virginia,2000,F_gases_AR5,1291.361020841
United States,California,2000,F_gases_AR5,27458.426430503
United States,Wisconsin,2000,F_gases_AR5,6154.8121893753
United States,Wyoming,2000,F_gases_AR5,404.50575431424
United States,Colorado,2000,F_gases_AR5,3521.1345944329
United States,Connecticut,2000,F_gases_AR5,1486.2978210591
United States,Delaware,2000,F_gases_AR5,688.30709149553
United States,District of Columbia,2000,F_gases_AR5,129.92278028815
United States,Alabama,2001,F_gases_AR5,4048.4332917043
United States,Florida,2001,F_gases_AR5,10373.51699865
United States,Georgia,2001,F_gases_AR5,7586.026133468
United States,Hawaii,2001,F_gases_AR5,421.56191317491
United States,Idaho,2001,F_gases_AR5,1018.1423303793
United States,Illinois,2001,F_gases_AR5,10963.288382799
United States,Indiana,2001,F_gases_AR5,5712.6247028085
United States,Iowa,2001,F_gases_AR5,3933.1427592289
United States,Kansas,2001,F_gases_AR5,2674.9634082315
United States,Kentucky,2001,F_gases_AR5,3138.5685123411
United States,Louisiana,2001,F_gases_AR5,3688.1698011526
United States,Alaska,2001,F_gases_AR5,317.9628856469
United States,Maine,2001,F_gases_AR5,743.05960219567
United States,Maryland,2001,F_gases_AR5,4193.9413054092
United States,Massachusetts,2001,F_gases_AR5,2817.5299553424
United States,Michigan,2001,F_gases_AR5,6711.5679359617
United States,Minnesota,2001,F_gases_AR5,4184.7026017299
United States,Mississippi,2001,F_gases_AR5,2096.1621181558
United States,Missouri,2001,F_gases_AR5,4418.47996927
United States,Montana,2001,F_gases_AR5,923.8778111085
United States,Nebraska,2001,F_gases_AR5,1734.44142295
United States,Nevada,2001,F_gases_AR5,1533.693614693
United States,Arizona,2001,F_gases_AR5,3800.7391748649
United States,New Hampshire,2001,F_gases_AR5,599.25306176672
United States,New Jersey,2001,F_gases_AR5,5068.8955692003
United States,New Mexico,2001,F_gases_AR5,1306.940912765
United States,New York,2001,F_gases_AR5,6564.7008006069
United States,North Carolina,2001,F_gases_AR5,5707.1441613785
United States,North Dakota,2001,F_gases_AR5,1016.6228212376
United States,Ohio,2001,F_gases_AR5,8988.397027495
United States,Oklahoma,2001,F_gases_AR5,3314.3185542845
United States,Oregon,2001,F_gases_AR5,3361.6948743706
United States,Pennsylvania,2001,F_gases_AR5,6823.417880089
United States,Arkansas,2001,F_gases_AR5,2245.2078423215
United States,Rhode Island,2001,F_gases_AR5,732.18565137853
United States,South Carolina,2001,F_gases_AR5,3256.6235085254
United States,South Dakota,2001,F_gases_AR5,717.97162442232
United States,Tennessee,2001,F_gases_AR5,4896.9226001769
United States,Texas,2001,F_gases_AR5,19924.475454004
United States,Utah,2001,F_gases_AR5,1726.5005312098
United States,Vermont,2001,F_gases_AR5,315.74023609225
United States,Virginia,2001,F_gases_AR5,4773.2819050111
United States,Washington,2001,F_gases_AR5,7209.9062070969
United States,West Virginia,2001,F_gases_AR5,1031.808225366
United States,California,2001,F_gases_AR5,26813.508942561
United States,Wisconsin,2001,F_gases_AR5,6014.229757904
United States,Wyoming,2001,F_gases_AR5,395.26641430906
United States,Colorado,2001,F_gases_AR5,3440.7081496297
United States,Connecticut,2001,F_gases_AR5,1452.3492040833
United States,Delaware,2001,F_gases_AR5,672.58542825966
United States,District of Columbia,2001,F_gases_AR5,126.95520633229
United States,Alabama,2002,F_gases_AR5,4047.6373073845
United States,Florida,2002,F_gases_AR5,10398.23826842
United States,Georgia,2002,F_gases_AR5,7604.1044957584
United States,Hawaii,2002,F_gases_AR5,422.56654311688
United States,Idaho,2002,F_gases_AR5,1020.568679246
United States,Illinois,2002,F_gases_AR5,10989.415144794
United States,Indiana,2002,F_gases_AR5,5726.2385366116
United States,Iowa,2002,F_gases_AR5,3952.3455607651
United States,Kansas,2002,F_gases_AR5,2681.3381499944
United States,Kentucky,2002,F_gases_AR5,3166.1436076687
United States,Louisiana,2002,F_gases_AR5,3696.9591288824
United States,Alaska,2002,F_gases_AR5,318.72062733412
United States,Maine,2002,F_gases_AR5,744.83039766296
United States,Maryland,2002,F_gases_AR5,4557.7197074216
United States,Massachusetts,2002,F_gases_AR5,2824.2444493872
United States,Michigan,2002,F_gases_AR5,6727.5623650011
United States,Minnesota,2002,F_gases_AR5,4194.6752235454
United States,Mississippi,2002,F_gases_AR5,2101.1575106742
United States,Missouri,2002,F_gases_AR5,4429.0097091169
United States,Montana,2002,F_gases_AR5,939.16780311855
United States,Nebraska,2002,F_gases_AR5,1738.5747939487
United States,Nevada,2002,F_gases_AR5,1537.3485808533
United States,Arizona,2002,F_gases_AR5,3809.7967682037
United States,New Hampshire,2002,F_gases_AR5,600.68114990715
United States,New Jersey,2002,F_gases_AR5,5080.9753233298
United States,New Mexico,2002,F_gases_AR5,1310.0555014702
United States,New York,2002,F_gases_AR5,6563.6796887807
United States,North Carolina,2002,F_gases_AR5,5716.7080216836
United States,North Dakota,2002,F_gases_AR5,1019.0455489413
United States,Ohio,2002,F_gases_AR5,9009.8173989799
United States,Oklahoma,2002,F_gases_AR5,3322.2169520116
United States,Oregon,2002,F_gases_AR5,3424.6813908248
United States,Pennsylvania,2002,F_gases_AR5,6839.678860255
United States,Arkansas,2002,F_gases_AR5,2240.114566852
United States,Rhode Island,2002,F_gases_AR5,733.93053298539
United States,South Carolina,2002,F_gases_AR5,3261.9001584056
United States,South Dakota,2002,F_gases_AR5,719.68263238778
United States,Tennessee,2002,F_gases_AR5,4944.724469793
United States,Texas,2002,F_gases_AR5,19968.045043022
United States,Utah,2002,F_gases_AR5,1730.6149781612
United States,Vermont,2002,F_gases_AR5,316.49268095302
United States,Virginia,2002,F_gases_AR5,4784.6571781877
United States,Washington,2002,F_gases_AR5,7789.1665893098
United States,West Virginia,2002,F_gases_AR5,1069.9369351053
United States,California,2002,F_gases_AR5,26892.992212989
United States,Wisconsin,2002,F_gases_AR5,6028.5623508252
United States,Wyoming,2002,F_gases_AR5,396.20837908922
United States,Colorado,2002,F_gases_AR5,3448.9077481243
United States,Connecticut,2002,F_gases_AR5,1455.8103172698
United States,Delaware,2002,F_gases_AR5,674.18827576235
United States,District of Columbia,2002,F_gases_AR5,127.25775501514
United States,Alabama,2003,F_gases_AR5,3864.1612067448
United States,Florida,2003,F_gases_AR5,9927.9233195888
United States,Georgia,2003,F_gases_AR5,7352.076909575
United States,Hawaii,2003,F_gases_AR5,390.71268123677
United States,Idaho,2003,F_gases_AR5,976.1908341461
United States,Illinois,2003,F_gases_AR5,10442.868572022
United States,Indiana,2003,F_gases_AR5,5488.0662972629
United States,Iowa,2003,F_gases_AR5,4007.0510108955
United States,Kansas,2003,F_gases_AR5,2549.8703140887
United States,Kentucky,2003,F_gases_AR5,3073.6899549775
United States,Louisiana,2003,F_gases_AR5,3510.1014649941
United States,Alaska,2003,F_gases_AR5,297.81478104923
United States,Maine,2003,F_gases_AR5,703.64953055797
United States,Maryland,2003,F_gases_AR5,4047.5842386535
United States,Massachusetts,2003,F_gases_AR5,2623.7180805058
United States,Michigan,2003,F_gases_AR5,6341.6925073801
United States,Minnesota,2003,F_gases_AR5,3988.6281426793
United States,Mississippi,2003,F_gases_AR5,2040.3842450669
United States,Missouri,2003,F_gases_AR5,4205.5310154548
United States,Montana,2003,F_gases_AR5,885.62032569911
United States,Nebraska,2003,F_gases_AR5,1659.874000637
United States,Nevada,2003,F_gases_AR5,1565.3582645244
United States,Arizona,2003,F_gases_AR5,3733.8864586157
United States,New Hampshire,2003,F_gases_AR5,570.58165757505
United States,New Jersey,2003,F_gases_AR5,4778.1502569294
United States,New Mexico,2003,F_gases_AR5,1243.524378681
United States,New York,2003,F_gases_AR5,6086.3381323246
United States,North Carolina,2003,F_gases_AR5,5496.4900140501
United States,North Dakota,2003,F_gases_AR5,983.12263216247
United States,Ohio,2003,F_gases_AR5,8584.7279684978
United States,Oklahoma,2003,F_gases_AR5,3203.856034061
United States,Oregon,2003,F_gases_AR5,3236.9312013712
United States,Pennsylvania,2003,F_gases_AR5,6496.3181501714
United States,Arkansas,2003,F_gases_AR5,2126.6530747035
United States,Rhode Island,2003,F_gases_AR5,679.4551569899
United States,South Carolina,2003,F_gases_AR5,3154.8591552573
United States,South Dakota,2003,F_gases_AR5,707.57856066174
United States,Tennessee,2003,F_gases_AR5,4757.789317486
United States,Texas,2003,F_gases_AR5,19312.807509457
United States,Utah,2003,F_gases_AR5,1670.6222593245
United States,Vermont,2003,F_gases_AR5,299.29766869986
United States,Virginia,2003,F_gases_AR5,4581.1141044987
United States,Washington,2003,F_gases_AR5,6971.4719048624
United States,West Virginia,2003,F_gases_AR5,1050.9902542652
United States,California,2003,F_gases_AR5,25731.322567249
United States,Wisconsin,2003,F_gases_AR5,5783.7439953811
United States,Wyoming,2003,F_gases_AR5,385.90494398062
United States,Colorado,2003,F_gases_AR5,3323.4854125449
United States,Connecticut,2003,F_gases_AR5,1355.8252170091
United States,Delaware,2003,F_gases_AR5,642.43606724322
United States,District of Columbia,2003,F_gases_AR5,117.24873272713
United States,Alabama,2004,F_gases_AR5,4010.07126336
United States,Florida,2004,F_gases_AR5,10293.855985797
United States,Georgia,2004,F_gases_AR5,7623.0666240486
United States,Hawaii,2004,F_gases_AR5,405.11393400272
United States,Idaho,2004,F_gases_AR5,1012.1721872618
United States,Illinois,2004,F_gases_AR5,10827.781571087
United States,Indiana,2004,F_gases_AR5,5690.3505683878
United States,Iowa,2004,F_gases_AR5,3962.1327699612
United States,Kansas,2004,F_gases_AR5,2643.8558146294
United States,Kentucky,2004,F_gases_AR5,3122.7767696703
United States,Louisiana,2004,F_gases_AR5,3639.4800617459
United States,Alaska,2004,F_gases_AR5,308.7919162826
United States,Maine,2004,F_gases_AR5,729.5853018673
United States,Maryland,2004,F_gases_AR5,4436.300304587
United States,Massachusetts,2004,F_gases_AR5,2720.4255309637
United States,Michigan,2004,F_gases_AR5,6575.4405302845
United States,Minnesota,2004,F_gases_AR5,4135.6447224594
United States,Mississippi,2004,F_gases_AR5,2115.5906324303
United States,Missouri,2004,F_gases_AR5,4360.5424038155
United States,Montana,2004,F_gases_AR5,888.0917680122
United States,Nebraska,2004,F_gases_AR5,1721.055186175
United States,Nevada,2004,F_gases_AR5,1623.0557008229
United States,Arizona,2004,F_gases_AR5,3871.5135315832
United States,New Hampshire,2004,F_gases_AR5,591.61268899268
United States,New Jersey,2004,F_gases_AR5,4954.2677798774
United States,New Mexico,2004,F_gases_AR5,1289.3593611579
United States,New York,2004,F_gases_AR5,6311.8969788895
United States,North Carolina,2004,F_gases_AR5,5689.1668641782
United States,North Dakota,2004,F_gases_AR5,1019.3594839608
United States,Ohio,2004,F_gases_AR5,8901.1518864776
United States,Oklahoma,2004,F_gases_AR5,3321.9467508154
United States,Oregon,2004,F_gases_AR5,3260.1163630817
United States,Pennsylvania,2004,F_gases_AR5,6735.7655093729
United States,Arkansas,2004,F_gases_AR5,2208.5204344878
United States,Rhode Island,2004,F_gases_AR5,704.49914949092
United States,South Carolina,2004,F_gases_AR5,3265.0405699476
United States,South Dakota,2004,F_gases_AR5,733.6591518307
United States,Tennessee,2004,F_gases_AR5,4873.9130395248
United States,Texas,2004,F_gases_AR5,20015.044254915
United States,Utah,2004,F_gases_AR5,1732.1996142156
United States,Vermont,2004,F_gases_AR5,310.32946159065
United States,Virginia,2004,F_gases_AR5,4749.9690849916
United States,Washington,2004,F_gases_AR5,7391.0952239831
United States,West Virginia,2004,F_gases_AR5,1026.3292323519
United States,California,2004,F_gases_AR5,26374.388227388
United States,Wisconsin,2004,F_gases_AR5,5996.9266311415
United States,Wyoming,2004,F_gases_AR5,400.12898867839
United States,Colorado,2004,F_gases_AR5,3445.9855406147
United States,Connecticut,2004,F_gases_AR5,1405.7994886269
United States,Delaware,2004,F_gases_AR5,666.11557557413
United States,District of Columbia,2004,F_gases_AR5,121.57039597887
United States,Alabama,2005,F_gases_AR5,4032.2027448479
United States,Florida,2005,F_gases_AR5,10361.425538664
United States,Georgia,2005,F_gases_AR5,7673.1049385511
United States,Hawaii,2005,F_gases_AR5,407.7731287125
United States,Idaho,2005,F_gases_AR5,1018.8161525758
United States,Illinois,2005,F_gases_AR5,10898.855846879
United States,Indiana,2005,F_gases_AR5,5727.7024066194
United States,Iowa,2005,F_gases_AR5,3990.9259776026
United States,Kansas,2005,F_gases_AR5,2661.2102594055
United States,Kentucky,2005,F_gases_AR5,3083.3768499917
United States,Louisiana,2005,F_gases_AR5,3663.3698500604
United States,Alaska,2005,F_gases_AR5,310.81884688479
United States,Maine,2005,F_gases_AR5,734.37434813853
United States,Maryland,2005,F_gases_AR5,4183.0283613227
United States,Massachusetts,2005,F_gases_AR5,2738.2825844321
United States,Michigan,2005,F_gases_AR5,6618.6021576811
United States,Minnesota,2005,F_gases_AR5,4162.7913684876
United States,Mississippi,2005,F_gases_AR5,2129.4775095422
United States,Missouri,2005,F_gases_AR5,4389.1652931282
United States,Montana,2005,F_gases_AR5,847.62373340889
United States,Nebraska,2005,F_gases_AR5,1732.3523064718
United States,Nevada,2005,F_gases_AR5,1633.7095460034
United States,Arizona,2005,F_gases_AR5,3896.9264029706
United States,New Hampshire,2005,F_gases_AR5,595.49607388953
United States,New Jersey,2005,F_gases_AR5,4986.7879219049
United States,New Mexico,2005,F_gases_AR5,1297.8228014507
United States,New York,2005,F_gases_AR5,6337.3071945514
United States,North Carolina,2005,F_gases_AR5,5700.6226620282
United States,North Dakota,2005,F_gases_AR5,1026.0506271667
United States,Ohio,2005,F_gases_AR5,8959.5796373417
United States,Oklahoma,2005,F_gases_AR5,3343.7522294338
United States,Oregon,2005,F_gases_AR5,3219.6933271602
United States,Pennsylvania,2005,F_gases_AR5,6779.9795205571
United States,Arkansas,2005,F_gases_AR5,2218.8264169458
United States,Rhode Island,2005,F_gases_AR5,709.12352859549
United States,South Carolina,2005,F_gases_AR5,3270.5412692583
United States,South Dakota,2005,F_gases_AR5,738.47493912307
United States,Tennessee,2005,F_gases_AR5,4891.6144642205
United States,Texas,2005,F_gases_AR5,20121.332623505
United States,Utah,2005,F_gases_AR5,1743.5698872765
United States,Vermont,2005,F_gases_AR5,312.36648474213
United States,Virginia,2005,F_gases_AR5,4781.148196847
United States,Washington,2005,F_gases_AR5,6941.6193418049
United States,West Virginia,2005,F_gases_AR5,1010.790688865
United States,California,2005,F_gases_AR5,26551.927504962
United States,Wisconsin,2005,F_gases_AR5,6036.2908549659
United States,Wyoming,2005,F_gases_AR5,402.75546187671
United States,Colorado,2005,F_gases_AR5,3468.6052180695
United States,Connecticut,2005,F_gases_AR5,1415.0272496328
United States,Delaware,2005,F_gases_AR5,670.48800235582
United States,District of Columbia,2005,F_gases_AR5,122.36839211457
United States,Alabama,2006,F_gases_AR5,3429.3467087638
United States,Florida,2006,F_gases_AR5,8826.119964401
United States,Georgia,2006,F_gases_AR5,6536.1416181948
United States,Hawaii,2006,F_gases_AR5,347.35129243033
United States,Idaho,2006,F_gases_AR5,867.85293690997
United States,Illinois,2006,F_gases_AR5,9283.9164669293
United States,Indiana,2006,F_gases_AR5,4878.9993589752
United States,Iowa,2006,F_gases_AR5,3533.93755973
United States,Kansas,2006,F_gases_AR5,2266.8850837523
United States,Kentucky,2006,F_gases_AR5,2649.3699024933
United States,Louisiana,2006,F_gases_AR5,3120.5495469662
United States,Alaska,2006,F_gases_AR5,264.76322389859
United States,Maine,2006,F_gases_AR5,625.55833377007
United States,Maryland,2006,F_gases_AR5,3586.5644970453
United States,Massachusetts,2006,F_gases_AR5,2332.5372070129
United States,Michigan,2006,F_gases_AR5,5637.8899237709
United States,Minnesota,2006,F_gases_AR5,3545.9692170679
United States,Mississippi,2006,F_gases_AR5,1813.941903127
United States,Missouri,2006,F_gases_AR5,3738.8001560381
United States,Montana,2006,F_gases_AR5,712.81676221783
United States,Nebraska,2006,F_gases_AR5,1475.6607785745
United States,Nevada,2006,F_gases_AR5,1391.6344219438
United States,Arizona,2006,F_gases_AR5,3319.4988273297
United States,New Hampshire,2006,F_gases_AR5,507.25836583644
United States,New Jersey,2006,F_gases_AR5,4247.8699742152
United States,New Mexico,2006,F_gases_AR5,1105.5177393685
United States,New York,2006,F_gases_AR5,5394.2533842407
United States,North Carolina,2006,F_gases_AR5,4865.7296970582
United States,North Dakota,2006,F_gases_AR5,874.01544228919
United States,Ohio,2006,F_gases_AR5,7631.992761488
United States,Oklahoma,2006,F_gases_AR5,2848.2913087673
United States,Oregon,2006,F_gases_AR5,2736.0684242233
United States,Pennsylvania,2006,F_gases_AR5,5775.3551749534
United States,Arkansas,2006,F_gases_AR5,1884.6676536526
United States,Rhode Island,2006,F_gases_AR5,604.04905769076
United States,South Carolina,2006,F_gases_AR5,2791.957646276
United States,South Dakota,2006,F_gases_AR5,629.05131915315
United States,Tennessee,2006,F_gases_AR5,4172.4734652304
United States,Texas,2006,F_gases_AR5,17149.347625256
United States,Utah,2006,F_gases_AR5,1485.2161928873
United States,Vermont,2006,F_gases_AR5,266.08154031551
United States,Virginia,2006,F_gases_AR5,4072.7009421129
United States,Washington,2006,F_gases_AR5,6060.017160685
United States,West Virginia,2006,F_gases_AR5,869.71833336614
United States,California,2006,F_gases_AR5,22830.613936683
United States,Wisconsin,2006,F_gases_AR5,5141.8626739284
United States,Wyoming,2006,F_gases_AR5,343.0771190293
United States,Colorado,2006,F_gases_AR5,2954.644189604
United States,Connecticut,2006,F_gases_AR5,1205.3554032263
United States,Delaware,2006,F_gases_AR5,571.13835556714
United States,District of Columbia,2006,F_gases_AR5,104.23643972771
United States,Alabama,2007,F_gases_AR5,3474.6031782821
United States,Florida,2007,F_gases_AR5,8934.6863443268
United States,Georgia,2007,F_gases_AR5,6616.5399401111
United States,Hawaii,2007,F_gases_AR5,351.62391420908
United States,Idaho,2007,F_gases_AR5,878.52802993481
United States,Illinois,2007,F_gases_AR5,9398.1140085913
United States,Indiana,2007,F_gases_AR5,4939.0138727367
United States,Iowa,2007,F_gases_AR5,3476.8311334977
United States,Kansas,2007,F_gases_AR5,2294.7690812782
United States,Kentucky,2007,F_gases_AR5,2811.5519430257
United States,Louisiana,2007,F_gases_AR5,3158.9341110849
United States,Alaska,2007,F_gases_AR5,268.01996467167
United States,Maine,2007,F_gases_AR5,633.25306305132
United States,Maryland,2007,F_gases_AR5,3882.658715581
United States,Massachusetts,2007,F_gases_AR5,2361.2287636232
United States,Michigan,2007,F_gases_AR5,5707.2392303646
United States,Minnesota,2007,F_gases_AR5,3589.5866891597
United States,Mississippi,2007,F_gases_AR5,1836.254437583
United States,Missouri,2007,F_gases_AR5,3784.7895601981
United States,Montana,2007,F_gases_AR5,662.33250466342
United States,Nebraska,2007,F_gases_AR5,1493.8122595621
United States,Nevada,2007,F_gases_AR5,1408.7523301504
United States,Arizona,2007,F_gases_AR5,3360.3305826542
United States,New Hampshire,2007,F_gases_AR5,513.4979370963
United States,New Jersey,2007,F_gases_AR5,4300.1212315465
United States,New Mexico,2007,F_gases_AR5,1119.116246911
United States,New York,2007,F_gases_AR5,5479.5229070346
United States,North Carolina,2007,F_gases_AR5,4963.2017378017
United States,North Dakota,2007,F_gases_AR5,884.76633769412
United States,Ohio,2007,F_gases_AR5,7725.8706862247
United States,Oklahoma,2007,F_gases_AR5,2883.3269391025
United States,Oregon,2007,F_gases_AR5,2776.6659646474
United States,Pennsylvania,2007,F_gases_AR5,5846.3953836362
United States,Arkansas,2007,F_gases_AR5,1910.9236774669
United States,Rhode Island,2007,F_gases_AR5,611.47921043689
United States,South Carolina,2007,F_gases_AR5,2849.4515716744
United States,South Dakota,2007,F_gases_AR5,636.78901417469
United States,Tennessee,2007,F_gases_AR5,4300.0156343113
United States,Texas,2007,F_gases_AR5,17396.757708853
United States,Utah,2007,F_gases_AR5,1503.4852109971
United States,Vermont,2007,F_gases_AR5,269.35449714294
United States,Virginia,2007,F_gases_AR5,4122.7975190447
United States,Washington,2007,F_gases_AR5,6547.8486537202
United States,West Virginia,2007,F_gases_AR5,969.36891801959
United States,California,2007,F_gases_AR5,22951.994090912
United States,Wisconsin,2007,F_gases_AR5,5205.1105584842
United States,Wyoming,2007,F_gases_AR5,347.29716600336
United States,Colorado,2007,F_gases_AR5,2990.9880218801
United States,Connecticut,2007,F_gases_AR5,1220.1819717729
United States,Delaware,2007,F_gases_AR5,578.16368764407
United States,District of Columbia,2007,F_gases_AR5,105.51860821887
United States,Alabama,2008,F_gases_AR5,3481.8431789042
United States,Florida,2008,F_gases_AR5,8891.5072763891
United States,Georgia,2008,F_gases_AR5,6667.2002135835
United States,Hawaii,2008,F_gases_AR5,338.63979675185
United States,Idaho,2008,F_gases_AR5,874.87058490278
United States,Illinois,2008,F_gases_AR5,9303.1291514302
United States,Indiana,2008,F_gases_AR5,4931.3436357132
United States,Iowa,2008,F_gases_AR5,3320.6124392278
United States,Kansas,2008,F_gases_AR5,2272.6638282877
United States,Kentucky,2008,F_gases_AR5,2731.0983217393
United States,Louisiana,2008,F_gases_AR5,3125.3413113523
United States,Alaska,2008,F_gases_AR5,260.21380713569
United States,Maine,2008,F_gases_AR5,622.43652303353
United States,Maryland,2008,F_gases_AR5,3402.8749262275
United States,Massachusetts,2008,F_gases_AR5,2282.1169994976
United States,Michigan,2008,F_gases_AR5,5599.6242899831
United States,Minnesota,2008,F_gases_AR5,3553.491846953
United States,Mississippi,2008,F_gases_AR5,1857.9189038758
United States,Missouri,2008,F_gases_AR5,3742.3931155724
United States,Montana,2008,F_gases_AR5,719.86529852438
United States,Nebraska,2008,F_gases_AR5,1485.4224211773
United States,Nevada,2008,F_gases_AR5,1482.1971041607
United States,Arizona,2008,F_gases_AR5,3430.7503410575
United States,New Hampshire,2008,F_gases_AR5,507.59932439713
United States,New Jersey,2008,F_gases_AR5,4210.076477817
United States,New Mexico,2008,F_gases_AR5,1105.2378659301
United States,New York,2008,F_gases_AR5,5301.345078783
United States,North Carolina,2008,F_gases_AR5,4922.9041598475
United States,North Dakota,2008,F_gases_AR5,889.20061379658
United States,Ohio,2008,F_gases_AR5,7668.6811712406
United States,Oklahoma,2008,F_gases_AR5,2898.0053251637
United States,Oregon,2008,F_gases_AR5,2797.3848855376
United States,Pennsylvania,2008,F_gases_AR5,5782.6402601158
United States,Arkansas,2008,F_gases_AR5,1914.1885708653
United States,Rhode Island,2008,F_gases_AR5,588.84597840856
United States,South Carolina,2008,F_gases_AR5,2840.855029281
United States,South Dakota,2008,F_gases_AR5,651.63565403623
United States,Tennessee,2008,F_gases_AR5,4287.5884906375
United States,Texas,2008,F_gases_AR5,17487.572416699
United States,Utah,2008,F_gases_AR5,1509.1329294383
United States,Vermont,2008,F_gases_AR5,265.21314055229
United States,Virginia,2008,F_gases_AR5,4113.087601443
United States,Washington,2008,F_gases_AR5,5538.0445892087
United States,West Virginia,2008,F_gases_AR5,952.4917360832
United States,California,2008,F_gases_AR5,22315.735116393
United States,Wisconsin,2008,F_gases_AR5,5197.5985972279
United States,Wyoming,2008,F_gases_AR5,351.95794864999
United States,Colorado,2008,F_gases_AR5,3001.5428079757
United States,Connecticut,2008,F_gases_AR5,1182.4770599691
United States,Delaware,2008,F_gases_AR5,573.70418984862
United States,District of Columbia,2008,F_gases_AR5,101.04567025889
United States,Alabama,2009,F_gases_AR5,3386.7264942811
United States,Florida,2009,F_gases_AR5,8675.2471419443
United States,Georgia,2009,F_gases_AR5,6505.0398992813
United States,Hawaii,2009,F_gases_AR5,330.40336554874
United States,Idaho,2009,F_gases_AR5,853.59189452648
United States,Illinois,2009,F_gases_AR5,9076.8575083323
United States,Indiana,2009,F_gases_AR5,4811.4029997218
United States,Iowa,2009,F_gases_AR5,3013.6083977471
United States,Kansas,2009,F_gases_AR5,2217.3878700305
United States,Kentucky,2009,F_gases_AR5,2534.1807525954
United States,Louisiana,2009,F_gases_AR5,3049.3264455743
United States,Alaska,2009,F_gases_AR5,253.88486074153
United States,Maine,2009,F_gases_AR5,607.2975593044
United States,Maryland,2009,F_gases_AR5,3072.9095808067
United States,Massachusetts,2009,F_gases_AR5,2226.6111202592
United States,Michigan,2009,F_gases_AR5,5463.4296646907
United States,Minnesota,2009,F_gases_AR5,3467.063460777
United States,Mississippi,2009,F_gases_AR5,1812.7304133927
United States,Missouri,2009,F_gases_AR5,3651.3702537379
United States,Montana,2009,F_gases_AR5,635.61738206472
United States,Nebraska,2009,F_gases_AR5,1449.2938276188
United States,Nevada,2009,F_gases_AR5,1446.1469570872
United States,Arizona,2009,F_gases_AR5,3347.3072861354
United States,New Hampshire,2009,F_gases_AR5,495.25344256563
United States,New Jersey,2009,F_gases_AR5,4107.678574198
United States,New Mexico,2009,F_gases_AR5,1078.3561593702
United States,New York,2009,F_gases_AR5,5146.535212806
United States,North Carolina,2009,F_gases_AR5,4775.1516386473
United States,North Dakota,2009,F_gases_AR5,867.57338701596
United States,Ohio,2009,F_gases_AR5,7482.1627363392
United States,Oklahoma,2009,F_gases_AR5,2827.5197481114
United States,Oregon,2009,F_gases_AR5,2550.7141345704
United States,Pennsylvania,2009,F_gases_AR5,5641.9943019868
United States,Arkansas,2009,F_gases_AR5,1857.200539322
United States,Rhode Island,2009,F_gases_AR5,574.52400728494
United States,South Carolina,2009,F_gases_AR5,2754.5181437883
United States,South Dakota,2009,F_gases_AR5,635.78650610547
United States,Tennessee,2009,F_gases_AR5,4082.2610417471
United States,Texas,2009,F_gases_AR5,17035.082836359
United States,Utah,2009,F_gases_AR5,1472.4276465127
United States,Vermont,2009,F_gases_AR5,258.76259986785
United States,Virginia,2009,F_gases_AR5,4013.048671032
United States,Washington,2009,F_gases_AR5,4639.1747240053
United States,West Virginia,2009,F_gases_AR5,817.89362129381
United States,California,2009,F_gases_AR5,21414.296753201
United States,Wisconsin,2009,F_gases_AR5,5071.1820812777
United States,Wyoming,2009,F_gases_AR5,343.39759201664
United States,Colorado,2009,F_gases_AR5,2928.5389818507
United States,Connecticut,2009,F_gases_AR5,1153.7167339616
United States,Delaware,2009,F_gases_AR5,559.75049882958
United States,District of Columbia,2009,F_gases_AR5,98.588027301852
United States,Alabama,2010,F_gases_AR5,3519.5162974906
United States,Florida,2010,F_gases_AR5,9024.5259635255
United States,Georgia,2010,F_gases_AR5,6766.9428322103
United States,Hawaii,2010,F_gases_AR5,343.70591431503
United States,Idaho,2010,F_gases_AR5,887.95881988933
United States,Illinois,2010,F_gases_AR5,9442.3057822889
United States,Indiana,2010,F_gases_AR5,5005.1175005767
United States,Iowa,2010,F_gases_AR5,3183.0670882067
United States,Kansas,2010,F_gases_AR5,2306.6633234626
United States,Kentucky,2010,F_gases_AR5,2632.8737180502
United States,Louisiana,2010,F_gases_AR5,3172.0970283715
United States,Alaska,2010,F_gases_AR5,264.106656562
United States,Maine,2010,F_gases_AR5,631.74829510389
United States,Maryland,2010,F_gases_AR5,3131.119002871
United States,Massachusetts,2010,F_gases_AR5,2316.2579159619
United States,Michigan,2010,F_gases_AR5,5683.3957640827
United States,Minnesota,2010,F_gases_AR5,3606.6527796879
United States,Mississippi,2010,F_gases_AR5,1885.7137338993
United States,Missouri,2010,F_gases_AR5,3798.3800482158
United States,Montana,2010,F_gases_AR5,664.05884487044
United States,Nebraska,2010,F_gases_AR5,1507.6446309969
United States,Nevada,2010,F_gases_AR5,1504.3710626072
United States,Arizona,2010,F_gases_AR5,3482.0750368683
United States,New Hampshire,2010,F_gases_AR5,515.19310952532
United States,New Jersey,2010,F_gases_AR5,4273.0600449913
United States,New Mexico,2010,F_gases_AR5,1121.7724404774
United States,New York,2010,F_gases_AR5,5348.0972578147
United States,North Carolina,2010,F_gases_AR5,4966.1414606011
United States,North Dakota,2010,F_gases_AR5,902.50322881689
United States,Ohio,2010,F_gases_AR5,7783.4061407826
United States,Oklahoma,2010,F_gases_AR5,2941.3600513856
United States,Oregon,2010,F_gases_AR5,2655.5912731498
United States,Pennsylvania,2010,F_gases_AR5,5869.1496889081
United States,Arkansas,2010,F_gases_AR5,1928.4092700405
United States,Rhode Island,2010,F_gases_AR5,597.65522936441
United States,South Carolina,2010,F_gases_AR5,2864.6407402722
United States,South Dakota,2010,F_gases_AR5,661.38425081479
United States,Tennessee,2010,F_gases_AR5,4245.3866076122
United States,Texas,2010,F_gases_AR5,17719.715312738
United States,Utah,2010,F_gases_AR5,1531.7098530969
United States,Vermont,2010,F_gases_AR5,269.18078098388
United States,Virginia,2010,F_gases_AR5,4174.6201960655
United States,Washington,2010,F_gases_AR5,4747.0316703747
United States,West Virginia,2010,F_gases_AR5,849.18964078295
United States,California,2010,F_gases_AR5,22352.766936226
United States,Wisconsin,2010,F_gases_AR5,5275.3556883682
United States,Wyoming,2010,F_gases_AR5,357.22330836926
United States,Colorado,2010,F_gases_AR5,3046.4464751819
United States,Connecticut,2010,F_gases_AR5,1200.1671479594
United States,Delaware,2010,F_gases_AR5,582.2869166874
United States,District of Columbia,2010,F_gases_AR5,102.5573332403
United States,Alabama,2011,F_gases_AR5,3594.8162078082
United States,Florida,2011,F_gases_AR5,9204.642314376
United States,Georgia,2011,F_gases_AR5,6902.0011227264
United States,Hawaii,2011,F_gases_AR5,350.56578211334
United States,Idaho,2011,F_gases_AR5,905.68118037569
United States,Illinois,2011,F_gases_AR5,9630.7604078277
United States,Indiana,2011,F_gases_AR5,5105.0123319979
United States,Iowa,2011,F_gases_AR5,3386.8356935528
United States,Kansas,2011,F_gases_AR5,2352.7009527122
United States,Kentucky,2011,F_gases_AR5,2684.6484551984
United States,Louisiana,2011,F_gases_AR5,3235.4074497281
United States,Alaska,2011,F_gases_AR5,269.37783949256
United States,Maine,2011,F_gases_AR5,644.35706791147
United States,Maryland,2011,F_gases_AR5,3195.1541142711
United States,Massachusetts,2011,F_gases_AR5,2362.4870392574
United States,Michigan,2011,F_gases_AR5,5796.8280384873
United States,Minnesota,2011,F_gases_AR5,3678.6362988321
United States,Mississippi,2011,F_gases_AR5,1923.3498244675
United States,Missouri,2011,F_gases_AR5,3874.1901634721
United States,Montana,2011,F_gases_AR5,678.58039144596
United States,Nebraska,2011,F_gases_AR5,1537.7350147369
United States,Nevada,2011,F_gases_AR5,1534.3961107058
United States,Arizona,2011,F_gases_AR5,3551.572166309
United States,New Hampshire,2011,F_gases_AR5,525.4756111488
United States,New Jersey,2011,F_gases_AR5,4358.3440793417
United States,New Mexico,2011,F_gases_AR5,1144.161379163
United States,New York,2011,F_gases_AR5,5464.070780628
United States,North Carolina,2011,F_gases_AR5,5070.2444049573
United States,North Dakota,2011,F_gases_AR5,920.51587445195
United States,Ohio,2011,F_gases_AR5,7938.7515535978
United States,Oklahoma,2011,F_gases_AR5,3000.0652998534
United States,Oregon,2011,F_gases_AR5,2694.4323151239
United States,Pennsylvania,2011,F_gases_AR5,5986.2893402132
United States,Arkansas,2011,F_gases_AR5,1971.953009147
United States,Rhode Island,2011,F_gases_AR5,609.58355439942
United States,South Carolina,2011,F_gases_AR5,2924.8831020068
United States,South Dakota,2011,F_gases_AR5,674.58451399186
United States,Tennessee,2011,F_gases_AR5,4316.8287695218
United States,Texas,2011,F_gases_AR5,18078.207538679
United States,Utah,2011,F_gases_AR5,1562.2805435039
United States,Vermont,2011,F_gases_AR5,274.55323602317
United States,Virginia,2011,F_gases_AR5,4257.9395148797
United States,Washington,2011,F_gases_AR5,4987.68063366
United States,West Virginia,2011,F_gases_AR5,854.05901826619
United States,California,2011,F_gases_AR5,23021.225999242
United States,Wisconsin,2011,F_gases_AR5,5380.6440791234
United States,Wyoming,2011,F_gases_AR5,364.35296360016
United States,Colorado,2011,F_gases_AR5,3107.2490951078
United States,Connecticut,2011,F_gases_AR5,1224.1207304495
United States,Delaware,2011,F_gases_AR5,593.90851265883
United States,District of Columbia,2011,F_gases_AR5,104.60422774654
United States,Alabama,2012,F_gases_AR5,3536.1074375246
United States,Florida,2012,F_gases_AR5,9045.9295890897
United States,Georgia,2012,F_gases_AR5,6782.9921085026
United States,Hawaii,2012,F_gases_AR5,344.5210876243
United States,Idaho,2012,F_gases_AR5,890.06480730344
United States,Illinois,2012,F_gases_AR5,9464.7002635331
United States,Indiana,2012,F_gases_AR5,5016.9882250137
United States,Iowa,2012,F_gases_AR5,3252.6462532615
United States,Kansas,2012,F_gases_AR5,2312.1340770819
United States,Kentucky,2012,F_gases_AR5,2619.9190991253
United States,Louisiana,2012,F_gases_AR5,3179.6203461971
United States,Alaska,2012,F_gases_AR5,264.7330429239
United States,Maine,2012,F_gases_AR5,633.2466235495
United States,Maryland,2012,F_gases_AR5,3151.4042840251
United States,Massachusetts,2012,F_gases_AR5,2321.7514252436
United States,Michigan,2012,F_gases_AR5,5696.8751729026
United States,Minnesota,2012,F_gases_AR5,3615.2067409651
United States,Mississippi,2012,F_gases_AR5,1890.1861140381
United States,Missouri,2012,F_gases_AR5,3807.3887323984
United States,Montana,2012,F_gases_AR5,670.67004760019
United States,Nebraska,2012,F_gases_AR5,1511.220338053
United States,Nevada,2012,F_gases_AR5,1507.939005684
United States,Arizona,2012,F_gases_AR5,3490.3335349409
United States,New Hampshire,2012,F_gases_AR5,516.41500200523
United States,New Jersey,2012,F_gases_AR5,4283.194535998
United States,New Mexico,2012,F_gases_AR5,1124.4329677319
United States,New York,2012,F_gases_AR5,5372.8504058419
United States,North Carolina,2012,F_gases_AR5,4978.2828307284
United States,North Dakota,2012,F_gases_AR5,904.64371145922
United States,Ohio,2012,F_gases_AR5,7801.8661808252
United States,Oklahoma,2012,F_gases_AR5,2948.3361263001
United States,Oregon,2012,F_gases_AR5,2639.3648124272
United States,Pennsylvania,2012,F_gases_AR5,5883.06965355
United States,Arkansas,2012,F_gases_AR5,1941.2267537976
United States,Rhode Island,2012,F_gases_AR5,599.07269869161
United States,South Carolina,2012,F_gases_AR5,2871.6582961013
United States,South Dakota,2012,F_gases_AR5,662.95286737324
United States,Tennessee,2012,F_gases_AR5,4229.541080607
United States,Texas,2012,F_gases_AR5,17762.093384448
United States,Utah,2012,F_gases_AR5,1535.3426360598
United States,Vermont,2012,F_gases_AR5,269.81920173513
United States,Virginia,2012,F_gases_AR5,4184.5212155662
United States,Washington,2012,F_gases_AR5,4850.8436947437
United States,West Virginia,2012,F_gases_AR5,824.86831759754
United States,California,2012,F_gases_AR5,22504.121356629
United States,Wisconsin,2012,F_gases_AR5,5287.8673414267
United States,Wyoming,2012,F_gases_AR5,358.07054111767
United States,Colorado,2012,F_gases_AR5,3053.6717853999
United States,Connecticut,2012,F_gases_AR5,1203.0136053083
United States,Delaware,2012,F_gases_AR5,583.66793671949
United States,District of Columbia,2012,F_gases_AR5,102.80057025556
United States,Alabama,2013,F_gases_AR5,3544.1128165674
United States,Florida,2013,F_gases_AR5,9007.6009194559
United States,Georgia,2013,F_gases_AR5,6835.8630389669
United States,Hawaii,2013,F_gases_AR5,346.62160468264
United States,Idaho,2013,F_gases_AR5,902.4743487159
United States,Illinois,2013,F_gases_AR5,9382.9409763882
United States,Indiana,2013,F_gases_AR5,5017.5090059963
United States,Iowa,2013,F_gases_AR5,3244.9671048778
United States,Kansas,2013,F_gases_AR5,2302.5017623458
United States,Kentucky,2013,F_gases_AR5,2607.3343831748
United States,Louisiana,2013,F_gases_AR5,3153.0610508133
United States,Alaska,2013,F_gases_AR5,257.86700985868
United States,Maine,2013,F_gases_AR5,623.40547113837
United States,Maryland,2013,F_gases_AR5,3050.9150144355
United States,Massachusetts,2013,F_gases_AR5,2253.5072987969
United States,Michigan,2013,F_gases_AR5,5600.0963762145
United States,Minnesota,2013,F_gases_AR5,3587.4762083619
United States,Mississippi,2013,F_gases_AR5,1911.8513468076
United States,Missouri,2013,F_gases_AR5,3773.5612130337
United States,Montana,2013,F_gases_AR5,677.99830119743
United States,Nebraska,2013,F_gases_AR5,1508.1294052287
United States,Nevada,2013,F_gases_AR5,1573.5534663593
United States,Arizona,2013,F_gases_AR5,3569.9585777914
United States,New Hampshire,2013,F_gases_AR5,511.29914461474
United States,New Jersey,2013,F_gases_AR5,4207.5909057192
United States,New Mexico,2013,F_gases_AR5,1113.325323085
United States,New York,2013,F_gases_AR5,5225.38572052
United States,North Carolina,2013,F_gases_AR5,4980.9495916749
United States,North Dakota,2013,F_gases_AR5,912.40923963906
United States,Ohio,2013,F_gases_AR5,7760.7549886482
United States,Oklahoma,2013,F_gases_AR5,2966.9533508781
United States,Oregon,2013,F_gases_AR5,2594.3699490731
United States,Pennsylvania,2013,F_gases_AR5,5827.8175357253
United States,Arkansas,2013,F_gases_AR5,1949.4752535692
United States,Rhode Island,2013,F_gases_AR5,578.94604130207
United States,South Carolina,2013,F_gases_AR5,2895.5602264987
United States,South Dakota,2013,F_gases_AR5,679.9002069976
United States,Tennessee,2013,F_gases_AR5,4208.7229889252
United States,Texas,2013,F_gases_AR5,17980.020644307
United States,Utah,2013,F_gases_AR5,1554.3470875489
United States,Vermont,2013,F_gases_AR5,265.7204772045
United States,Virginia,2013,F_gases_AR5,4176.3582438291
United States,Washington,2013,F_gases_AR5,4611.4828530963
United States,West Virginia,2013,F_gases_AR5,811.24582154661
United States,California,2013,F_gases_AR5,22157.994781111
United States,Wisconsin,2013,F_gases_AR5,5286.1338464827
United States,Wyoming,2013,F_gases_AR5,362.50793439848
United States,Colorado,2013,F_gases_AR5,3081.7638022666
United States,Connecticut,2013,F_gases_AR5,1169.3100459434
United States,Delaware,2013,F_gases_AR5,579.8361605622
United States,District of Columbia,2013,F_gases_AR5,98.750518668819
United States,Alabama,2014,F_gases_AR5,3645.110509568
United States,Florida,2014,F_gases_AR5,9259.5003050754
United States,Georgia,2014,F_gases_AR5,7027.0293345314
United States,Hawaii,2014,F_gases_AR5,356.31494812034
United States,Idaho,2014,F_gases_AR5,927.71222681593
United States,Illinois,2014,F_gases_AR5,9645.336822784
United States,Indiana,2014,F_gases_AR5,5157.824662435
United States,Iowa,2014,F_gases_AR5,3220.6694760996
United States,Kansas,2014,F_gases_AR5,2366.8916908638
United States,Kentucky,2014,F_gases_AR5,2665.1621793309
United States,Louisiana,2014,F_gases_AR5,3241.2370422479
United States,Alaska,2014,F_gases_AR5,265.07831306091
United States,Maine,2014,F_gases_AR5,640.83913150763
United States,Maryland,2014,F_gases_AR5,3153.2199645167
United States,Massachusetts,2014,F_gases_AR5,2316.5270872102
United States,Michigan,2014,F_gases_AR5,5756.704206556
United States,Minnesota,2014,F_gases_AR5,3687.8007077365
United States,Mississippi,2014,F_gases_AR5,1965.3166572674
United States,Missouri,2014,F_gases_AR5,3879.0896172848
United States,Montana,2014,F_gases_AR5,674.29605018518
United States,Nebraska,2014,F_gases_AR5,1550.3045497548
United States,Nevada,2014,F_gases_AR5,1617.5582080169
United States,Arizona,2014,F_gases_AR5,3669.7931930762
United States,New Hampshire,2014,F_gases_AR5,525.59772883799
United States,New Jersey,2014,F_gases_AR5,4325.2570383073
United States,New Mexico,2014,F_gases_AR5,1144.4596914243
United States,New York,2014,F_gases_AR5,5371.5537140205
United States,North Carolina,2014,F_gases_AR5,5113.2490457796
United States,North Dakota,2014,F_gases_AR5,937.92494897763
United States,Ohio,2014,F_gases_AR5,7977.7860750678
United States,Oklahoma,2014,F_gases_AR5,3049.9248027587
United States,Oregon,2014,F_gases_AR5,2640.2844806285
United States,Pennsylvania,2014,F_gases_AR5,5990.7936344533
United States,Arkansas,2014,F_gases_AR5,2005.8785838758
United States,Rhode Island,2014,F_gases_AR5,595.1363847037
United States,South Carolina,2014,F_gases_AR5,2972.2312715523
United States,South Dakota,2014,F_gases_AR5,698.91375410706
United States,Tennessee,2014,F_gases_AR5,4323.9867220776
United States,Texas,2014,F_gases_AR5,18476.056949588
United States,Utah,2014,F_gases_AR5,1597.8147189298
United States,Vermont,2014,F_gases_AR5,273.15140421302
United States,Virginia,2014,F_gases_AR5,4293.1509486963
United States,Washington,2014,F_gases_AR5,4663.6491167779
United States,West Virginia,2014,F_gases_AR5,829.37058140539
United States,California,2014,F_gases_AR5,22595.261097804
United States,Wisconsin,2014,F_gases_AR5,5433.9616510379
United States,Wyoming,2014,F_gases_AR5,372.64554226696
United States,Colorado,2014,F_gases_AR5,3167.9459516932
United States,Connecticut,2014,F_gases_AR5,1202.0100384059
United States,Delaware,2014,F_gases_AR5,596.05139632937
United States,District of Columbia,2014,F_gases_AR5,101.51209694085
United States,Alabama,2015,F_gases_AR5,3656.4644517378
United States,Florida,2015,F_gases_AR5,9294.3033373172
United States,Georgia,2015,F_gases_AR5,7053.4413352264
United States,Hawaii,2015,F_gases_AR5,357.65420404335
United States,Idaho,2015,F_gases_AR5,931.19915348337
United States,Illinois,2015,F_gases_AR5,9681.5900715951
United States,Indiana,2015,F_gases_AR5,5177.2110150577
United States,Iowa,2015,F_gases_AR5,3242.147708616
United States,Kansas,2015,F_gases_AR5,2375.7879601134
United States,Kentucky,2015,F_gases_AR5,2677.1787040836
United States,Louisiana,2015,F_gases_AR5,3253.4196518454
United States,Alaska,2015,F_gases_AR5,266.07464426369
United States,Maine,2015,F_gases_AR5,643.24780845788
United States,Maryland,2015,F_gases_AR5,3099.5677598628
United States,Massachusetts,2015,F_gases_AR5,2325.2340545679
United States,Michigan,2015,F_gases_AR5,5778.3415255804
United States,Minnesota,2015,F_gases_AR5,3701.6617847605
United States,Mississippi,2015,F_gases_AR5,1972.7035546954
United States,Missouri,2015,F_gases_AR5,3893.6696784729
United States,Montana,2015,F_gases_AR5,673.45208570921
United States,Nebraska,2015,F_gases_AR5,1556.1315703771
United States,Nevada,2015,F_gases_AR5,1623.6380102322
United States,Arizona,2015,F_gases_AR5,3683.5865865219
United States,New Hampshire,2015,F_gases_AR5,527.57325603711
United States,New Jersey,2015,F_gases_AR5,4341.5140775857
United States,New Mexico,2015,F_gases_AR5,1148.7612915353
United States,New York,2015,F_gases_AR5,5389.4355995729
United States,North Carolina,2015,F_gases_AR5,5135.2966187501
United States,North Dakota,2015,F_gases_AR5,941.45026148523
United States,Ohio,2015,F_gases_AR5,8007.7716182225
United States,Oklahoma,2015,F_gases_AR5,3061.3883405035
United States,Oregon,2015,F_gases_AR5,2640.989668332
United States,Pennsylvania,2015,F_gases_AR5,6013.3108089384
United States,Arkansas,2015,F_gases_AR5,2011.0712603529
United States,Rhode Island,2015,F_gases_AR5,597.37328195546
United States,South Carolina,2015,F_gases_AR5,2985.143565677
United States,South Dakota,2015,F_gases_AR5,701.54071205479
United States,Tennessee,2015,F_gases_AR5,4335.8765443148
United States,Texas,2015,F_gases_AR5,18548.243329458
United States,Utah,2015,F_gases_AR5,1603.8203126818
United States,Vermont,2015,F_gases_AR5,274.17807917544
United States,Virginia,2015,F_gases_AR5,4309.2873130749
United States,Washington,2015,F_gases_AR5,4570.862166229
United States,West Virginia,2015,F_gases_AR5,828.87695331333
United States,California,2015,F_gases_AR5,22695.047836992
United States,Wisconsin,2015,F_gases_AR5,5454.3859003289
United States,Wyoming,2015,F_gases_AR5,374.04617884506
United States,Colorado,2015,F_gases_AR5,3179.8530872258
United States,Connecticut,2015,F_gases_AR5,1206.5279489565
United States,Delaware,2015,F_gases_AR5,598.29173277095
United States,District of Columbia,2015,F_gases_AR5,101.89364331661
United States,Alabama,2016,F_gases_AR5,3645.2245725414
United States,Florida,2016,F_gases_AR5,9302.926398154
United States,Georgia,2016,F_gases_AR5,7059.9853710229
United States,Hawaii,2016,F_gases_AR5,357.98602815626
United States,Idaho,2016,F_gases_AR5,932.06310064114
United States,Illinois,2016,F_gases_AR5,9690.5724489885
United States,Indiana,2016,F_gases_AR5,5182.0143234852
United States,Iowa,2016,F_gases_AR5,3287.4597440382
United States,Kansas,2016,F_gases_AR5,2377.9921666442
United States,Kentucky,2016,F_gases_AR5,2646.1817273218
United States,Louisiana,2016,F_gases_AR5,3256.43810676
United States,Alaska,2016,F_gases_AR5,266.3215027706
United States,Maine,2016,F_gases_AR5,643.84460036193
United States,Maryland,2016,F_gases_AR5,3037.4635520506
United States,Massachusetts,2016,F_gases_AR5,2327.3913582393
United States,Michigan,2016,F_gases_AR5,5783.7025503612
United States,Minnesota,2016,F_gases_AR5,3705.0961093795
United States,Mississippi,2016,F_gases_AR5,1974.5337879198
United States,Missouri,2016,F_gases_AR5,3897.282144012
United States,Montana,2016,F_gases_AR5,649.74625859613
United States,Nebraska,2016,F_gases_AR5,1557.5753168005
United States,Nevada,2016,F_gases_AR5,1625.1443877229
United States,Arizona,2016,F_gases_AR5,3687.0041413489
United States,New Hampshire,2016,F_gases_AR5,528.06272750341
United States,New Jersey,2016,F_gases_AR5,4345.5420438201
United States,New Mexico,2016,F_gases_AR5,1149.8270883083
United States,New York,2016,F_gases_AR5,5368.0829160085
United States,North Carolina,2016,F_gases_AR5,5126.5952936804
United States,North Dakota,2016,F_gases_AR5,942.32371940725
United States,Ohio,2016,F_gases_AR5,8015.2010617564
United States,Oklahoma,2016,F_gases_AR5,3064.2286327715
United States,Oregon,2016,F_gases_AR5,2607.7117629828
United States,Pennsylvania,2016,F_gases_AR5,6018.8898333208
United States,Arkansas,2016,F_gases_AR5,1998.3048196623
United States,Rhode Island,2016,F_gases_AR5,597.92751243037
United States,South Carolina,2016,F_gases_AR5,2979.6265065901
United States,South Dakota,2016,F_gases_AR5,702.19158689931
United States,Tennessee,2016,F_gases_AR5,4329.4358680153
United States,Texas,2016,F_gases_AR5,18552.400587319
United States,Utah,2016,F_gases_AR5,1605.308303726
United States,Vermont,2016,F_gases_AR5,274.43245588029
United States,Virginia,2016,F_gases_AR5,4313.2853799891
United States,Washington,2016,F_gases_AR5,4425.5065618483
United States,West Virginia,2016,F_gases_AR5,814.96776659812
United States,California,2016,F_gases_AR5,22783.171207073
United States,Wisconsin,2016,F_gases_AR5,5459.4463658355
United States,Wyoming,2016,F_gases_AR5,374.3932110904
United States,Colorado,2016,F_gases_AR5,3182.8032886157
United States,Connecticut,2016,F_gases_AR5,1207.6473404297
United States,Delaware,2016,F_gases_AR5,598.84681536537
United States,District of Columbia,2016,F_gases_AR5,101.98817811425
United States,Alabama,2017,F_gases_AR5,3666.0408566139
United States,Florida,2017,F_gases_AR5,9359.2155165488
United States,Georgia,2017,F_gases_AR5,7102.7031498601
United States,Hawaii,2017,F_gases_AR5,360.15209043173
United States,Idaho,2017,F_gases_AR5,937.70272498921
United States,Illinois,2017,F_gases_AR5,9749.2070932444
United States,Indiana,2017,F_gases_AR5,5213.3690827613
United States,Iowa,2017,F_gases_AR5,3268.0657516501
United States,Kansas,2017,F_gases_AR5,2392.3806587037
United States,Kentucky,2017,F_gases_AR5,2659.7911210492
United States,Louisiana,2017,F_gases_AR5,3276.1418023813
United States,Alaska,2017,F_gases_AR5,267.93293147152
United States,Maine,2017,F_gases_AR5,647.74030407778
United States,Maryland,2017,F_gases_AR5,3046.1314218211
United States,Massachusetts,2017,F_gases_AR5,2341.4736805224
United States,Michigan,2017,F_gases_AR5,5818.6979382299
United States,Minnesota,2017,F_gases_AR5,3727.5144952335
United States,Mississippi,2017,F_gases_AR5,1986.481078633
United States,Missouri,2017,F_gases_AR5,3920.8633878737
United States,Montana,2017,F_gases_AR5,650.32754816491
United States,Nebraska,2017,F_gases_AR5,1566.9997213012
United States,Nevada,2017,F_gases_AR5,1634.9776316865
United States,Arizona,2017,F_gases_AR5,3709.3130583232
United States,New Hampshire,2017,F_gases_AR5,531.25787106535
United States,New Jersey,2017,F_gases_AR5,4371.835569118
United States,New Mexico,2017,F_gases_AR5,1156.7843349141
United States,New York,2017,F_gases_AR5,5398.3944757435
United States,North Carolina,2017,F_gases_AR5,5156.6399253633
United States,North Dakota,2017,F_gases_AR5,948.02542757281
United States,Ohio,2017,F_gases_AR5,8063.6985540737
United States,Oklahoma,2017,F_gases_AR5,3082.7693285608
United States,Oregon,2017,F_gases_AR5,2619.1379306284
United States,Pennsylvania,2017,F_gases_AR5,6055.3082663958
United States,Arkansas,2017,F_gases_AR5,2009.1561037995
United States,Rhode Island,2017,F_gases_AR5,601.54538610777
United States,South Carolina,2017,F_gases_AR5,2997.0554216472
United States,South Dakota,2017,F_gases_AR5,706.44033010968
United States,Tennessee,2017,F_gases_AR5,4354.9030089297
United States,Texas,2017,F_gases_AR5,18663.710591115
United States,Utah,2017,F_gases_AR5,1615.0215257059
United States,Vermont,2017,F_gases_AR5,276.09296143943
United States,Virginia,2017,F_gases_AR5,4339.3837302322
United States,Washington,2017,F_gases_AR5,4393.2991484702
United States,West Virginia,2017,F_gases_AR5,818.86542026797
United States,California,2017,F_gases_AR5,22858.74338387
United States,Wisconsin,2017,F_gases_AR5,5492.4797802369
United States,Wyoming,2017,F_gases_AR5,376.65854813417
United States,Colorado,2017,F_gases_AR5,3202.0614428214
United States,Connecticut,2017,F_gases_AR5,1214.9544394237
United States,Delaware,2017,F_gases_AR5,602.47025145932
United States,District of Columbia,2017,F_gases_AR5,102.60527690522
United States,Alabama,2018,F_gases_AR5,3623.3373079702
United States,Florida,2018,F_gases_AR5,9245.1146239818
United States,Georgia,2018,F_gases_AR5,7072.972946143
United States,Hawaii,2018,F_gases_AR5,414.4870564747
United States,Idaho,2018,F_gases_AR5,1011.4995398208
United States,Illinois,2018,F_gases_AR5,9607.549880071
United States,Indiana,2018,F_gases_AR5,5189.2234307537
United States,Iowa,2018,F_gases_AR5,3289.1177171996
United States,Kansas,2018,F_gases_AR5,2399.5865002902
United States,Kentucky,2018,F_gases_AR5,2664.0512853366
United States,Louisiana,2018,F_gases_AR5,3240.1261471388
United States,Alaska,2018,F_gases_AR5,262.44642261326
United States,Maine,2018,F_gases_AR5,636.62290114999
United States,Maryland,2018,F_gases_AR5,3025.4037302668
United States,Massachusetts,2018,F_gases_AR5,2291.587566042
United States,Michigan,2018,F_gases_AR5,5707.1902167852
United States,Minnesota,2018,F_gases_AR5,3703.7556488041
United States,Mississippi,2018,F_gases_AR5,1987.7689271513
United States,Missouri,2018,F_gases_AR5,3885.9159029009
United States,Montana,2018,F_gases_AR5,651.27184243633
United States,Nebraska,2018,F_gases_AR5,1566.9820016273
United States,Nevada,2018,F_gases_AR5,1687.0660283697
United States,Arizona,2018,F_gases_AR5,3796.912241556
United States,New Hampshire,2018,F_gases_AR5,527.60560218458
United States,New Jersey,2018,F_gases_AR5,4304.6592601074
United States,New Mexico,2018,F_gases_AR5,1152.2072011119
United States,New York,2018,F_gases_AR5,5262.8170408162
United States,North Carolina,2018,F_gases_AR5,5121.3608774861
United States,North Dakota,2018,F_gases_AR5,962.73641681798
United States,Ohio,2018,F_gases_AR5,8008.6383124256
United States,Oklahoma,2018,F_gases_AR5,3086.1917715249
United States,Oregon,2018,F_gases_AR5,2596.6552204409
United States,Pennsylvania,2018,F_gases_AR5,5969.1290291969
United States,Arkansas,2018,F_gases_AR5,2001.9992740041
United States,Rhode Island,2018,F_gases_AR5,585.01275897864
United States,South Carolina,2018,F_gases_AR5,3025.7940171163
United States,South Dakota,2018,F_gases_AR5,724.76651399083
United States,Tennessee,2018,F_gases_AR5,4308.7611047411
United States,Texas,2018,F_gases_AR5,19017.201984298
United States,Utah,2018,F_gases_AR5,1680.1957414454
United States,Vermont,2018,F_gases_AR5,271.74392347473
United States,Virginia,2018,F_gases_AR5,4286.9554749017
United States,Washington,2018,F_gases_AR5,4389.2748017914
United States,West Virginia,2018,F_gases_AR5,813.82539641463
United States,California,2018,F_gases_AR5,22632.073471687
United States,Wisconsin,2018,F_gases_AR5,5470.1480831263
United States,Wyoming,2018,F_gases_AR5,378.87848578692
United States,Colorado,2018,F_gases_AR5,3281.3625683527
United States,Connecticut,2018,F_gases_AR5,1183.768096306
United States,Delaware,2018,F_gases_AR5,593.84989295733
United States,District of Columbia,2018,F_gases_AR5,99.563014743962
United States,Alabama,2019,F_gases_AR5,3725.4561581701
United States,Florida,2019,F_gases_AR5,9506.1896705543
United States,Georgia,2019,F_gases_AR5,7272.7083541315
United States,Hawaii,2019,F_gases_AR5,426.19185754792
United States,Idaho,2019,F_gases_AR5,1040.0635220111
United States,Illinois,2019,F_gases_AR5,9878.8598242313
United States,Indiana,2019,F_gases_AR5,5335.7631767667
United States,Iowa,2019,F_gases_AR5,3326.8921646406
United States,Kansas,2019,F_gases_AR5,2467.349008685
United States,Kentucky,2019,F_gases_AR5,2738.8918109134
United States,Louisiana,2019,F_gases_AR5,3331.6248596124
United States,Alaska,2019,F_gases_AR5,269.85771114708
United States,Maine,2019,F_gases_AR5,654.60065051567
United States,Maryland,2019,F_gases_AR5,3109.2609234995
United States,Massachusetts,2019,F_gases_AR5,2356.3002661937
United States,Michigan,2019,F_gases_AR5,5868.3569531911
United States,Minnesota,2019,F_gases_AR5,3808.3469078456
United States,Mississippi,2019,F_gases_AR5,2043.9020186638
United States,Missouri,2019,F_gases_AR5,3995.6512297832
United States,Montana,2019,F_gases_AR5,669.11891190237
United States,Nebraska,2019,F_gases_AR5,1611.2323885281
United States,Nevada,2019,F_gases_AR5,1734.7074973879
United States,Arizona,2019,F_gases_AR5,3904.1341723393
United States,New Hampshire,2019,F_gases_AR5,542.50478545755
United States,New Jersey,2019,F_gases_AR5,4426.2195827773
United States,New Mexico,2019,F_gases_AR5,1184.7446612653
United States,New York,2019,F_gases_AR5,5411.0825756573
United States,North Carolina,2019,F_gases_AR5,5265.8258421675
United States,North Dakota,2019,F_gases_AR5,989.92336528543
United States,Ohio,2019,F_gases_AR5,8234.7962028833
United States,Oklahoma,2019,F_gases_AR5,3173.3434936239
United States,Oregon,2019,F_gases_AR5,2669.2756067535
United States,Pennsylvania,2019,F_gases_AR5,6137.6927196083
United States,Arkansas,2019,F_gases_AR5,2058.3327640496
United States,Rhode Island,2019,F_gases_AR5,601.53307695282
United States,South Carolina,2019,F_gases_AR5,3111.1426789821
United States,South Dakota,2019,F_gases_AR5,745.23337233605
United States,Tennessee,2019,F_gases_AR5,4430.3188184738
United States,Texas,2019,F_gases_AR5,19554.079868589
United States,Utah,2019,F_gases_AR5,1727.6431987556
United States,Vermont,2019,F_gases_AR5,279.41776640286
United States,Virginia,2019,F_gases_AR5,4408.0158560636
United States,Washington,2019,F_gases_AR5,4458.4811186962
United States,West Virginia,2019,F_gases_AR5,836.63928546285
United States,California,2019,F_gases_AR5,23183.820168975
United States,Wisconsin,2019,F_gases_AR5,5624.6209289098
United States,Wyoming,2019,F_gases_AR5,389.57772774824
United States,Colorado,2019,F_gases_AR5,3374.0257661817
United States,Connecticut,2019,F_gases_AR5,1217.1968122759
United States,Delaware,2019,F_gases_AR5,610.61976491314
United States,District of Columbia,2019,F_gases_AR5,102.37459899882
United States,Alabama,2020,F_gases_AR5,3805.5606352894
United States,Florida,2020,F_gases_AR5,9717.3636910085
United States,Georgia,2020,F_gases_AR5,7434.2669928666
United States,Hawaii,2020,F_gases_AR5,435.65944142351
United States,Idaho,2020,F_gases_AR5,1063.1678785496
United States,Illinois,2020,F_gases_AR5,10098.312477595
United States,Indiana,2020,F_gases_AR5,5454.2937974757
United States,Iowa,2020,F_gases_AR5,3391.3368464963
United States,Kansas,2020,F_gases_AR5,2522.1596139942
United States,Kentucky,2020,F_gases_AR5,2794.5927676394
United States,Louisiana,2020,F_gases_AR5,3405.6348089856
United States,Alaska,2020,F_gases_AR5,275.85243035513
United States,Maine,2020,F_gases_AR5,669.14219196939
United States,Maryland,2020,F_gases_AR5,3157.5420337135
United States,Massachusetts,2020,F_gases_AR5,2408.6439935812
United States,Michigan,2020,F_gases_AR5,5998.7188094356
United States,Minnesota,2020,F_gases_AR5,3892.9469374773
United States,Mississippi,2020,F_gases_AR5,2089.3060156019
United States,Missouri,2020,F_gases_AR5,4084.4121070398
United States,Montana,2020,F_gases_AR5,676.81107017648
United States,Nebraska,2020,F_gases_AR5,1647.0249019497
United States,Nevada,2020,F_gases_AR5,1773.2429326391
United States,Arizona,2020,F_gases_AR5,3990.8620557644
United States,New Hampshire,2020,F_gases_AR5,554.55618782074
United States,New Jersey,2020,F_gases_AR5,4524.5452650013
United States,New Mexico,2020,F_gases_AR5,1211.0630182518
United States,New York,2020,F_gases_AR5,5526.6429709536
United States,North Carolina,2020,F_gases_AR5,5380.7160000832
United States,North Dakota,2020,F_gases_AR5,1011.9138897998
United States,Ohio,2020,F_gases_AR5,8417.7270176524
United States,Oklahoma,2020,F_gases_AR5,3243.837322072
United States,Oregon,2020,F_gases_AR5,2719.2545795478
United States,Pennsylvania,2020,F_gases_AR5,6274.0377003872
United States,Arkansas,2020,F_gases_AR5,2101.4031442351
United States,Rhode Island,2020,F_gases_AR5,614.89575565991
United States,South Carolina,2020,F_gases_AR5,3178.9705407595
United States,South Dakota,2020,F_gases_AR5,761.78826266191
United States,Tennessee,2020,F_gases_AR5,4527.1750856495
United States,Texas,2020,F_gases_AR5,19986.438807589
United States,Utah,2020,F_gases_AR5,1766.0217050589
United States,Vermont,2020,F_gases_AR5,285.62485622144
United States,Virginia,2020,F_gases_AR5,4505.9371539558
United States,Washington,2020,F_gases_AR5,4500.4293794049
United States,West Virginia,2020,F_gases_AR5,853.01228490919
United States,California,2020,F_gases_AR5,23683.836369518
United States,Wisconsin,2020,F_gases_AR5,5749.5683427793
United States,Wyoming,2020,F_gases_AR5,398.23195177481
United States,Colorado,2020,F_gases_AR5,3448.9776250077
United States,Connecticut,2020,F_gases_AR5,1244.2360733722
United States,Delaware,2020,F_gases_AR5,624.18429867422
United States,District of Columbia,2020,F_gases_AR5,104.64878628229
United States,Alabama,2021,F_gases_AR5,3937.3474477108
United States,Florida,2021,F_gases_AR5,10053.902255872
United States,Georgia,2021,F_gases_AR5,7691.7357492235
United States,Hawaii,2021,F_gases_AR5,450.74750520788
United States,Idaho,2021,F_gases_AR5,1099.988255293
United States,Illinois,2021,F_gases_AR5,10448.044328416
United States,Indiana,2021,F_gases_AR5,5643.1907313885
United States,Iowa,2021,F_gases_AR5,3566.5505730861
United States,Kansas,2021,F_gases_AR5,2609.5088173214
United States,Kentucky,2021,F_gases_AR5,2891.3576288443
United States,Louisiana,2021,F_gases_AR5,3523.5811458223
United States,Alaska,2021,F_gases_AR5,285.40594548308
United States,Maine,2021,F_gases_AR5,692.31639436992
United States,Maryland,2021,F_gases_AR5,3266.8176779847
United States,Massachusetts,2021,F_gases_AR5,2492.0618442084
United States,Michigan,2021,F_gases_AR5,6206.4706527689
United States,Minnesota,2021,F_gases_AR5,4027.7702102381
United States,Mississippi,2021,F_gases_AR5,2161.6643290715
United States,Missouri,2021,F_gases_AR5,4225.8663360388
United States,Montana,2021,F_gases_AR5,700.22375176409
United States,Nebraska,2021,F_gases_AR5,1704.0658252311
United States,Nevada,2021,F_gases_AR5,1834.6551274154
United States,Arizona,2021,F_gases_AR5,4129.0763936777
United States,New Hampshire,2021,F_gases_AR5,573.76196723991
United States,New Jersey,2021,F_gases_AR5,4681.2424946781
United States,New Mexico,2021,F_gases_AR5,1253.0054033556
United States,New York,2021,F_gases_AR5,5718.0279941609
United States,North Carolina,2021,F_gases_AR5,5567.0568459874
United States,North Dakota,2021,F_gases_AR5,1046.9592024039
United States,Ohio,2021,F_gases_AR5,8709.255652374
United States,Oklahoma,2021,F_gases_AR5,3356.1801746947
United States,Oregon,2021,F_gases_AR5,2813.3944907244
United States,Pennsylvania,2021,F_gases_AR5,6491.324580937
United States,Arkansas,2021,F_gases_AR5,2174.1703774191
United States,Rhode Island,2021,F_gases_AR5,636.19125737525
United States,South Carolina,2021,F_gases_AR5,3289.062026035
United States,South Dakota,2021,F_gases_AR5,788.17104885764
United States,Tennessee,2021,F_gases_AR5,4683.9574956596
United States,Texas,2021,F_gases_AR5,20678.615547654
United States,Utah,2021,F_gases_AR5,1827.1838092094
United States,Vermont,2021,F_gases_AR5,295.51681686618
United States,Virginia,2021,F_gases_AR5,4661.9899344605
United States,Washington,2021,F_gases_AR5,4709.6447804885
United States,West Virginia,2021,F_gases_AR5,882.54604322919
United States,California,2021,F_gases_AR5,24595.646427369
United States,Wisconsin,2021,F_gases_AR5,5948.691432147
United States,Wyoming,2021,F_gases_AR5,412.02380044845
United States,Colorado,2021,F_gases_AR5,3568.4250406931
United States,Connecticut,2021,F_gases_AR5,1287.3273310218
United States,Delaware,2021,F_gases_AR5,645.80148773554
United States,District of Columbia,2021,F_gases_AR5,108.27305655456
United States,Alabama,2022,F_gases_AR5,4041.4050279003
United States,Florida,2022,F_gases_AR5,10319.390621098
United States,Georgia,2022,F_gases_AR5,7894.8475656946
United States,Hawaii,2022,F_gases_AR5,462.65016899373
United States,Idaho,2022,F_gases_AR5,1129.0350946429
United States,Illinois,2022,F_gases_AR5,10723.940606097
United States,Indiana,2022,F_gases_AR5,5792.2076448025
United States,Iowa,2022,F_gases_AR5,3657.7008182046
United States,Kansas,2022,F_gases_AR5,2678.4168106878
United States,Kentucky,2022,F_gases_AR5,2967.8749027023
United States,Louisiana,2022,F_gases_AR5,3616.6265897046
United States,Alaska,2022,F_gases_AR5,292.94251744924
United States,Maine,2022,F_gases_AR5,710.59804691466
United States,Maryland,2022,F_gases_AR5,3353.7566754836
United States,Massachusetts,2022,F_gases_AR5,2557.8684741341
United States,Michigan,2022,F_gases_AR5,6370.3618171639
United States,Minnesota,2022,F_gases_AR5,4134.1295224144
United States,Mississippi,2022,F_gases_AR5,2218.746317168
United States,Missouri,2022,F_gases_AR5,4337.4566734687
United States,Montana,2022,F_gases_AR5,718.94664138411
United States,Nebraska,2022,F_gases_AR5,1749.0642386495
United States,Nevada,2022,F_gases_AR5,1883.101947181
United States,Arizona,2022,F_gases_AR5,4238.1108475398
United States,New Hampshire,2022,F_gases_AR5,588.91301235998
United States,New Jersey,2022,F_gases_AR5,4804.8577224285
United States,New Mexico,2022,F_gases_AR5,1286.0928899543
United States,New York,2022,F_gases_AR5,5869.1715810356
United States,North Carolina,2022,F_gases_AR5,5714.1309616196
United States,North Dakota,2022,F_gases_AR5,1074.6057300934
United States,Ohio,2022,F_gases_AR5,8939.2366076927
United States,Oklahoma,2022,F_gases_AR5,3444.805144911
United States,Oregon,2022,F_gases_AR5,2887.9883548175
United States,Pennsylvania,2022,F_gases_AR5,6662.7377404532
United States,Arkansas,2022,F_gases_AR5,2231.668623125
United States,Rhode Island,2022,F_gases_AR5,652.99084151614
United States,South Carolina,2022,F_gases_AR5,3375.9562603532
United States,South Dakota,2022,F_gases_AR5,808.98388729136
United States,Tennessee,2022,F_gases_AR5,4807.6949923455
United States,Texas,2022,F_gases_AR5,21224.730950114
United States,Utah,2022,F_gases_AR5,1875.4333376143
United States,Vermont,2022,F_gases_AR5,303.3203815528
United States,Virginia,2022,F_gases_AR5,4785.0967694885
United States,Washington,2022,F_gases_AR5,4832.7680658559
United States,West Virginia,2022,F_gases_AR5,905.92269857435
United States,California,2022,F_gases_AR5,25240.327899366
United States,Wisconsin,2022,F_gases_AR5,6105.775549673
United States,Wyoming,2022,F_gases_AR5,422.90390674264
United States,Colorado,2022,F_gases_AR5,3662.6546548644
United States,Connecticut,2022,F_gases_AR5,1321.3211395874
United States,Delaware,2022,F_gases_AR5,662.85484441995
United States,District of Columbia,2022,F_gases_AR5,111.13216897192
United States,Alabama,2023,F_gases_AR5,4170.8647399646
United States,Florida,2023,F_gases_AR5,10634.131946909
United States,Georgia,2023,F_gases_AR5,8242.0207969067
United States,Hawaii,2023,F_gases_AR5,455.97029823076
United States,Idaho,2023,F_gases_AR5,1167.808452053
United States,Illinois,2023,F_gases_AR5,10945.854500835
United States,Indiana,2023,F_gases_AR5,5961.2388035545
United States,Iowa,2023,F_gases_AR5,3797.7121607855
United States,Kansas,2023,F_gases_AR5,2741.7815454377
United States,Kentucky,2023,F_gases_AR5,3071.0990119592
United States,Louisiana,2023,F_gases_AR5,3687.2988854335
United States,Alaska,2023,F_gases_AR5,292.83006074795
United States,Maine,2023,F_gases_AR5,721.94380835815
United States,Maryland,2023,F_gases_AR5,3436.8692369154
United States,Massachusetts,2023,F_gases_AR5,2570.6739260562
United States,Michigan,2023,F_gases_AR5,6487.7134675017
United States,Minnesota,2023,F_gases_AR5,4237.2852226436
United States,Mississippi,2023,F_gases_AR5,2306.0593843399
United States,Missouri,2023,F_gases_AR5,4433.7378446704
United States,Montana,2023,F_gases_AR5,728.18719381224
United States,Nebraska,2023,F_gases_AR5,1797.7636644874
United States,Nevada,2023,F_gases_AR5,1950.243970002
United States,Arizona,2023,F_gases_AR5,4421.0819872136
United States,New Hampshire,2023,F_gases_AR5,601.64285243987
United States,New Jersey,2023,F_gases_AR5,4910.3243447724
United States,New Mexico,2023,F_gases_AR5,1304.501306015
United States,New York,2023,F_gases_AR5,5911.2981141832
United States,North Carolina,2023,F_gases_AR5,5934.5824555317
United States,North Dakota,2023,F_gases_AR5,1096.1062029154
United States,Ohio,2023,F_gases_AR5,9171.1647176515
United States,Oklahoma,2023,F_gases_AR5,3533.58671797
United States,Oregon,2023,F_gases_AR5,2921.2249855718
United States,Pennsylvania,2023,F_gases_AR5,6818.6409270912
United States,Arkansas,2023,F_gases_AR5,2306.6236186342
United States,Rhode Island,2023,F_gases_AR5,654.08251444842
United States,South Carolina,2023,F_gases_AR5,3515.4834799284
United States,South Dakota,2023,F_gases_AR5,841.95139185448
United States,Tennessee,2023,F_gases_AR5,4957.885581179
United States,Texas,2023,F_gases_AR5,21993.301142995
United States,Utah,2023,F_gases_AR5,1931.3783315185
United States,Vermont,2023,F_gases_AR5,309.49814766337
United States,Virginia,2023,F_gases_AR5,4930.1811028023
United States,Washington,2023,F_gases_AR5,4907.5501313985
United States,West Virginia,2023,F_gases_AR5,921.36089240639
United States,California,2023,F_gases_AR5,25632.548711517
United States,Wisconsin,2023,F_gases_AR5,6302.5568278509
United States,Wyoming,2023,F_gases_AR5,431.90240467182
United States,Colorado,2023,F_gases_AR5,3779.018632193
United States,Connecticut,2023,F_gases_AR5,1334.9166217017
United States,Delaware,2023,F_gases_AR5,685.22843324386
United States,District of Columbia,2023,F_gases_AR5,110.04203102216
